time=2026-05-18T15:58:45.427+02:00 level=DEBUG msg="Pripájam sa k databáze..."
time=2026-05-18T15:58:45.431+02:00 level=DEBUG msg="Používam databázu" path=/home/vbox/Downloads/ScanEvalApp-WithCsv/database/scan-eval-db.db
time=2026-05-18T15:58:45.435+02:00 level=DEBUG msg="Spúšťam migrácie..."
time=2026-05-18T15:58:45.437+02:00 level=INFO msg="Migrácia databázy úspešne dokončená"
time=2026-05-18T15:59:39.143+02:00 level=DEBUG msg="Vytváranie testu" test=asd cas=2025/26
time=2026-05-18T15:59:39.196+02:00 level=DEBUG msg="Hľadanie testu" "ID testu"=10
time=2026-05-18T15:59:39.198+02:00 level=DEBUG msg="Test bol nájdený" test=asd year=2025/26
time=2026-05-18T15:59:39.198+02:00 level=INFO msg="Import študentov z CSV dokončený" studentCount=-1
time=2026-05-18T16:04:09.893+02:00 level=DEBUG msg="Vytváranie testu" test=asddddd cas=2025/26
time=2026-05-18T16:04:09.907+02:00 level=DEBUG msg="Hľadanie testu" "ID testu"=11
time=2026-05-18T16:04:09.907+02:00 level=DEBUG msg="Test bol nájdený" test=asddddd year=2025/26
time=2026-05-18T16:04:09.907+02:00 level=INFO msg="Import študentov z CSV dokončený" studentCount=-1
time=2026-05-18T16:15:17.823+02:00 level=DEBUG msg="Pripájam sa k databáze..."
time=2026-05-18T16:15:17.824+02:00 level=DEBUG msg="Používam databázu" path=/home/vbox/Downloads/ScanEvalApp-WithCsv/database/scan-eval-db.db
time=2026-05-18T16:15:17.826+02:00 level=DEBUG msg="Spúšťam migrácie..."
time=2026-05-18T16:15:17.845+02:00 level=INFO msg="Migrácia databázy úspešne dokončená"
time=2026-05-18T16:16:08.237+02:00 level=DEBUG msg="Vytváranie testu" test=prij cas=2025/26
time=2026-05-18T16:16:08.329+02:00 level=DEBUG msg="Hľadanie testu" "ID testu"=12
time=2026-05-18T16:16:08.329+02:00 level=DEBUG msg="Test bol nájdený" test=prij year=2025/26
time=2026-05-18T16:16:08.330+02:00 level=DEBUG msg="Hľadanie študenta" "registration number"=743728 "exam ID"=12
time=2026-05-18T16:16:08.333+02:00 level=DEBUG msg="Študent nebol nájdený" "student registration number"=743728 exam_id=12
time=2026-05-18T16:16:08.333+02:00 level=DEBUG msg="Vytváranie študenta" name=Matúš surname=Adamec "registration number"=743728
time=2026-05-18T16:16:08.344+02:00 level=DEBUG msg="Hľadanie študenta" "registration number"=1005728 "exam ID"=12
time=2026-05-18T16:16:08.344+02:00 level=DEBUG msg="Študent nebol nájdený" "student registration number"=1005728 exam_id=12
time=2026-05-18T16:16:08.344+02:00 level=DEBUG msg="Vytváranie študenta" name=Tomáš surname=Adamec "registration number"=1005728
time=2026-05-18T16:16:08.354+02:00 level=DEBUG msg="Hľadanie študenta" "registration number"=217728 "exam ID"=12
time=2026-05-18T16:16:08.354+02:00 level=DEBUG msg="Študent nebol nájdený" "student registration number"=217728 exam_id=12
time=2026-05-18T16:16:08.354+02:00 level=DEBUG msg="Vytváranie študenta" name=Daria surname=Adamovych "registration number"=217728
time=2026-05-18T16:16:08.363+02:00 level=DEBUG msg="Hľadanie študenta" "registration number"=1728 "exam ID"=12
time=2026-05-18T16:16:08.363+02:00 level=DEBUG msg="Študent nebol nájdený" "student registration number"=1728 exam_id=12
time=2026-05-18T16:16:08.363+02:00 level=DEBUG msg="Vytváranie študenta" name=Maksym surname=Afanasiev "registration number"=1728
time=2026-05-18T16:16:08.371+02:00 level=DEBUG msg="Hľadanie študenta" "registration number"=1082728 "exam ID"=12
time=2026-05-18T16:16:08.371+02:00 level=DEBUG msg="Študent nebol nájdený" "student registration number"=1082728 exam_id=12
time=2026-05-18T16:16:08.371+02:00 level=DEBUG msg="Vytváranie študenta" name=Maksym surname=Ahafonov "registration number"=1082728
time=2026-05-18T16:16:08.403+02:00 level=DEBUG msg="Hľadanie študenta" "registration number"=682728 "exam ID"=12
time=2026-05-18T16:16:08.403+02:00 level=DEBUG msg="Študent nebol nájdený" "student registration number"=682728 exam_id=12
time=2026-05-18T16:16:08.403+02:00 level=DEBUG msg="Vytváranie študenta" name=Alina surname=Akhmetova "registration number"=682728
time=2026-05-18T16:16:08.419+02:00 level=DEBUG msg="Hľadanie študenta" "registration number"=744728 "exam ID"=12
time=2026-05-18T16:16:08.420+02:00 level=DEBUG msg="Študent nebol nájdený" "student registration number"=744728 exam_id=12
time=2026-05-18T16:16:08.420+02:00 level=DEBUG msg="Vytváranie študenta" name=Rand surname=Alali "registration number"=744728
time=2026-05-18T16:16:08.452+02:00 level=DEBUG msg="Hľadanie študenta" "registration number"=1006728 "exam ID"=12
time=2026-05-18T16:16:08.505+02:00 level=DEBUG msg="Študent nebol nájdený" "student registration number"=1006728 exam_id=12
time=2026-05-18T16:16:08.505+02:00 level=DEBUG msg="Vytváranie študenta" name=Szilárd surname=Angyal "registration number"=1006728
time=2026-05-18T16:16:08.525+02:00 level=DEBUG msg="Hľadanie študenta" "registration number"=2728 "exam ID"=12
time=2026-05-18T16:16:08.526+02:00 level=DEBUG msg="Študent nebol nájdený" "student registration number"=2728 exam_id=12
time=2026-05-18T16:16:08.526+02:00 level=DEBUG msg="Vytváranie študenta" name=Yaroslav surname=Apolonin "registration number"=2728
time=2026-05-18T16:16:08.536+02:00 level=DEBUG msg="Hľadanie študenta" "registration number"=3728 "exam ID"=12
time=2026-05-18T16:16:08.536+02:00 level=DEBUG msg="Študent nebol nájdený" "student registration number"=3728 exam_id=12
time=2026-05-18T16:16:08.536+02:00 level=DEBUG msg="Vytváranie študenta" name=Alica surname=Arendáčová "registration number"=3728
time=2026-05-18T16:16:08.544+02:00 level=DEBUG msg="Hľadanie študenta" "registration number"=5728 "exam ID"=12
time=2026-05-18T16:16:08.544+02:00 level=DEBUG msg="Študent nebol nájdený" "student registration number"=5728 exam_id=12
time=2026-05-18T16:16:08.544+02:00 level=DEBUG msg="Vytváranie študenta" name=Alexander surname=Assad "registration number"=5728
time=2026-05-18T16:16:08.553+02:00 level=DEBUG msg="Hľadanie študenta" "registration number"=683728 "exam ID"=12
time=2026-05-18T16:16:08.553+02:00 level=DEBUG msg="Študent nebol nájdený" "student registration number"=683728 exam_id=12
time=2026-05-18T16:16:08.553+02:00 level=DEBUG msg="Vytváranie študenta" name=Oliver surname=Aufricht "registration number"=683728
time=2026-05-18T16:16:08.563+02:00 level=DEBUG msg="Hľadanie študenta" "registration number"=807728 "exam ID"=12
time=2026-05-18T16:16:08.563+02:00 level=DEBUG msg="Študent nebol nájdený" "student registration number"=807728 exam_id=12
time=2026-05-18T16:16:08.563+02:00 level=DEBUG msg="Vytváranie študenta" name=Alexander surname=Augustín "registration number"=807728
time=2026-05-18T16:16:08.571+02:00 level=DEBUG msg="Hľadanie študenta" "registration number"=6728 "exam ID"=12
time=2026-05-18T16:16:08.571+02:00 level=DEBUG msg="Študent nebol nájdený" "student registration number"=6728 exam_id=12
time=2026-05-18T16:16:08.571+02:00 level=DEBUG msg="Vytváranie študenta" name=Aris surname=Avgoustis "registration number"=6728
time=2026-05-18T16:16:08.580+02:00 level=DEBUG msg="Hľadanie študenta" "registration number"=1386728 "exam ID"=12
time=2026-05-18T16:16:08.581+02:00 level=DEBUG msg="Študent nebol nájdený" "student registration number"=1386728 exam_id=12
time=2026-05-18T16:16:08.581+02:00 level=DEBUG msg="Vytváranie študenta" name=Marek surname=Ažaltovič "registration number"=1386728
time=2026-05-18T16:16:08.605+02:00 level=DEBUG msg="Hľadanie študenta" "registration number"=1083728 "exam ID"=12
time=2026-05-18T16:16:08.605+02:00 level=DEBUG msg="Študent nebol nájdený" "student registration number"=1083728 exam_id=12
time=2026-05-18T16:16:08.605+02:00 level=DEBUG msg="Vytváranie študenta" name=Martin surname=Babala "registration number"=1083728
time=2026-05-18T16:16:08.614+02:00 level=DEBUG msg="Hľadanie študenta" "registration number"=1007728 "exam ID"=12
time=2026-05-18T16:16:08.614+02:00 level=DEBUG msg="Študent nebol nájdený" "student registration number"=1007728 exam_id=12
time=2026-05-18T16:16:08.614+02:00 level=DEBUG msg="Vytváranie študenta" name=Michal surname=Babala "registration number"=1007728
time=2026-05-18T16:16:08.622+02:00 level=DEBUG msg="Hľadanie študenta" "registration number"=808728 "exam ID"=12
time=2026-05-18T16:16:08.622+02:00 level=DEBUG msg="Študent nebol nájdený" "student registration number"=808728 exam_id=12
time=2026-05-18T16:16:08.622+02:00 level=DEBUG msg="Vytváranie študenta" name=Simon surname=Babčan "registration number"=808728
time=2026-05-18T16:16:08.629+02:00 level=DEBUG msg="Hľadanie študenta" "registration number"=7728 "exam ID"=12
time=2026-05-18T16:16:08.630+02:00 level=DEBUG msg="Študent nebol nájdený" "student registration number"=7728 exam_id=12
time=2026-05-18T16:16:08.630+02:00 level=DEBUG msg="Vytváranie študenta" name=Matej surname=Babic "registration number"=7728
time=2026-05-18T16:16:08.637+02:00 level=DEBUG msg="Hľadanie študenta" "registration number"=1084728 "exam ID"=12
time=2026-05-18T16:16:08.638+02:00 level=DEBUG msg="Študent nebol nájdený" "student registration number"=1084728 exam_id=12
time=2026-05-18T16:16:08.638+02:00 level=DEBUG msg="Vytváranie študenta" name=Martin surname=Bagin "registration number"=1084728
time=2026-05-18T16:16:08.646+02:00 level=DEBUG msg="Hľadanie študenta" "registration number"=745728 "exam ID"=12
time=2026-05-18T16:16:08.646+02:00 level=DEBUG msg="Študent nebol nájdený" "student registration number"=745728 exam_id=12
time=2026-05-18T16:16:08.646+02:00 level=DEBUG msg="Vytváranie študenta" name=Gréta surname=Bahnová "registration number"=745728
time=2026-05-18T16:16:08.654+02:00 level=DEBUG msg="Hľadanie študenta" "registration number"=449728 "exam ID"=12
time=2026-05-18T16:16:08.654+02:00 level=DEBUG msg="Študent nebol nájdený" "student registration number"=449728 exam_id=12
time=2026-05-18T16:16:08.654+02:00 level=DEBUG msg="Vytváranie študenta" name=Matej surname=Bajla "registration number"=449728
time=2026-05-18T16:16:08.662+02:00 level=DEBUG msg="Hľadanie študenta" "registration number"=8728 "exam ID"=12
time=2026-05-18T16:16:08.663+02:00 level=DEBUG msg="Študent nebol nájdený" "student registration number"=8728 exam_id=12
time=2026-05-18T16:16:08.663+02:00 level=DEBUG msg="Vytváranie študenta" name=Matúš surname=Bakoš "registration number"=8728
time=2026-05-18T16:16:08.672+02:00 level=DEBUG msg="Hľadanie študenta" "registration number"=514728 "exam ID"=12
time=2026-05-18T16:16:08.672+02:00 level=DEBUG msg="Študent nebol nájdený" "student registration number"=514728 exam_id=12
time=2026-05-18T16:16:08.672+02:00 level=DEBUG msg="Vytváranie študenta" name=Richard surname=Balara "registration number"=514728
time=2026-05-18T16:16:08.681+02:00 level=DEBUG msg="Hľadanie študenta" "registration number"=684728 "exam ID"=12
time=2026-05-18T16:16:08.681+02:00 level=DEBUG msg="Študent nebol nájdený" "student registration number"=684728 exam_id=12
time=2026-05-18T16:16:08.681+02:00 level=DEBUG msg="Vytváranie študenta" name=Ivan surname=Balta "registration number"=684728
time=2026-05-18T16:16:08.689+02:00 level=DEBUG msg="Hľadanie študenta" "registration number"=614728 "exam ID"=12
time=2026-05-18T16:16:08.689+02:00 level=DEBUG msg="Študent nebol nájdený" "student registration number"=614728 exam_id=12
time=2026-05-18T16:16:08.689+02:00 level=DEBUG msg="Vytváranie študenta" name=Nazar surname=Baraban "registration number"=614728
time=2026-05-18T16:16:08.699+02:00 level=DEBUG msg="Hľadanie študenta" "registration number"=1008728 "exam ID"=12
time=2026-05-18T16:16:08.699+02:00 level=DEBUG msg="Študent nebol nájdený" "student registration number"=1008728 exam_id=12
time=2026-05-18T16:16:08.699+02:00 level=DEBUG msg="Vytváranie študenta" name=Sebastián surname=Baránek "registration number"=1008728
time=2026-05-18T16:16:08.708+02:00 level=DEBUG msg="Hľadanie študenta" "registration number"=136728 "exam ID"=12
time=2026-05-18T16:16:08.709+02:00 level=DEBUG msg="Študent nebol nájdený" "student registration number"=136728 exam_id=12
time=2026-05-18T16:16:08.709+02:00 level=DEBUG msg="Vytváranie študenta" name=Martin surname=Baraník "registration number"=136728
time=2026-05-18T16:16:08.717+02:00 level=DEBUG msg="Hľadanie študenta" "registration number"=746728 "exam ID"=12
time=2026-05-18T16:16:08.717+02:00 level=DEBUG msg="Študent nebol nájdený" "student registration number"=746728 exam_id=12
time=2026-05-18T16:16:08.717+02:00 level=DEBUG msg="Vytváranie študenta" name=Nino surname=Barát "registration number"=746728
time=2026-05-18T16:16:08.727+02:00 level=DEBUG msg="Hľadanie študenta" "registration number"=9728 "exam ID"=12
time=2026-05-18T16:16:08.730+02:00 level=DEBUG msg="Študent nebol nájdený" "student registration number"=9728 exam_id=12
time=2026-05-18T16:16:08.730+02:00 level=DEBUG msg="Vytváranie študenta" name=Daniela surname=Bárczyová "registration number"=9728
time=2026-05-18T16:16:08.752+02:00 level=DEBUG msg="Hľadanie študenta" "registration number"=685728 "exam ID"=12
time=2026-05-18T16:16:08.753+02:00 level=DEBUG msg="Študent nebol nájdený" "student registration number"=685728 exam_id=12
time=2026-05-18T16:16:08.753+02:00 level=DEBUG msg="Vytváranie študenta" name=Robert surname=Barok "registration number"=685728
time=2026-05-18T16:16:08.768+02:00 level=DEBUG msg="Hľadanie študenta" "registration number"=747728 "exam ID"=12
time=2026-05-18T16:16:08.771+02:00 level=DEBUG msg="Študent nebol nájdený" "student registration number"=747728 exam_id=12
time=2026-05-18T16:16:08.772+02:00 level=DEBUG msg="Vytváranie študenta" name=Patrik surname=Baroš "registration number"=747728
time=2026-05-18T16:16:08.794+02:00 level=DEBUG msg="Hľadanie študenta" "registration number"=218728 "exam ID"=12
time=2026-05-18T16:16:08.795+02:00 level=DEBUG msg="Študent nebol nájdený" "student registration number"=218728 exam_id=12
time=2026-05-18T16:16:08.795+02:00 level=DEBUG msg="Vytváranie študenta" name=Patrik surname=Baroš "registration number"=218728
time=2026-05-18T16:16:08.809+02:00 level=DEBUG msg="Hľadanie študenta" "registration number"=1243728 "exam ID"=12
time=2026-05-18T16:16:08.810+02:00 level=DEBUG msg="Študent nebol nájdený" "student registration number"=1243728 exam_id=12
time=2026-05-18T16:16:08.810+02:00 level=DEBUG msg="Vytváranie študenta" name=Martin surname=Bartko "registration number"=1243728
time=2026-05-18T16:16:08.824+02:00 level=DEBUG msg="Hľadanie študenta" "registration number"=1085728 "exam ID"=12
time=2026-05-18T16:16:08.827+02:00 level=DEBUG msg="Študent nebol nájdený" "student registration number"=1085728 exam_id=12
time=2026-05-18T16:16:08.827+02:00 level=DEBUG msg="Vytváranie študenta" name=Gabriel surname=Baška "registration number"=1085728
time=2026-05-18T16:16:08.838+02:00 level=DEBUG msg="Hľadanie študenta" "registration number"=564728 "exam ID"=12
time=2026-05-18T16:16:08.839+02:00 level=DEBUG msg="Študent nebol nájdený" "student registration number"=564728 exam_id=12
time=2026-05-18T16:16:08.839+02:00 level=DEBUG msg="Vytváranie študenta" name=Nikita surname=Belousov "registration number"=564728
time=2026-05-18T16:16:08.853+02:00 level=DEBUG msg="Hľadanie študenta" "registration number"=179728 "exam ID"=12
time=2026-05-18T16:16:08.853+02:00 level=DEBUG msg="Študent nebol nájdený" "student registration number"=179728 exam_id=12
time=2026-05-18T16:16:08.853+02:00 level=DEBUG msg="Vytváranie študenta" name=Kristián surname=Benč "registration number"=179728
time=2026-05-18T16:16:08.870+02:00 level=DEBUG msg="Hľadanie študenta" "registration number"=1086728 "exam ID"=12
time=2026-05-18T16:16:08.877+02:00 level=DEBUG msg="Študent nebol nájdený" "student registration number"=1086728 exam_id=12
time=2026-05-18T16:16:08.877+02:00 level=DEBUG msg="Vytváranie študenta" name=Mathias surname=Bergmann "registration number"=1086728
time=2026-05-18T16:16:08.898+02:00 level=DEBUG msg="Hľadanie študenta" "registration number"=1009728 "exam ID"=12
time=2026-05-18T16:16:08.899+02:00 level=DEBUG msg="Študent nebol nájdený" "student registration number"=1009728 exam_id=12
time=2026-05-18T16:16:08.899+02:00 level=DEBUG msg="Vytváranie študenta" name=Anton surname=Berko "registration number"=1009728
time=2026-05-18T16:16:08.912+02:00 level=DEBUG msg="Hľadanie študenta" "registration number"=401728 "exam ID"=12
time=2026-05-18T16:16:08.912+02:00 level=DEBUG msg="Študent nebol nájdený" "student registration number"=401728 exam_id=12
time=2026-05-18T16:16:08.912+02:00 level=DEBUG msg="Vytváranie študenta" name=Adam surname=Bezák "registration number"=401728
time=2026-05-18T16:16:08.926+02:00 level=DEBUG msg="Hľadanie študenta" "registration number"=180728 "exam ID"=12
time=2026-05-18T16:16:08.926+02:00 level=DEBUG msg="Študent nebol nájdený" "student registration number"=180728 exam_id=12
time=2026-05-18T16:16:08.926+02:00 level=DEBUG msg="Vytváranie študenta" name=Marek surname=Bičár "registration number"=180728
time=2026-05-18T16:16:08.941+02:00 level=DEBUG msg="Hľadanie študenta" "registration number"=219728 "exam ID"=12
time=2026-05-18T16:16:08.942+02:00 level=DEBUG msg="Študent nebol nájdený" "student registration number"=219728 exam_id=12
time=2026-05-18T16:16:08.942+02:00 level=DEBUG msg="Vytváranie študenta" name=Samuel surname=Bičkay "registration number"=219728
time=2026-05-18T16:16:08.954+02:00 level=DEBUG msg="Hľadanie študenta" "registration number"=809728 "exam ID"=12
time=2026-05-18T16:16:08.954+02:00 level=DEBUG msg="Študent nebol nájdený" "student registration number"=809728 exam_id=12
time=2026-05-18T16:16:08.954+02:00 level=DEBUG msg="Vytváranie študenta" name=Sebastián surname=Bláha "registration number"=809728
time=2026-05-18T16:16:08.963+02:00 level=DEBUG msg="Hľadanie študenta" "registration number"=1010728 "exam ID"=12
time=2026-05-18T16:16:08.964+02:00 level=DEBUG msg="Študent nebol nájdený" "student registration number"=1010728 exam_id=12
time=2026-05-18T16:16:08.964+02:00 level=DEBUG msg="Vytváranie študenta" name=Mykyta surname=Bodnar "registration number"=1010728
time=2026-05-18T16:16:08.975+02:00 level=DEBUG msg="Hľadanie študenta" "registration number"=810728 "exam ID"=12
time=2026-05-18T16:16:08.975+02:00 level=DEBUG msg="Študent nebol nájdený" "student registration number"=810728 exam_id=12
time=2026-05-18T16:16:08.975+02:00 level=DEBUG msg="Vytváranie študenta" name=Matej surname=Boďo "registration number"=810728
time=2026-05-18T16:16:08.985+02:00 level=DEBUG msg="Hľadanie študenta" "registration number"=452728 "exam ID"=12
time=2026-05-18T16:16:08.986+02:00 level=DEBUG msg="Študent nebol nájdený" "student registration number"=452728 exam_id=12
time=2026-05-18T16:16:08.986+02:00 level=DEBUG msg="Vytváranie študenta" name=Daniel surname=Boháč "registration number"=452728
time=2026-05-18T16:16:08.995+02:00 level=DEBUG msg="Hľadanie študenta" "registration number"=1245728 "exam ID"=12
time=2026-05-18T16:16:08.996+02:00 level=DEBUG msg="Študent nebol nájdený" "student registration number"=1245728 exam_id=12
time=2026-05-18T16:16:08.996+02:00 level=DEBUG msg="Vytváranie študenta" name=Daniel surname=Boháček "registration number"=1245728
time=2026-05-18T16:16:09.006+02:00 level=DEBUG msg="Hľadanie študenta" "registration number"=10728 "exam ID"=12
time=2026-05-18T16:16:09.007+02:00 level=DEBUG msg="Študent nebol nájdený" "student registration number"=10728 exam_id=12
time=2026-05-18T16:16:09.007+02:00 level=DEBUG msg="Vytváranie študenta" name=Artur surname=Boiko "registration number"=10728
time=2026-05-18T16:16:09.016+02:00 level=DEBUG msg="Hľadanie študenta" "registration number"=358728 "exam ID"=12
time=2026-05-18T16:16:09.016+02:00 level=DEBUG msg="Študent nebol nájdený" "student registration number"=358728 exam_id=12
time=2026-05-18T16:16:09.016+02:00 level=DEBUG msg="Vytváranie študenta" name=Andrej surname=Bojczún "registration number"=358728
time=2026-05-18T16:16:09.024+02:00 level=DEBUG msg="Hľadanie študenta" "registration number"=565728 "exam ID"=12
time=2026-05-18T16:16:09.024+02:00 level=DEBUG msg="Študent nebol nájdený" "student registration number"=565728 exam_id=12
time=2026-05-18T16:16:09.024+02:00 level=DEBUG msg="Vytváranie študenta" name="Pavol Martin" surname=Boleček "registration number"=565728
time=2026-05-18T16:16:09.033+02:00 level=DEBUG msg="Hľadanie študenta" "registration number"=138728 "exam ID"=12
time=2026-05-18T16:16:09.033+02:00 level=DEBUG msg="Študent nebol nájdený" "student registration number"=138728 exam_id=12
time=2026-05-18T16:16:09.033+02:00 level=DEBUG msg="Vytváranie študenta" name="Marius Sebastian" surname=Borisov "registration number"=138728
time=2026-05-18T16:16:09.042+02:00 level=DEBUG msg="Hľadanie študenta" "registration number"=932728 "exam ID"=12
time=2026-05-18T16:16:09.042+02:00 level=DEBUG msg="Študent nebol nájdený" "student registration number"=932728 exam_id=12
time=2026-05-18T16:16:09.042+02:00 level=DEBUG msg="Vytváranie študenta" name=Alexandra surname=Borovičková "registration number"=932728
time=2026-05-18T16:16:09.050+02:00 level=DEBUG msg="Hľadanie študenta" "registration number"=811728 "exam ID"=12
time=2026-05-18T16:16:09.051+02:00 level=DEBUG msg="Študent nebol nájdený" "student registration number"=811728 exam_id=12
time=2026-05-18T16:16:09.051+02:00 level=DEBUG msg="Vytváranie študenta" name=Andrii surname=Boyko "registration number"=811728
time=2026-05-18T16:16:09.059+02:00 level=DEBUG msg="Hľadanie študenta" "registration number"=11728 "exam ID"=12
time=2026-05-18T16:16:09.060+02:00 level=DEBUG msg="Študent nebol nájdený" "student registration number"=11728 exam_id=12
time=2026-05-18T16:16:09.060+02:00 level=DEBUG msg="Vytváranie študenta" name=Denis surname=Bučko "registration number"=11728
time=2026-05-18T16:16:09.068+02:00 level=DEBUG msg="Hľadanie študenta" "registration number"=139728 "exam ID"=12
time=2026-05-18T16:16:09.069+02:00 level=DEBUG msg="Študent nebol nájdený" "student registration number"=139728 exam_id=12
time=2026-05-18T16:16:09.069+02:00 level=DEBUG msg="Vytváranie študenta" name=Samuel surname=Bugoš "registration number"=139728
time=2026-05-18T16:16:09.078+02:00 level=DEBUG msg="Hľadanie študenta" "registration number"=1011728 "exam ID"=12
time=2026-05-18T16:16:09.078+02:00 level=DEBUG msg="Študent nebol nájdený" "student registration number"=1011728 exam_id=12
time=2026-05-18T16:16:09.078+02:00 level=DEBUG msg="Vytváranie študenta" name="Viet Anh" surname="Bui Anh" "registration number"=1011728
time=2026-05-18T16:16:09.086+02:00 level=DEBUG msg="Hľadanie študenta" "registration number"=12728 "exam ID"=12
time=2026-05-18T16:16:09.086+02:00 level=DEBUG msg="Študent nebol nájdený" "student registration number"=12728 exam_id=12
time=2026-05-18T16:16:09.086+02:00 level=DEBUG msg="Vytváranie študenta" name=Oleksii surname=Buinytskyi "registration number"=12728
time=2026-05-18T16:16:09.095+02:00 level=DEBUG msg="Hľadanie študenta" "registration number"=566728 "exam ID"=12
time=2026-05-18T16:16:09.095+02:00 level=DEBUG msg="Študent nebol nájdený" "student registration number"=566728 exam_id=12
time=2026-05-18T16:16:09.095+02:00 level=DEBUG msg="Vytváranie študenta" name=Maksym surname=Bulat "registration number"=566728
time=2026-05-18T16:16:09.104+02:00 level=DEBUG msg="Hľadanie študenta" "registration number"=1014728 "exam ID"=12
time=2026-05-18T16:16:09.104+02:00 level=DEBUG msg="Študent nebol nájdený" "student registration number"=1014728 exam_id=12
time=2026-05-18T16:16:09.104+02:00 level=DEBUG msg="Vytváranie študenta" name=Ivan surname=Cabaj "registration number"=1014728
time=2026-05-18T16:16:09.112+02:00 level=DEBUG msg="Hľadanie študenta" "registration number"=1246728 "exam ID"=12
time=2026-05-18T16:16:09.113+02:00 level=DEBUG msg="Študent nebol nájdený" "student registration number"=1246728 exam_id=12
time=2026-05-18T16:16:09.113+02:00 level=DEBUG msg="Vytváranie študenta" name=Matúš surname=Cesnak "registration number"=1246728
time=2026-05-18T16:16:09.121+02:00 level=DEBUG msg="Hľadanie študenta" "registration number"=567728 "exam ID"=12
time=2026-05-18T16:16:09.121+02:00 level=DEBUG msg="Študent nebol nájdený" "student registration number"=567728 exam_id=12
time=2026-05-18T16:16:09.121+02:00 level=DEBUG msg="Vytváranie študenta" name=Berat surname=Cinaroglu "registration number"=567728
time=2026-05-18T16:16:09.130+02:00 level=DEBUG msg="Hľadanie študenta" "registration number"=933728 "exam ID"=12
time=2026-05-18T16:16:09.131+02:00 level=DEBUG msg="Študent nebol nájdený" "student registration number"=933728 exam_id=12
time=2026-05-18T16:16:09.131+02:00 level=DEBUG msg="Vytváranie študenta" name=Samuel surname=Čambálik "registration number"=933728
time=2026-05-18T16:16:09.139+02:00 level=DEBUG msg="Hľadanie študenta" "registration number"=1247728 "exam ID"=12
time=2026-05-18T16:16:09.140+02:00 level=DEBUG msg="Študent nebol nájdený" "student registration number"=1247728 exam_id=12
time=2026-05-18T16:16:09.140+02:00 level=DEBUG msg="Vytváranie študenta" name=Martin surname=Čapkovič "registration number"=1247728
time=2026-05-18T16:16:09.148+02:00 level=DEBUG msg="Hľadanie študenta" "registration number"=1016728 "exam ID"=12
time=2026-05-18T16:16:09.148+02:00 level=DEBUG msg="Študent nebol nájdený" "student registration number"=1016728 exam_id=12
time=2026-05-18T16:16:09.148+02:00 level=DEBUG msg="Vytváranie študenta" name=Matúš surname=Čiernik "registration number"=1016728
time=2026-05-18T16:16:09.156+02:00 level=DEBUG msg="Hľadanie študenta" "registration number"=13728 "exam ID"=12
time=2026-05-18T16:16:09.157+02:00 level=DEBUG msg="Študent nebol nájdený" "student registration number"=13728 exam_id=12
time=2026-05-18T16:16:09.157+02:00 level=DEBUG msg="Vytváranie študenta" name=Maxim surname=Čokina "registration number"=13728
time=2026-05-18T16:16:09.166+02:00 level=DEBUG msg="Hľadanie študenta" "registration number"=1017728 "exam ID"=12
time=2026-05-18T16:16:09.166+02:00 level=DEBUG msg="Študent nebol nájdený" "student registration number"=1017728 exam_id=12
time=2026-05-18T16:16:09.166+02:00 level=DEBUG msg="Vytváranie študenta" name=Dominik surname=Čurgó "registration number"=1017728
time=2026-05-18T16:16:09.175+02:00 level=DEBUG msg="Hľadanie študenta" "registration number"=14728 "exam ID"=12
time=2026-05-18T16:16:09.176+02:00 level=DEBUG msg="Študent nebol nájdený" "student registration number"=14728 exam_id=12
time=2026-05-18T16:16:09.176+02:00 level=DEBUG msg="Vytváranie študenta" name=Sinem surname=Dalgac "registration number"=14728
time=2026-05-18T16:16:09.184+02:00 level=DEBUG msg="Hľadanie študenta" "registration number"=15728 "exam ID"=12
time=2026-05-18T16:16:09.185+02:00 level=DEBUG msg="Študent nebol nájdený" "student registration number"=15728 exam_id=12
time=2026-05-18T16:16:09.185+02:00 level=DEBUG msg="Vytváranie študenta" name=Sudenaz surname=Dalgac "registration number"=15728
time=2026-05-18T16:16:09.193+02:00 level=DEBUG msg="Hľadanie študenta" "registration number"=569728 "exam ID"=12
time=2026-05-18T16:16:09.193+02:00 level=DEBUG msg="Študent nebol nájdený" "student registration number"=569728 exam_id=12
time=2026-05-18T16:16:09.193+02:00 level=DEBUG msg="Vytváranie študenta" name=Radovan surname=Danács "registration number"=569728
time=2026-05-18T16:16:09.202+02:00 level=DEBUG msg="Hľadanie študenta" "registration number"=16728 "exam ID"=12
time=2026-05-18T16:16:09.202+02:00 level=DEBUG msg="Študent nebol nájdený" "student registration number"=16728 exam_id=12
time=2026-05-18T16:16:09.202+02:00 level=DEBUG msg="Vytváranie študenta" name=Andrej surname=Dančo "registration number"=16728
time=2026-05-18T16:16:09.210+02:00 level=DEBUG msg="Hľadanie študenta" "registration number"=1089728 "exam ID"=12
time=2026-05-18T16:16:09.210+02:00 level=DEBUG msg="Študent nebol nájdený" "student registration number"=1089728 exam_id=12
time=2026-05-18T16:16:09.210+02:00 level=DEBUG msg="Vytváranie študenta" name=Oskar surname=Ďanovský "registration number"=1089728
time=2026-05-18T16:16:09.218+02:00 level=DEBUG msg="Hľadanie študenta" "registration number"=998728 "exam ID"=12
time=2026-05-18T16:16:09.219+02:00 level=DEBUG msg="Študent nebol nájdený" "student registration number"=998728 exam_id=12
time=2026-05-18T16:16:09.219+02:00 level=DEBUG msg="Vytváranie študenta" name=Yehor surname=Danylenko "registration number"=998728
time=2026-05-18T16:16:09.228+02:00 level=DEBUG msg="Hľadanie študenta" "registration number"=17728 "exam ID"=12
time=2026-05-18T16:16:09.228+02:00 level=DEBUG msg="Študent nebol nájdený" "student registration number"=17728 exam_id=12
time=2026-05-18T16:16:09.228+02:00 level=DEBUG msg="Vytváranie študenta" name=Peter surname=Debnár "registration number"=17728
time=2026-05-18T16:16:09.237+02:00 level=DEBUG msg="Hľadanie študenta" "registration number"=359728 "exam ID"=12
time=2026-05-18T16:16:09.238+02:00 level=DEBUG msg="Študent nebol nájdený" "student registration number"=359728 exam_id=12
time=2026-05-18T16:16:09.238+02:00 level=DEBUG msg="Vytváranie študenta" name=Yevhenii surname=Demianchuk "registration number"=359728
time=2026-05-18T16:16:09.246+02:00 level=DEBUG msg="Hľadanie študenta" "registration number"=687728 "exam ID"=12
time=2026-05-18T16:16:09.246+02:00 level=DEBUG msg="Študent nebol nájdený" "student registration number"=687728 exam_id=12
time=2026-05-18T16:16:09.246+02:00 level=DEBUG msg="Vytváranie študenta" name=Oleksii surname=Demydchenko "registration number"=687728
time=2026-05-18T16:16:09.255+02:00 level=DEBUG msg="Hľadanie študenta" "registration number"=18728 "exam ID"=12
time=2026-05-18T16:16:09.255+02:00 level=DEBUG msg="Študent nebol nájdený" "student registration number"=18728 exam_id=12
time=2026-05-18T16:16:09.255+02:00 level=DEBUG msg="Vytváranie študenta" name=Myroslav surname=Derbak "registration number"=18728
time=2026-05-18T16:16:09.264+02:00 level=DEBUG msg="Hľadanie študenta" "registration number"=141728 "exam ID"=12
time=2026-05-18T16:16:09.264+02:00 level=DEBUG msg="Študent nebol nájdený" "student registration number"=141728 exam_id=12
time=2026-05-18T16:16:09.264+02:00 level=DEBUG msg="Vytváranie študenta" name=Oleksandr surname=Derkach "registration number"=141728
time=2026-05-18T16:16:09.273+02:00 level=DEBUG msg="Hľadanie študenta" "registration number"=19728 "exam ID"=12
time=2026-05-18T16:16:09.273+02:00 level=DEBUG msg="Študent nebol nájdený" "student registration number"=19728 exam_id=12
time=2026-05-18T16:16:09.273+02:00 level=DEBUG msg="Vytváranie študenta" name=Oleksii surname=Didenko "registration number"=19728
time=2026-05-18T16:16:09.281+02:00 level=DEBUG msg="Hľadanie študenta" "registration number"=1018728 "exam ID"=12
time=2026-05-18T16:16:09.282+02:00 level=DEBUG msg="Študent nebol nájdený" "student registration number"=1018728 exam_id=12
time=2026-05-18T16:16:09.282+02:00 level=DEBUG msg="Vytváranie študenta" name=Adam surname=Dobrovolský "registration number"=1018728
time=2026-05-18T16:16:09.290+02:00 level=DEBUG msg="Hľadanie študenta" "registration number"=20728 "exam ID"=12
time=2026-05-18T16:16:09.290+02:00 level=DEBUG msg="Študent nebol nájdený" "student registration number"=20728 exam_id=12
time=2026-05-18T16:16:09.290+02:00 level=DEBUG msg="Vytváranie študenta" name=Mykyta surname=Dobrovolskyi "registration number"=20728
time=2026-05-18T16:16:09.301+02:00 level=DEBUG msg="Hľadanie študenta" "registration number"=814728 "exam ID"=12
time=2026-05-18T16:16:09.301+02:00 level=DEBUG msg="Študent nebol nájdený" "student registration number"=814728 exam_id=12
time=2026-05-18T16:16:09.301+02:00 level=DEBUG msg="Vytváranie študenta" name=Richard surname=Drinka "registration number"=814728
time=2026-05-18T16:16:09.310+02:00 level=DEBUG msg="Hľadanie študenta" "registration number"=1249728 "exam ID"=12
time=2026-05-18T16:16:09.310+02:00 level=DEBUG msg="Študent nebol nájdený" "student registration number"=1249728 exam_id=12
time=2026-05-18T16:16:09.310+02:00 level=DEBUG msg="Vytváranie študenta" name=Dávid surname=Druska "registration number"=1249728
time=2026-05-18T16:16:09.319+02:00 level=DEBUG msg="Hľadanie študenta" "registration number"=454728 "exam ID"=12
time=2026-05-18T16:16:09.319+02:00 level=DEBUG msg="Študent nebol nájdený" "student registration number"=454728 exam_id=12
time=2026-05-18T16:16:09.319+02:00 level=DEBUG msg="Vytváranie študenta" name=Yana surname=Dubrova "registration number"=454728
time=2026-05-18T16:16:09.327+02:00 level=DEBUG msg="Hľadanie študenta" "registration number"=1019728 "exam ID"=12
time=2026-05-18T16:16:09.328+02:00 level=DEBUG msg="Študent nebol nájdený" "student registration number"=1019728 exam_id=12
time=2026-05-18T16:16:09.328+02:00 level=DEBUG msg="Vytváranie študenta" name=Kevin surname=Dulický "registration number"=1019728
time=2026-05-18T16:16:09.336+02:00 level=DEBUG msg="Hľadanie študenta" "registration number"=1090728 "exam ID"=12
time=2026-05-18T16:16:09.336+02:00 level=DEBUG msg="Študent nebol nájdený" "student registration number"=1090728 exam_id=12
time=2026-05-18T16:16:09.336+02:00 level=DEBUG msg="Vytváranie študenta" name=Tomáš surname=Dundek "registration number"=1090728
time=2026-05-18T16:16:09.345+02:00 level=DEBUG msg="Hľadanie študenta" "registration number"=360728 "exam ID"=12
time=2026-05-18T16:16:09.345+02:00 level=DEBUG msg="Študent nebol nájdený" "student registration number"=360728 exam_id=12
time=2026-05-18T16:16:09.345+02:00 level=DEBUG msg="Vytváranie študenta" name=Kristína surname=Ďurišová "registration number"=360728
time=2026-05-18T16:16:09.354+02:00 level=DEBUG msg="Hľadanie študenta" "registration number"=21728 "exam ID"=12
time=2026-05-18T16:16:09.354+02:00 level=DEBUG msg="Študent nebol nájdený" "student registration number"=21728 exam_id=12
time=2026-05-18T16:16:09.354+02:00 level=DEBUG msg="Vytváranie študenta" name=Mykhailo surname=Dyshkant "registration number"=21728
time=2026-05-18T16:16:09.363+02:00 level=DEBUG msg="Hľadanie študenta" "registration number"=22728 "exam ID"=12
time=2026-05-18T16:16:09.363+02:00 level=DEBUG msg="Študent nebol nájdený" "student registration number"=22728 exam_id=12
time=2026-05-18T16:16:09.363+02:00 level=DEBUG msg="Vytváranie študenta" name=Alexandra surname=Džačovská "registration number"=22728
time=2026-05-18T16:16:09.372+02:00 level=DEBUG msg="Hľadanie študenta" "registration number"=749728 "exam ID"=12
time=2026-05-18T16:16:09.372+02:00 level=DEBUG msg="Študent nebol nájdený" "student registration number"=749728 exam_id=12
time=2026-05-18T16:16:09.372+02:00 level=DEBUG msg="Vytváranie študenta" name=Adam surname=Dzúrik "registration number"=749728
time=2026-05-18T16:16:09.380+02:00 level=DEBUG msg="Hľadanie študenta" "registration number"=1250728 "exam ID"=12
time=2026-05-18T16:16:09.381+02:00 level=DEBUG msg="Študent nebol nájdený" "student registration number"=1250728 exam_id=12
time=2026-05-18T16:16:09.381+02:00 level=DEBUG msg="Vytváranie študenta" name=Adam surname=Dzuriš "registration number"=1250728
time=2026-05-18T16:16:09.390+02:00 level=DEBUG msg="Hľadanie študenta" "registration number"=23728 "exam ID"=12
time=2026-05-18T16:16:09.390+02:00 level=DEBUG msg="Študent nebol nájdený" "student registration number"=23728 exam_id=12
time=2026-05-18T16:16:09.390+02:00 level=DEBUG msg="Vytváranie študenta" name=Lukáš surname=Eliaš "registration number"=23728
time=2026-05-18T16:16:09.398+02:00 level=DEBUG msg="Hľadanie študenta" "registration number"=1252728 "exam ID"=12
time=2026-05-18T16:16:09.399+02:00 level=DEBUG msg="Študent nebol nájdený" "student registration number"=1252728 exam_id=12
time=2026-05-18T16:16:09.399+02:00 level=DEBUG msg="Vytváranie študenta" name=Jakub surname=Faizi "registration number"=1252728
time=2026-05-18T16:16:09.407+02:00 level=DEBUG msg="Hľadanie študenta" "registration number"=203728 "exam ID"=12
time=2026-05-18T16:16:09.408+02:00 level=DEBUG msg="Študent nebol nájdený" "student registration number"=203728 exam_id=12
time=2026-05-18T16:16:09.408+02:00 level=DEBUG msg="Vytváranie študenta" name=Farhad surname=Farajpour "registration number"=203728
time=2026-05-18T16:16:09.417+02:00 level=DEBUG msg="Hľadanie študenta" "registration number"=221728 "exam ID"=12
time=2026-05-18T16:16:09.417+02:00 level=DEBUG msg="Študent nebol nájdený" "student registration number"=221728 exam_id=12
time=2026-05-18T16:16:09.417+02:00 level=DEBUG msg="Vytváranie študenta" name=Farhad surname=Farajpour "registration number"=221728
time=2026-05-18T16:16:09.425+02:00 level=DEBUG msg="Hľadanie študenta" "registration number"=688728 "exam ID"=12
time=2026-05-18T16:16:09.426+02:00 level=DEBUG msg="Študent nebol nájdený" "student registration number"=688728 exam_id=12
time=2026-05-18T16:16:09.426+02:00 level=DEBUG msg="Vytváranie študenta" name=Michal surname=Fekete "registration number"=688728
time=2026-05-18T16:16:09.434+02:00 level=DEBUG msg="Hľadanie študenta" "registration number"=508728 "exam ID"=12
time=2026-05-18T16:16:09.434+02:00 level=DEBUG msg="Študent nebol nájdený" "student registration number"=508728 exam_id=12
time=2026-05-18T16:16:09.434+02:00 level=DEBUG msg="Vytváranie študenta" name=Soňa surname=Feketeová "registration number"=508728
time=2026-05-18T16:16:09.442+02:00 level=DEBUG msg="Hľadanie študenta" "registration number"=1020728 "exam ID"=12
time=2026-05-18T16:16:09.443+02:00 level=DEBUG msg="Študent nebol nájdený" "student registration number"=1020728 exam_id=12
time=2026-05-18T16:16:09.443+02:00 level=DEBUG msg="Vytváranie študenta" name=Adam surname=Feník "registration number"=1020728
time=2026-05-18T16:16:09.450+02:00 level=DEBUG msg="Hľadanie študenta" "registration number"=1091728 "exam ID"=12
time=2026-05-18T16:16:09.451+02:00 level=DEBUG msg="Študent nebol nájdený" "student registration number"=1091728 exam_id=12
time=2026-05-18T16:16:09.451+02:00 level=DEBUG msg="Vytváranie študenta" name=Natália surname=Ferajová "registration number"=1091728
time=2026-05-18T16:16:09.458+02:00 level=DEBUG msg="Hľadanie študenta" "registration number"=1021728 "exam ID"=12
time=2026-05-18T16:16:09.459+02:00 level=DEBUG msg="Študent nebol nájdený" "student registration number"=1021728 exam_id=12
time=2026-05-18T16:16:09.459+02:00 level=DEBUG msg="Vytváranie študenta" name=Alexandra surname=Ferrara "registration number"=1021728
time=2026-05-18T16:16:09.467+02:00 level=DEBUG msg="Hľadanie študenta" "registration number"=24728 "exam ID"=12
time=2026-05-18T16:16:09.467+02:00 level=DEBUG msg="Študent nebol nájdený" "student registration number"=24728 exam_id=12
time=2026-05-18T16:16:09.467+02:00 level=DEBUG msg="Vytváranie študenta" name=Michaela surname=Fidlerová "registration number"=24728
time=2026-05-18T16:16:09.475+02:00 level=DEBUG msg="Hľadanie študenta" "registration number"=25728 "exam ID"=12
time=2026-05-18T16:16:09.475+02:00 level=DEBUG msg="Študent nebol nájdený" "student registration number"=25728 exam_id=12
time=2026-05-18T16:16:09.475+02:00 level=DEBUG msg="Vytváranie študenta" name=Maximilián surname=Fridrich "registration number"=25728
time=2026-05-18T16:16:09.483+02:00 level=DEBUG msg="Hľadanie študenta" "registration number"=1092728 "exam ID"=12
time=2026-05-18T16:16:09.484+02:00 level=DEBUG msg="Študent nebol nájdený" "student registration number"=1092728 exam_id=12
time=2026-05-18T16:16:09.484+02:00 level=DEBUG msg="Vytváranie študenta" name=Isabella surname=Frincu "registration number"=1092728
time=2026-05-18T16:16:09.492+02:00 level=DEBUG msg="Hľadanie študenta" "registration number"=26728 "exam ID"=12
time=2026-05-18T16:16:09.492+02:00 level=DEBUG msg="Študent nebol nájdený" "student registration number"=26728 exam_id=12
time=2026-05-18T16:16:09.492+02:00 level=DEBUG msg="Vytváranie študenta" name=Maxim surname=Frühwald "registration number"=26728
time=2026-05-18T16:16:09.500+02:00 level=DEBUG msg="Hľadanie študenta" "registration number"=570728 "exam ID"=12
time=2026-05-18T16:16:09.500+02:00 level=DEBUG msg="Študent nebol nájdený" "student registration number"=570728 exam_id=12
time=2026-05-18T16:16:09.500+02:00 level=DEBUG msg="Vytváranie študenta" name=Richard surname=Fuchs "registration number"=570728
time=2026-05-18T16:16:09.508+02:00 level=DEBUG msg="Hľadanie študenta" "registration number"=1093728 "exam ID"=12
time=2026-05-18T16:16:09.508+02:00 level=DEBUG msg="Študent nebol nájdený" "student registration number"=1093728 exam_id=12
time=2026-05-18T16:16:09.508+02:00 level=DEBUG msg="Vytváranie študenta" name="Kamil Emil" surname=Gaidoš "registration number"=1093728
time=2026-05-18T16:16:09.516+02:00 level=DEBUG msg="Hľadanie študenta" "registration number"=143728 "exam ID"=12
time=2026-05-18T16:16:09.517+02:00 level=DEBUG msg="Študent nebol nájdený" "student registration number"=143728 exam_id=12
time=2026-05-18T16:16:09.517+02:00 level=DEBUG msg="Vytváranie študenta" name=Patrik surname=Gajdošík "registration number"=143728
time=2026-05-18T16:16:09.525+02:00 level=DEBUG msg="Hľadanie študenta" "registration number"=144728 "exam ID"=12
time=2026-05-18T16:16:09.525+02:00 level=DEBUG msg="Študent nebol nájdený" "student registration number"=144728 exam_id=12
time=2026-05-18T16:16:09.525+02:00 level=DEBUG msg="Vytváranie študenta" name=Samuel surname=Gálik "registration number"=144728
time=2026-05-18T16:16:09.532+02:00 level=DEBUG msg="Hľadanie študenta" "registration number"=456728 "exam ID"=12
time=2026-05-18T16:16:09.533+02:00 level=DEBUG msg="Študent nebol nájdený" "student registration number"=456728 exam_id=12
time=2026-05-18T16:16:09.533+02:00 level=DEBUG msg="Vytváranie študenta" name=Svorad surname=Gemza "registration number"=456728
time=2026-05-18T16:16:09.540+02:00 level=DEBUG msg="Hľadanie študenta" "registration number"=28728 "exam ID"=12
time=2026-05-18T16:16:09.541+02:00 level=DEBUG msg="Študent nebol nájdený" "student registration number"=28728 exam_id=12
time=2026-05-18T16:16:09.541+02:00 level=DEBUG msg="Vytváranie študenta" name=Samuel surname=Gereg "registration number"=28728
time=2026-05-18T16:16:09.548+02:00 level=DEBUG msg="Hľadanie študenta" "registration number"=311728 "exam ID"=12
time=2026-05-18T16:16:09.549+02:00 level=DEBUG msg="Študent nebol nájdený" "student registration number"=311728 exam_id=12
time=2026-05-18T16:16:09.549+02:00 level=DEBUG msg="Vytváranie študenta" name=Andrii surname=Gladushka "registration number"=311728
time=2026-05-18T16:16:09.558+02:00 level=DEBUG msg="Hľadanie študenta" "registration number"=223728 "exam ID"=12
time=2026-05-18T16:16:09.558+02:00 level=DEBUG msg="Študent nebol nájdený" "student registration number"=223728 exam_id=12
time=2026-05-18T16:16:09.558+02:00 level=DEBUG msg="Vytváranie študenta" name=Filip surname=Golian "registration number"=223728
time=2026-05-18T16:16:09.567+02:00 level=DEBUG msg="Hľadanie študenta" "registration number"=457728 "exam ID"=12
time=2026-05-18T16:16:09.567+02:00 level=DEBUG msg="Študent nebol nájdený" "student registration number"=457728 exam_id=12
time=2026-05-18T16:16:09.567+02:00 level=DEBUG msg="Vytváranie študenta" name=Martin surname=Gombár "registration number"=457728
time=2026-05-18T16:16:09.575+02:00 level=DEBUG msg="Hľadanie študenta" "registration number"=934728 "exam ID"=12
time=2026-05-18T16:16:09.575+02:00 level=DEBUG msg="Študent nebol nájdený" "student registration number"=934728 exam_id=12
time=2026-05-18T16:16:09.575+02:00 level=DEBUG msg="Vytváranie študenta" name=Peter surname=Gomboš "registration number"=934728
time=2026-05-18T16:16:09.584+02:00 level=DEBUG msg="Hľadanie študenta" "registration number"=426728 "exam ID"=12
time=2026-05-18T16:16:09.584+02:00 level=DEBUG msg="Študent nebol nájdený" "student registration number"=426728 exam_id=12
time=2026-05-18T16:16:09.584+02:00 level=DEBUG msg="Vytváranie študenta" name=Kirill surname=Goriakin "registration number"=426728
time=2026-05-18T16:16:09.592+02:00 level=DEBUG msg="Hľadanie študenta" "registration number"=1022728 "exam ID"=12
time=2026-05-18T16:16:09.593+02:00 level=DEBUG msg="Študent nebol nájdený" "student registration number"=1022728 exam_id=12
time=2026-05-18T16:16:09.593+02:00 level=DEBUG msg="Vytváranie študenta" name=Samuel surname=Grabczak "registration number"=1022728
time=2026-05-18T16:16:09.600+02:00 level=DEBUG msg="Hľadanie študenta" "registration number"=1095728 "exam ID"=12
time=2026-05-18T16:16:09.600+02:00 level=DEBUG msg="Študent nebol nájdený" "student registration number"=1095728 exam_id=12
time=2026-05-18T16:16:09.600+02:00 level=DEBUG msg="Vytváranie študenta" name=Nikita surname=Gregušová "registration number"=1095728
time=2026-05-18T16:16:09.610+02:00 level=DEBUG msg="Hľadanie študenta" "registration number"=690728 "exam ID"=12
time=2026-05-18T16:16:09.611+02:00 level=DEBUG msg="Študent nebol nájdený" "student registration number"=690728 exam_id=12
time=2026-05-18T16:16:09.611+02:00 level=DEBUG msg="Vytváranie študenta" name=Adam surname=Grman "registration number"=690728
time=2026-05-18T16:16:09.619+02:00 level=DEBUG msg="Hľadanie študenta" "registration number"=1096728 "exam ID"=12
time=2026-05-18T16:16:09.619+02:00 level=DEBUG msg="Študent nebol nájdený" "student registration number"=1096728 exam_id=12
time=2026-05-18T16:16:09.619+02:00 level=DEBUG msg="Vytváranie študenta" name="Adam Eduard" surname=Grman "registration number"=1096728
time=2026-05-18T16:16:09.627+02:00 level=DEBUG msg="Hľadanie študenta" "registration number"=1024728 "exam ID"=12
time=2026-05-18T16:16:09.628+02:00 level=DEBUG msg="Študent nebol nájdený" "student registration number"=1024728 exam_id=12
time=2026-05-18T16:16:09.628+02:00 level=DEBUG msg="Vytváranie študenta" name=Lenka surname=Grocká "registration number"=1024728
time=2026-05-18T16:16:09.636+02:00 level=DEBUG msg="Hľadanie študenta" "registration number"=750728 "exam ID"=12
time=2026-05-18T16:16:09.637+02:00 level=DEBUG msg="Študent nebol nájdený" "student registration number"=750728 exam_id=12
time=2026-05-18T16:16:09.637+02:00 level=DEBUG msg="Vytváranie študenta" name=Gabriel surname=Grotkovský "registration number"=750728
time=2026-05-18T16:16:09.645+02:00 level=DEBUG msg="Hľadanie študenta" "registration number"=145728 "exam ID"=12
time=2026-05-18T16:16:09.645+02:00 level=DEBUG msg="Študent nebol nájdený" "student registration number"=145728 exam_id=12
time=2026-05-18T16:16:09.645+02:00 level=DEBUG msg="Vytváranie študenta" name=Lukáš surname=Gudanek "registration number"=145728
time=2026-05-18T16:16:09.652+02:00 level=DEBUG msg="Hľadanie študenta" "registration number"=516728 "exam ID"=12
time=2026-05-18T16:16:09.653+02:00 level=DEBUG msg="Študent nebol nájdený" "student registration number"=516728 exam_id=12
time=2026-05-18T16:16:09.653+02:00 level=DEBUG msg="Vytváranie študenta" name=Tomáš surname=Guldan "registration number"=516728
time=2026-05-18T16:16:09.661+02:00 level=DEBUG msg="Hľadanie študenta" "registration number"=30728 "exam ID"=12
time=2026-05-18T16:16:09.661+02:00 level=DEBUG msg="Študent nebol nájdený" "student registration number"=30728 exam_id=12
time=2026-05-18T16:16:09.661+02:00 level=DEBUG msg="Vytváranie študenta" name=Daniel surname=Gulyás "registration number"=30728
time=2026-05-18T16:16:09.669+02:00 level=DEBUG msg="Hľadanie študenta" "registration number"=458728 "exam ID"=12
time=2026-05-18T16:16:09.669+02:00 level=DEBUG msg="Študent nebol nájdený" "student registration number"=458728 exam_id=12
time=2026-05-18T16:16:09.669+02:00 level=DEBUG msg="Vytváranie študenta" name=Tomáš surname=Hakáč "registration number"=458728
time=2026-05-18T16:16:09.677+02:00 level=DEBUG msg="Hľadanie študenta" "registration number"=571728 "exam ID"=12
time=2026-05-18T16:16:09.677+02:00 level=DEBUG msg="Študent nebol nájdený" "student registration number"=571728 exam_id=12
time=2026-05-18T16:16:09.678+02:00 level=DEBUG msg="Vytváranie študenta" name=Daniela surname=Hanušniaková "registration number"=571728
time=2026-05-18T16:16:09.686+02:00 level=DEBUG msg="Hľadanie študenta" "registration number"=31728 "exam ID"=12
time=2026-05-18T16:16:09.686+02:00 level=DEBUG msg="Študent nebol nájdený" "student registration number"=31728 exam_id=12
time=2026-05-18T16:16:09.686+02:00 level=DEBUG msg="Vytváranie študenta" name=Samuel surname=Harvan "registration number"=31728
time=2026-05-18T16:16:09.694+02:00 level=DEBUG msg="Hľadanie študenta" "registration number"=1100728 "exam ID"=12
time=2026-05-18T16:16:09.695+02:00 level=DEBUG msg="Študent nebol nájdený" "student registration number"=1100728 exam_id=12
time=2026-05-18T16:16:09.695+02:00 level=DEBUG msg="Vytváranie študenta" name=Vasyl surname=Hasynets "registration number"=1100728
time=2026-05-18T16:16:09.703+02:00 level=DEBUG msg="Hľadanie študenta" "registration number"=1101728 "exam ID"=12
time=2026-05-18T16:16:09.703+02:00 level=DEBUG msg="Študent nebol nájdený" "student registration number"=1101728 exam_id=12
time=2026-05-18T16:16:09.703+02:00 level=DEBUG msg="Vytváranie študenta" name=Matej surname=Hašuk "registration number"=1101728
time=2026-05-18T16:16:09.711+02:00 level=DEBUG msg="Hľadanie študenta" "registration number"=146728 "exam ID"=12
time=2026-05-18T16:16:09.712+02:00 level=DEBUG msg="Študent nebol nájdený" "student registration number"=146728 exam_id=12
time=2026-05-18T16:16:09.712+02:00 level=DEBUG msg="Vytváranie študenta" name=Šimon surname=Haviernik "registration number"=146728
time=2026-05-18T16:16:09.721+02:00 level=DEBUG msg="Hľadanie študenta" "registration number"=182728 "exam ID"=12
time=2026-05-18T16:16:09.722+02:00 level=DEBUG msg="Študent nebol nájdený" "student registration number"=182728 exam_id=12
time=2026-05-18T16:16:09.722+02:00 level=DEBUG msg="Vytváranie študenta" name=Maxim surname=Hegely "registration number"=182728
time=2026-05-18T16:16:09.729+02:00 level=DEBUG msg="Hľadanie študenta" "registration number"=615728 "exam ID"=12
time=2026-05-18T16:16:09.730+02:00 level=DEBUG msg="Študent nebol nájdený" "student registration number"=615728 exam_id=12
time=2026-05-18T16:16:09.730+02:00 level=DEBUG msg="Vytváranie študenta" name=Filip surname=Henkeľ "registration number"=615728
time=2026-05-18T16:16:09.737+02:00 level=DEBUG msg="Hľadanie študenta" "registration number"=691728 "exam ID"=12
time=2026-05-18T16:16:09.738+02:00 level=DEBUG msg="Študent nebol nájdený" "student registration number"=691728 exam_id=12
time=2026-05-18T16:16:09.738+02:00 level=DEBUG msg="Vytváranie študenta" name=Stanislav surname=Hera "registration number"=691728
time=2026-05-18T16:16:09.747+02:00 level=DEBUG msg="Hľadanie študenta" "registration number"=817728 "exam ID"=12
time=2026-05-18T16:16:09.747+02:00 level=DEBUG msg="Študent nebol nájdený" "student registration number"=817728 exam_id=12
time=2026-05-18T16:16:09.747+02:00 level=DEBUG msg="Vytváranie študenta" name=Natália surname=Heráková "registration number"=817728
time=2026-05-18T16:16:09.755+02:00 level=DEBUG msg="Hľadanie študenta" "registration number"=147728 "exam ID"=12
time=2026-05-18T16:16:09.756+02:00 level=DEBUG msg="Študent nebol nájdený" "student registration number"=147728 exam_id=12
time=2026-05-18T16:16:09.756+02:00 level=DEBUG msg="Vytváranie študenta" name="Leonard julius" surname=Heriban "registration number"=147728
time=2026-05-18T16:16:09.763+02:00 level=DEBUG msg="Hľadanie študenta" "registration number"=935728 "exam ID"=12
time=2026-05-18T16:16:09.764+02:00 level=DEBUG msg="Študent nebol nájdený" "student registration number"=935728 exam_id=12
time=2026-05-18T16:16:09.764+02:00 level=DEBUG msg="Vytváranie študenta" name=Maksym surname=Hirchenko "registration number"=935728
time=2026-05-18T16:16:09.772+02:00 level=DEBUG msg="Hľadanie študenta" "registration number"=818728 "exam ID"=12
time=2026-05-18T16:16:09.772+02:00 level=DEBUG msg="Študent nebol nájdený" "student registration number"=818728 exam_id=12
time=2026-05-18T16:16:09.772+02:00 level=DEBUG msg="Vytváranie študenta" name="Adam Jakub" surname=Hladný "registration number"=818728
time=2026-05-18T16:16:09.780+02:00 level=DEBUG msg="Hľadanie študenta" "registration number"=692728 "exam ID"=12
time=2026-05-18T16:16:09.781+02:00 level=DEBUG msg="Študent nebol nájdený" "student registration number"=692728 exam_id=12
time=2026-05-18T16:16:09.781+02:00 level=DEBUG msg="Vytváranie študenta" name=Timotej surname=Hlavatý "registration number"=692728
time=2026-05-18T16:16:09.788+02:00 level=DEBUG msg="Hľadanie študenta" "registration number"=32728 "exam ID"=12
time=2026-05-18T16:16:09.789+02:00 level=DEBUG msg="Študent nebol nájdený" "student registration number"=32728 exam_id=12
time=2026-05-18T16:16:09.789+02:00 level=DEBUG msg="Vytváranie študenta" name=Volodymyr surname=Hnatiuk "registration number"=32728
time=2026-05-18T16:16:09.797+02:00 level=DEBUG msg="Hľadanie študenta" "registration number"=1253728 "exam ID"=12
time=2026-05-18T16:16:09.797+02:00 level=DEBUG msg="Študent nebol nájdený" "student registration number"=1253728 exam_id=12
time=2026-05-18T16:16:09.797+02:00 level=DEBUG msg="Vytváranie študenta" name=Richard surname=Hodák "registration number"=1253728
time=2026-05-18T16:16:09.805+02:00 level=DEBUG msg="Hľadanie študenta" "registration number"=1025728 "exam ID"=12
time=2026-05-18T16:16:09.805+02:00 level=DEBUG msg="Študent nebol nájdený" "student registration number"=1025728 exam_id=12
time=2026-05-18T16:16:09.805+02:00 level=DEBUG msg="Vytváranie študenta" name=Jakub surname=Holp "registration number"=1025728
time=2026-05-18T16:16:09.812+02:00 level=DEBUG msg="Hľadanie študenta" "registration number"=1254728 "exam ID"=12
time=2026-05-18T16:16:09.813+02:00 level=DEBUG msg="Študent nebol nájdený" "student registration number"=1254728 exam_id=12
time=2026-05-18T16:16:09.813+02:00 level=DEBUG msg="Vytváranie študenta" name=Nicolas surname=Homola "registration number"=1254728
time=2026-05-18T16:16:09.821+02:00 level=DEBUG msg="Hľadanie študenta" "registration number"=149728 "exam ID"=12
time=2026-05-18T16:16:09.821+02:00 level=DEBUG msg="Študent nebol nájdený" "student registration number"=149728 exam_id=12
time=2026-05-18T16:16:09.821+02:00 level=DEBUG msg="Vytváranie študenta" name=Ruslan surname=Honcharov "registration number"=149728
time=2026-05-18T16:16:09.828+02:00 level=DEBUG msg="Hľadanie študenta" "registration number"=33728 "exam ID"=12
time=2026-05-18T16:16:09.829+02:00 level=DEBUG msg="Študent nebol nájdený" "student registration number"=33728 exam_id=12
time=2026-05-18T16:16:09.829+02:00 level=DEBUG msg="Vytváranie študenta" name=Patrik surname=Horáček "registration number"=33728
time=2026-05-18T16:16:09.836+02:00 level=DEBUG msg="Hľadanie študenta" "registration number"=450728 "exam ID"=12
time=2026-05-18T16:16:09.837+02:00 level=DEBUG msg="Študent nebol nájdený" "student registration number"=450728 exam_id=12
time=2026-05-18T16:16:09.837+02:00 level=DEBUG msg="Vytváranie študenta" name=Diana surname=Horpinchenko "registration number"=450728
time=2026-05-18T16:16:09.845+02:00 level=DEBUG msg="Hľadanie študenta" "registration number"=459728 "exam ID"=12
time=2026-05-18T16:16:09.845+02:00 level=DEBUG msg="Študent nebol nájdený" "student registration number"=459728 exam_id=12
time=2026-05-18T16:16:09.845+02:00 level=DEBUG msg="Vytváranie študenta" name=Filip surname=Host "registration number"=459728
time=2026-05-18T16:16:09.853+02:00 level=DEBUG msg="Hľadanie študenta" "registration number"=35728 "exam ID"=12
time=2026-05-18T16:16:09.853+02:00 level=DEBUG msg="Študent nebol nájdený" "student registration number"=35728 exam_id=12
time=2026-05-18T16:16:09.853+02:00 level=DEBUG msg="Vytváranie študenta" name=Kamil surname=Hovanec "registration number"=35728
time=2026-05-18T16:16:09.861+02:00 level=DEBUG msg="Hľadanie študenta" "registration number"=460728 "exam ID"=12
time=2026-05-18T16:16:09.861+02:00 level=DEBUG msg="Študent nebol nájdený" "student registration number"=460728 exam_id=12
time=2026-05-18T16:16:09.861+02:00 level=DEBUG msg="Vytváranie študenta" name=Matej surname=Hrabala "registration number"=460728
time=2026-05-18T16:16:09.868+02:00 level=DEBUG msg="Hľadanie študenta" "registration number"=517728 "exam ID"=12
time=2026-05-18T16:16:09.869+02:00 level=DEBUG msg="Študent nebol nájdený" "student registration number"=517728 exam_id=12
time=2026-05-18T16:16:09.869+02:00 level=DEBUG msg="Vytváranie študenta" name=Marek surname=Hrachovský "registration number"=517728
time=2026-05-18T16:16:09.877+02:00 level=DEBUG msg="Hľadanie študenta" "registration number"=36728 "exam ID"=12
time=2026-05-18T16:16:09.877+02:00 level=DEBUG msg="Študent nebol nájdený" "student registration number"=36728 exam_id=12
time=2026-05-18T16:16:09.877+02:00 level=DEBUG msg="Vytváranie študenta" name=Teodor surname=Hrdina "registration number"=36728
time=2026-05-18T16:16:09.887+02:00 level=DEBUG msg="Hľadanie študenta" "registration number"=37728 "exam ID"=12
time=2026-05-18T16:16:09.888+02:00 level=DEBUG msg="Študent nebol nájdený" "student registration number"=37728 exam_id=12
time=2026-05-18T16:16:09.888+02:00 level=DEBUG msg="Vytváranie študenta" name=Samuel surname=Hrdlička "registration number"=37728
time=2026-05-18T16:16:09.896+02:00 level=DEBUG msg="Hľadanie študenta" "registration number"=819728 "exam ID"=12
time=2026-05-18T16:16:09.897+02:00 level=DEBUG msg="Študent nebol nájdený" "student registration number"=819728 exam_id=12
time=2026-05-18T16:16:09.897+02:00 level=DEBUG msg="Vytváranie študenta" name=Martin surname=Hricišin "registration number"=819728
time=2026-05-18T16:16:09.904+02:00 level=DEBUG msg="Hľadanie študenta" "registration number"=936728 "exam ID"=12
time=2026-05-18T16:16:09.904+02:00 level=DEBUG msg="Študent nebol nájdený" "student registration number"=936728 exam_id=12
time=2026-05-18T16:16:09.904+02:00 level=DEBUG msg="Vytváranie študenta" name=Samuel surname=Hrnčár "registration number"=936728
time=2026-05-18T16:16:09.913+02:00 level=DEBUG msg="Hľadanie študenta" "registration number"=38728 "exam ID"=12
time=2026-05-18T16:16:09.913+02:00 level=DEBUG msg="Študent nebol nájdený" "student registration number"=38728 exam_id=12
time=2026-05-18T16:16:09.913+02:00 level=DEBUG msg="Vytváranie študenta" name=Yaroslav surname=Hrushevskyi "registration number"=38728
time=2026-05-18T16:16:09.921+02:00 level=DEBUG msg="Hľadanie študenta" "registration number"=39728 "exam ID"=12
time=2026-05-18T16:16:09.922+02:00 level=DEBUG msg="Študent nebol nájdený" "student registration number"=39728 exam_id=12
time=2026-05-18T16:16:09.922+02:00 level=DEBUG msg="Vytváranie študenta" name=Maksym surname=Hubar "registration number"=39728
time=2026-05-18T16:16:09.929+02:00 level=DEBUG msg="Hľadanie študenta" "registration number"=1255728 "exam ID"=12
time=2026-05-18T16:16:09.930+02:00 level=DEBUG msg="Študent nebol nájdený" "student registration number"=1255728 exam_id=12
time=2026-05-18T16:16:09.930+02:00 level=DEBUG msg="Vytváranie študenta" name=Andrej surname=Hudačko "registration number"=1255728
time=2026-05-18T16:16:09.937+02:00 level=DEBUG msg="Hľadanie študenta" "registration number"=573728 "exam ID"=12
time=2026-05-18T16:16:09.938+02:00 level=DEBUG msg="Študent nebol nájdený" "student registration number"=573728 exam_id=12
time=2026-05-18T16:16:09.938+02:00 level=DEBUG msg="Vytváranie študenta" name=Sára surname=Hudecová "registration number"=573728
time=2026-05-18T16:16:09.945+02:00 level=DEBUG msg="Hľadanie študenta" "registration number"=350728 "exam ID"=12
time=2026-05-18T16:16:09.946+02:00 level=DEBUG msg="Študent nebol nájdený" "student registration number"=350728 exam_id=12
time=2026-05-18T16:16:09.946+02:00 level=DEBUG msg="Vytváranie študenta" name=Artur surname=Huk "registration number"=350728
time=2026-05-18T16:16:09.954+02:00 level=DEBUG msg="Hľadanie študenta" "registration number"=183728 "exam ID"=12
time=2026-05-18T16:16:09.954+02:00 level=DEBUG msg="Študent nebol nájdený" "student registration number"=183728 exam_id=12
time=2026-05-18T16:16:09.954+02:00 level=DEBUG msg="Vytváranie študenta" name=Volodymyr surname=Huk "registration number"=183728
time=2026-05-18T16:16:09.961+02:00 level=DEBUG msg="Hľadanie študenta" "registration number"=937728 "exam ID"=12
time=2026-05-18T16:16:09.962+02:00 level=DEBUG msg="Študent nebol nájdený" "student registration number"=937728 exam_id=12
time=2026-05-18T16:16:09.962+02:00 level=DEBUG msg="Vytváranie študenta" name=Roman surname=Hulina "registration number"=937728
time=2026-05-18T16:16:09.969+02:00 level=DEBUG msg="Hľadanie študenta" "registration number"=938728 "exam ID"=12
time=2026-05-18T16:16:09.970+02:00 level=DEBUG msg="Študent nebol nájdený" "student registration number"=938728 exam_id=12
time=2026-05-18T16:16:09.970+02:00 level=DEBUG msg="Vytváranie študenta" name=Adam surname=Huraj "registration number"=938728
time=2026-05-18T16:16:09.981+02:00 level=DEBUG msg="Hľadanie študenta" "registration number"=939728 "exam ID"=12
time=2026-05-18T16:16:09.981+02:00 level=DEBUG msg="Študent nebol nájdený" "student registration number"=939728 exam_id=12
time=2026-05-18T16:16:09.981+02:00 level=DEBUG msg="Vytváranie študenta" name=Štefan surname=Husár "registration number"=939728
time=2026-05-18T16:16:09.988+02:00 level=DEBUG msg="Hľadanie študenta" "registration number"=40728 "exam ID"=12
time=2026-05-18T16:16:09.989+02:00 level=DEBUG msg="Študent nebol nájdený" "student registration number"=40728 exam_id=12
time=2026-05-18T16:16:09.989+02:00 level=DEBUG msg="Vytváranie študenta" name=Branislav surname=Húska "registration number"=40728
time=2026-05-18T16:16:09.997+02:00 level=DEBUG msg="Hľadanie študenta" "registration number"=361728 "exam ID"=12
time=2026-05-18T16:16:09.998+02:00 level=DEBUG msg="Študent nebol nájdený" "student registration number"=361728 exam_id=12
time=2026-05-18T16:16:09.998+02:00 level=DEBUG msg="Vytváranie študenta" name=Peter surname=Hvišč "registration number"=361728
time=2026-05-18T16:16:10.006+02:00 level=DEBUG msg="Hľadanie študenta" "registration number"=362728 "exam ID"=12
time=2026-05-18T16:16:10.006+02:00 level=DEBUG msg="Študent nebol nájdený" "student registration number"=362728 exam_id=12
time=2026-05-18T16:16:10.006+02:00 level=DEBUG msg="Vytváranie študenta" name=Seulchan surname=Hwang "registration number"=362728
time=2026-05-18T16:16:10.014+02:00 level=DEBUG msg="Hľadanie študenta" "registration number"=406728 "exam ID"=12
time=2026-05-18T16:16:10.015+02:00 level=DEBUG msg="Študent nebol nájdený" "student registration number"=406728 exam_id=12
time=2026-05-18T16:16:10.015+02:00 level=DEBUG msg="Vytváranie študenta" name=Kateryna surname=Cheketa "registration number"=406728
time=2026-05-18T16:16:10.023+02:00 level=DEBUG msg="Hľadanie študenta" "registration number"=1026728 "exam ID"=12
time=2026-05-18T16:16:10.023+02:00 level=DEBUG msg="Študent nebol nájdený" "student registration number"=1026728 exam_id=12
time=2026-05-18T16:16:10.024+02:00 level=DEBUG msg="Vytváranie študenta" name=Dmytro surname=Cherniuk "registration number"=1026728
time=2026-05-18T16:16:10.031+02:00 level=DEBUG msg="Hľadanie študenta" "registration number"=313728 "exam ID"=12
time=2026-05-18T16:16:10.032+02:00 level=DEBUG msg="Študent nebol nájdený" "student registration number"=313728 exam_id=12
time=2026-05-18T16:16:10.032+02:00 level=DEBUG msg="Vytváranie študenta" name=Christian surname=Chobot "registration number"=313728
time=2026-05-18T16:16:10.039+02:00 level=DEBUG msg="Hľadanie študenta" "registration number"=345728 "exam ID"=12
time=2026-05-18T16:16:10.040+02:00 level=DEBUG msg="Študent nebol nájdený" "student registration number"=345728 exam_id=12
time=2026-05-18T16:16:10.040+02:00 level=DEBUG msg="Vytváranie študenta" name=Gordii surname=Chornyi "registration number"=345728
time=2026-05-18T16:16:10.048+02:00 level=DEBUG msg="Hľadanie študenta" "registration number"=1102728 "exam ID"=12
time=2026-05-18T16:16:10.048+02:00 level=DEBUG msg="Študent nebol nájdený" "student registration number"=1102728 exam_id=12
time=2026-05-18T16:16:10.048+02:00 level=DEBUG msg="Vytváranie študenta" name=Zakhar surname=Chornyi "registration number"=1102728
time=2026-05-18T16:16:10.056+02:00 level=DEBUG msg="Hľadanie študenta" "registration number"=694728 "exam ID"=12
time=2026-05-18T16:16:10.057+02:00 level=DEBUG msg="Študent nebol nájdený" "student registration number"=694728 exam_id=12
time=2026-05-18T16:16:10.057+02:00 level=DEBUG msg="Vytváranie študenta" name=Maroš surname=Chromčík "registration number"=694728
time=2026-05-18T16:16:10.065+02:00 level=DEBUG msg="Hľadanie študenta" "registration number"=1103728 "exam ID"=12
time=2026-05-18T16:16:10.065+02:00 level=DEBUG msg="Študent nebol nájdený" "student registration number"=1103728 exam_id=12
time=2026-05-18T16:16:10.065+02:00 level=DEBUG msg="Vytváranie študenta" name=Filip surname=Chromík "registration number"=1103728
time=2026-05-18T16:16:10.072+02:00 level=DEBUG msg="Hľadanie študenta" "registration number"=575728 "exam ID"=12
time=2026-05-18T16:16:10.073+02:00 level=DEBUG msg="Študent nebol nájdený" "student registration number"=575728 exam_id=12
time=2026-05-18T16:16:10.073+02:00 level=DEBUG msg="Vytváranie študenta" name=Ondrej surname=Chromík "registration number"=575728
time=2026-05-18T16:16:10.080+02:00 level=DEBUG msg="Hľadanie študenta" "registration number"=314728 "exam ID"=12
time=2026-05-18T16:16:10.081+02:00 level=DEBUG msg="Študent nebol nájdený" "student registration number"=314728 exam_id=12
time=2026-05-18T16:16:10.081+02:00 level=DEBUG msg="Vytváranie študenta" name=Andrii surname=Chuhuivets "registration number"=314728
time=2026-05-18T16:16:10.089+02:00 level=DEBUG msg="Hľadanie študenta" "registration number"=820728 "exam ID"=12
time=2026-05-18T16:16:10.089+02:00 level=DEBUG msg="Študent nebol nájdený" "student registration number"=820728 exam_id=12
time=2026-05-18T16:16:10.089+02:00 level=DEBUG msg="Vytváranie študenta" name=Peter surname=Chvalník "registration number"=820728
time=2026-05-18T16:16:10.097+02:00 level=DEBUG msg="Hľadanie študenta" "registration number"=205728 "exam ID"=12
time=2026-05-18T16:16:10.097+02:00 level=DEBUG msg="Študent nebol nájdený" "student registration number"=205728 exam_id=12
time=2026-05-18T16:16:10.097+02:00 level=DEBUG msg="Vytváranie študenta" name=Patrik surname=Chvostik "registration number"=205728
time=2026-05-18T16:16:10.106+02:00 level=DEBUG msg="Hľadanie študenta" "registration number"=696728 "exam ID"=12
time=2026-05-18T16:16:10.106+02:00 level=DEBUG msg="Študent nebol nájdený" "student registration number"=696728 exam_id=12
time=2026-05-18T16:16:10.106+02:00 level=DEBUG msg="Vytváranie študenta" name=Roman surname=Ihnativ "registration number"=696728
time=2026-05-18T16:16:10.113+02:00 level=DEBUG msg="Hľadanie študenta" "registration number"=1256728 "exam ID"=12
time=2026-05-18T16:16:10.114+02:00 level=DEBUG msg="Študent nebol nájdený" "student registration number"=1256728 exam_id=12
time=2026-05-18T16:16:10.114+02:00 level=DEBUG msg="Vytváranie študenta" name=Alexandra surname=Ilenčíková "registration number"=1256728
time=2026-05-18T16:16:10.124+02:00 level=DEBUG msg="Hľadanie študenta" "registration number"=41728 "exam ID"=12
time=2026-05-18T16:16:10.125+02:00 level=DEBUG msg="Študent nebol nájdený" "student registration number"=41728 exam_id=12
time=2026-05-18T16:16:10.125+02:00 level=DEBUG msg="Vytváranie študenta" name=Kristián surname=Iozefic "registration number"=41728
time=2026-05-18T16:16:10.132+02:00 level=DEBUG msg="Hľadanie študenta" "registration number"=576728 "exam ID"=12
time=2026-05-18T16:16:10.132+02:00 level=DEBUG msg="Študent nebol nájdený" "student registration number"=576728 exam_id=12
time=2026-05-18T16:16:10.132+02:00 level=DEBUG msg="Vytváranie študenta" name=Iskhak surname=Isakov "registration number"=576728
time=2026-05-18T16:16:10.139+02:00 level=DEBUG msg="Hľadanie študenta" "registration number"=407728 "exam ID"=12
time=2026-05-18T16:16:10.140+02:00 level=DEBUG msg="Študent nebol nájdený" "student registration number"=407728 exam_id=12
time=2026-05-18T16:16:10.140+02:00 level=DEBUG msg="Vytváranie študenta" name=Mykola surname=Ishchuk "registration number"=407728
time=2026-05-18T16:16:10.148+02:00 level=DEBUG msg="Hľadanie študenta" "registration number"=184728 "exam ID"=12
time=2026-05-18T16:16:10.148+02:00 level=DEBUG msg="Študent nebol nájdený" "student registration number"=184728 exam_id=12
time=2026-05-18T16:16:10.148+02:00 level=DEBUG msg="Vytváranie študenta" name=Nikita surname=Ishmuratov "registration number"=184728
time=2026-05-18T16:16:10.156+02:00 level=DEBUG msg="Hľadanie študenta" "registration number"=315728 "exam ID"=12
time=2026-05-18T16:16:10.157+02:00 level=DEBUG msg="Študent nebol nájdený" "student registration number"=315728 exam_id=12
time=2026-05-18T16:16:10.157+02:00 level=DEBUG msg="Vytváranie študenta" name=Viliam surname=Jadroň "registration number"=315728
time=2026-05-18T16:16:10.165+02:00 level=DEBUG msg="Hľadanie študenta" "registration number"=225728 "exam ID"=12
time=2026-05-18T16:16:10.165+02:00 level=DEBUG msg="Študent nebol nájdený" "student registration number"=225728 exam_id=12
time=2026-05-18T16:16:10.165+02:00 level=DEBUG msg="Vytváranie študenta" name=Nicolas surname=Janček "registration number"=225728
time=2026-05-18T16:16:10.176+02:00 level=DEBUG msg="Hľadanie študenta" "registration number"=43728 "exam ID"=12
time=2026-05-18T16:16:10.177+02:00 level=DEBUG msg="Študent nebol nájdený" "student registration number"=43728 exam_id=12
time=2026-05-18T16:16:10.177+02:00 level=DEBUG msg="Vytváranie študenta" name=Nina surname=Jančišinová "registration number"=43728
time=2026-05-18T16:16:10.184+02:00 level=DEBUG msg="Hľadanie študenta" "registration number"=316728 "exam ID"=12
time=2026-05-18T16:16:10.185+02:00 level=DEBUG msg="Študent nebol nájdený" "student registration number"=316728 exam_id=12
time=2026-05-18T16:16:10.185+02:00 level=DEBUG msg="Vytváranie študenta" name=Mikuláš surname=Janko "registration number"=316728
time=2026-05-18T16:16:10.192+02:00 level=DEBUG msg="Hľadanie študenta" "registration number"=226728 "exam ID"=12
time=2026-05-18T16:16:10.193+02:00 level=DEBUG msg="Študent nebol nájdený" "student registration number"=226728 exam_id=12
time=2026-05-18T16:16:10.193+02:00 level=DEBUG msg="Vytváranie študenta" name=Matej surname=Jánoš "registration number"=226728
time=2026-05-18T16:16:10.201+02:00 level=DEBUG msg="Hľadanie študenta" "registration number"=1028728 "exam ID"=12
time=2026-05-18T16:16:10.201+02:00 level=DEBUG msg="Študent nebol nájdený" "student registration number"=1028728 exam_id=12
time=2026-05-18T16:16:10.201+02:00 level=DEBUG msg="Vytváranie študenta" name=Radovan surname=Javor "registration number"=1028728
time=2026-05-18T16:16:10.209+02:00 level=DEBUG msg="Hľadanie študenta" "registration number"=578728 "exam ID"=12
time=2026-05-18T16:16:10.210+02:00 level=DEBUG msg="Študent nebol nájdený" "student registration number"=578728 exam_id=12
time=2026-05-18T16:16:10.210+02:00 level=DEBUG msg="Vytváranie študenta" name=Tomáš surname=Ježík "registration number"=578728
time=2026-05-18T16:16:10.217+02:00 level=DEBUG msg="Hľadanie študenta" "registration number"=649728 "exam ID"=12
time=2026-05-18T16:16:10.218+02:00 level=DEBUG msg="Študent nebol nájdený" "student registration number"=649728 exam_id=12
time=2026-05-18T16:16:10.218+02:00 level=DEBUG msg="Vytváranie študenta" name=Martin surname=Jileček "registration number"=649728
time=2026-05-18T16:16:10.226+02:00 level=DEBUG msg="Hľadanie študenta" "registration number"=800728 "exam ID"=12
time=2026-05-18T16:16:10.226+02:00 level=DEBUG msg="Študent nebol nájdený" "student registration number"=800728 exam_id=12
time=2026-05-18T16:16:10.226+02:00 level=DEBUG msg="Vytváranie študenta" name="Samuel Chinonso" surname=John "registration number"=800728
time=2026-05-18T16:16:10.234+02:00 level=DEBUG msg="Hľadanie študenta" "registration number"=697728 "exam ID"=12
time=2026-05-18T16:16:10.234+02:00 level=DEBUG msg="Študent nebol nájdený" "student registration number"=697728 exam_id=12
time=2026-05-18T16:16:10.234+02:00 level=DEBUG msg="Vytváranie študenta" name=Tomáš surname=Jurčík "registration number"=697728
time=2026-05-18T16:16:10.242+02:00 level=DEBUG msg="Hľadanie študenta" "registration number"=317728 "exam ID"=12
time=2026-05-18T16:16:10.243+02:00 level=DEBUG msg="Študent nebol nájdený" "student registration number"=317728 exam_id=12
time=2026-05-18T16:16:10.243+02:00 level=DEBUG msg="Vytváranie študenta" name=Michal surname=Juriš "registration number"=317728
time=2026-05-18T16:16:10.251+02:00 level=DEBUG msg="Hľadanie študenta" "registration number"=228728 "exam ID"=12
time=2026-05-18T16:16:10.251+02:00 level=DEBUG msg="Študent nebol nájdený" "student registration number"=228728 exam_id=12
time=2026-05-18T16:16:10.251+02:00 level=DEBUG msg="Vytváranie študenta" name=Adrián surname=Káčer "registration number"=228728
time=2026-05-18T16:16:10.259+02:00 level=DEBUG msg="Hľadanie študenta" "registration number"=363728 "exam ID"=12
time=2026-05-18T16:16:10.259+02:00 level=DEBUG msg="Študent nebol nájdený" "student registration number"=363728 exam_id=12
time=2026-05-18T16:16:10.259+02:00 level=DEBUG msg="Vytváranie študenta" name=Aleksei surname=Kachkurkin "registration number"=363728
time=2026-05-18T16:16:10.266+02:00 level=DEBUG msg="Hľadanie študenta" "registration number"=999728 "exam ID"=12
time=2026-05-18T16:16:10.267+02:00 level=DEBUG msg="Študent nebol nájdený" "student registration number"=999728 exam_id=12
time=2026-05-18T16:16:10.267+02:00 level=DEBUG msg="Vytváranie študenta" name=Yelyzaveta surname=Kalchuk "registration number"=999728
time=2026-05-18T16:16:10.275+02:00 level=DEBUG msg="Hľadanie študenta" "registration number"=45728 "exam ID"=12
time=2026-05-18T16:16:10.275+02:00 level=DEBUG msg="Študent nebol nájdený" "student registration number"=45728 exam_id=12
time=2026-05-18T16:16:10.275+02:00 level=DEBUG msg="Vytváranie študenta" name=Igor surname=Karas "registration number"=45728
time=2026-05-18T16:16:10.283+02:00 level=DEBUG msg="Hľadanie študenta" "registration number"=46728 "exam ID"=12
time=2026-05-18T16:16:10.284+02:00 level=DEBUG msg="Študent nebol nájdený" "student registration number"=46728 exam_id=12
time=2026-05-18T16:16:10.284+02:00 level=DEBUG msg="Vytváranie študenta" name=Mykyta surname=Kasianenko "registration number"=46728
time=2026-05-18T16:16:10.293+02:00 level=DEBUG msg="Hľadanie študenta" "registration number"=821728 "exam ID"=12
time=2026-05-18T16:16:10.293+02:00 level=DEBUG msg="Študent nebol nájdený" "student registration number"=821728 exam_id=12
time=2026-05-18T16:16:10.293+02:00 level=DEBUG msg="Vytváranie študenta" name=Ján surname=Katkovčin "registration number"=821728
time=2026-05-18T16:16:10.302+02:00 level=DEBUG msg="Hľadanie študenta" "registration number"=47728 "exam ID"=12
time=2026-05-18T16:16:10.302+02:00 level=DEBUG msg="Študent nebol nájdený" "student registration number"=47728 exam_id=12
time=2026-05-18T16:16:10.302+02:00 level=DEBUG msg="Vytváranie študenta" name=Rustam surname=Kazakov "registration number"=47728
time=2026-05-18T16:16:10.310+02:00 level=DEBUG msg="Hľadanie študenta" "registration number"=48728 "exam ID"=12
time=2026-05-18T16:16:10.310+02:00 level=DEBUG msg="Študent nebol nájdený" "student registration number"=48728 exam_id=12
time=2026-05-18T16:16:10.310+02:00 level=DEBUG msg="Vytváranie študenta" name=Dmytro surname=Kazban "registration number"=48728
time=2026-05-18T16:16:10.319+02:00 level=DEBUG msg="Hľadanie študenta" "registration number"=752728 "exam ID"=12
time=2026-05-18T16:16:10.319+02:00 level=DEBUG msg="Študent nebol nájdený" "student registration number"=752728 exam_id=12
time=2026-05-18T16:16:10.319+02:00 level=DEBUG msg="Vytváranie študenta" name=Richard surname=Kecskés "registration number"=752728
time=2026-05-18T16:16:10.327+02:00 level=DEBUG msg="Hľadanie študenta" "registration number"=409728 "exam ID"=12
time=2026-05-18T16:16:10.327+02:00 level=DEBUG msg="Študent nebol nájdený" "student registration number"=409728 exam_id=12
time=2026-05-18T16:16:10.327+02:00 level=DEBUG msg="Vytváranie študenta" name=Arsenii surname=Kerman "registration number"=409728
time=2026-05-18T16:16:10.338+02:00 level=DEBUG msg="Hľadanie študenta" "registration number"=1029728 "exam ID"=12
time=2026-05-18T16:16:10.338+02:00 level=DEBUG msg="Študent nebol nájdený" "student registration number"=1029728 exam_id=12
time=2026-05-18T16:16:10.338+02:00 level=DEBUG msg="Vytváranie študenta" name=Máté surname=Keve "registration number"=1029728
time=2026-05-18T16:16:10.346+02:00 level=DEBUG msg="Hľadanie študenta" "registration number"=49728 "exam ID"=12
time=2026-05-18T16:16:10.346+02:00 level=DEBUG msg="Študent nebol nájdený" "student registration number"=49728 exam_id=12
time=2026-05-18T16:16:10.346+02:00 level=DEBUG msg="Vytváranie študenta" name=Ihor surname=Kharenko "registration number"=49728
time=2026-05-18T16:16:10.354+02:00 level=DEBUG msg="Hľadanie študenta" "registration number"=153728 "exam ID"=12
time=2026-05-18T16:16:10.355+02:00 level=DEBUG msg="Študent nebol nájdený" "student registration number"=153728 exam_id=12
time=2026-05-18T16:16:10.355+02:00 level=DEBUG msg="Vytváranie študenta" name=Yaroslav surname=Kharchenko "registration number"=153728
time=2026-05-18T16:16:10.362+02:00 level=DEBUG msg="Hľadanie študenta" "registration number"=319728 "exam ID"=12
time=2026-05-18T16:16:10.363+02:00 level=DEBUG msg="Študent nebol nájdený" "student registration number"=319728 exam_id=12
time=2026-05-18T16:16:10.363+02:00 level=DEBUG msg="Vytváranie študenta" name=Hlib surname=Kharuta "registration number"=319728
time=2026-05-18T16:16:10.371+02:00 level=DEBUG msg="Hľadanie študenta" "registration number"=50728 "exam ID"=12
time=2026-05-18T16:16:10.371+02:00 level=DEBUG msg="Študent nebol nájdený" "student registration number"=50728 exam_id=12
time=2026-05-18T16:16:10.371+02:00 level=DEBUG msg="Vytváranie študenta" name=Mykhailo surname=Kharyna "registration number"=50728
time=2026-05-18T16:16:10.379+02:00 level=DEBUG msg="Hľadanie študenta" "registration number"=154728 "exam ID"=12
time=2026-05-18T16:16:10.379+02:00 level=DEBUG msg="Študent nebol nájdený" "student registration number"=154728 exam_id=12
time=2026-05-18T16:16:10.379+02:00 level=DEBUG msg="Vytváranie študenta" name=Yurii surname=Khlytsov "registration number"=154728
time=2026-05-18T16:16:10.386+02:00 level=DEBUG msg="Hľadanie študenta" "registration number"=51728 "exam ID"=12
time=2026-05-18T16:16:10.387+02:00 level=DEBUG msg="Študent nebol nájdený" "student registration number"=51728 exam_id=12
time=2026-05-18T16:16:10.387+02:00 level=DEBUG msg="Vytváranie študenta" name=Oleksandra surname=Khovpei "registration number"=51728
time=2026-05-18T16:16:10.395+02:00 level=DEBUG msg="Hľadanie študenta" "registration number"=1106728 "exam ID"=12
time=2026-05-18T16:16:10.395+02:00 level=DEBUG msg="Študent nebol nájdený" "student registration number"=1106728 exam_id=12
time=2026-05-18T16:16:10.395+02:00 level=DEBUG msg="Vytváranie študenta" name=Patrik surname=Kleinert "registration number"=1106728
time=2026-05-18T16:16:10.403+02:00 level=DEBUG msg="Hľadanie študenta" "registration number"=462728 "exam ID"=12
time=2026-05-18T16:16:10.403+02:00 level=DEBUG msg="Študent nebol nájdený" "student registration number"=462728 exam_id=12
time=2026-05-18T16:16:10.403+02:00 level=DEBUG msg="Vytváranie študenta" name=Ondrej surname=Klobucnik "registration number"=462728
time=2026-05-18T16:16:10.411+02:00 level=DEBUG msg="Hľadanie študenta" "registration number"=52728 "exam ID"=12
time=2026-05-18T16:16:10.412+02:00 level=DEBUG msg="Študent nebol nájdený" "student registration number"=52728 exam_id=12
time=2026-05-18T16:16:10.412+02:00 level=DEBUG msg="Vytváranie študenta" name=Vladyslav surname=Klopotun "registration number"=52728
time=2026-05-18T16:16:10.419+02:00 level=DEBUG msg="Hľadanie študenta" "registration number"=463728 "exam ID"=12
time=2026-05-18T16:16:10.420+02:00 level=DEBUG msg="Študent nebol nájdený" "student registration number"=463728 exam_id=12
time=2026-05-18T16:16:10.420+02:00 level=DEBUG msg="Vytváranie študenta" name=Peter surname=Kocian "registration number"=463728
time=2026-05-18T16:16:10.427+02:00 level=DEBUG msg="Hľadanie študenta" "registration number"=54728 "exam ID"=12
time=2026-05-18T16:16:10.428+02:00 level=DEBUG msg="Študent nebol nájdený" "student registration number"=54728 exam_id=12
time=2026-05-18T16:16:10.428+02:00 level=DEBUG msg="Vytváranie študenta" name=Tomáš surname=Kocúr "registration number"=54728
time=2026-05-18T16:16:10.436+02:00 level=DEBUG msg="Hľadanie študenta" "registration number"=823728 "exam ID"=12
time=2026-05-18T16:16:10.436+02:00 level=DEBUG msg="Študent nebol nájdený" "student registration number"=823728 exam_id=12
time=2026-05-18T16:16:10.436+02:00 level=DEBUG msg="Vytváranie študenta" name=Bohdan surname=Kochkin "registration number"=823728
time=2026-05-18T16:16:10.444+02:00 level=DEBUG msg="Hľadanie študenta" "registration number"=155728 "exam ID"=12
time=2026-05-18T16:16:10.444+02:00 level=DEBUG msg="Študent nebol nájdený" "student registration number"=155728 exam_id=12
time=2026-05-18T16:16:10.444+02:00 level=DEBUG msg="Vytváranie študenta" name=Diana surname=Kolářová "registration number"=155728
time=2026-05-18T16:16:10.455+02:00 level=DEBUG msg="Hľadanie študenta" "registration number"=1258728 "exam ID"=12
time=2026-05-18T16:16:10.455+02:00 level=DEBUG msg="Študent nebol nájdený" "student registration number"=1258728 exam_id=12
time=2026-05-18T16:16:10.455+02:00 level=DEBUG msg="Vytváranie študenta" name=Adam surname=Koleň "registration number"=1258728
time=2026-05-18T16:16:10.463+02:00 level=DEBUG msg="Hľadanie študenta" "registration number"=518728 "exam ID"=12
time=2026-05-18T16:16:10.463+02:00 level=DEBUG msg="Študent nebol nájdený" "student registration number"=518728 exam_id=12
time=2026-05-18T16:16:10.463+02:00 level=DEBUG msg="Vytváranie študenta" name=Valeriia surname=Kolisnychenko "registration number"=518728
time=2026-05-18T16:16:10.471+02:00 level=DEBUG msg="Hľadanie študenta" "registration number"=321728 "exam ID"=12
time=2026-05-18T16:16:10.471+02:00 level=DEBUG msg="Študent nebol nájdený" "student registration number"=321728 exam_id=12
time=2026-05-18T16:16:10.471+02:00 level=DEBUG msg="Vytváranie študenta" name=Timotej surname=Kollárik "registration number"=321728
time=2026-05-18T16:16:10.479+02:00 level=DEBUG msg="Hľadanie študenta" "registration number"=322728 "exam ID"=12
time=2026-05-18T16:16:10.479+02:00 level=DEBUG msg="Študent nebol nájdený" "student registration number"=322728 exam_id=12
time=2026-05-18T16:16:10.479+02:00 level=DEBUG msg="Vytváranie študenta" name=Yevhen surname=Komar "registration number"=322728
time=2026-05-18T16:16:10.490+02:00 level=DEBUG msg="Hľadanie študenta" "registration number"=1031728 "exam ID"=12
time=2026-05-18T16:16:10.490+02:00 level=DEBUG msg="Študent nebol nájdený" "student registration number"=1031728 exam_id=12
time=2026-05-18T16:16:10.490+02:00 level=DEBUG msg="Vytváranie študenta" name=Dalibor surname=Kominko "registration number"=1031728
time=2026-05-18T16:16:10.502+02:00 level=DEBUG msg="Hľadanie študenta" "registration number"=1032728 "exam ID"=12
time=2026-05-18T16:16:10.502+02:00 level=DEBUG msg="Študent nebol nájdený" "student registration number"=1032728 exam_id=12
time=2026-05-18T16:16:10.502+02:00 level=DEBUG msg="Vytváranie študenta" name=Ivan surname=Konečný "registration number"=1032728
time=2026-05-18T16:16:10.510+02:00 level=DEBUG msg="Hľadanie študenta" "registration number"=365728 "exam ID"=12
time=2026-05-18T16:16:10.510+02:00 level=DEBUG msg="Študent nebol nájdený" "student registration number"=365728 exam_id=12
time=2026-05-18T16:16:10.510+02:00 level=DEBUG msg="Vytváranie študenta" name=Zuzana surname=Konopová "registration number"=365728
time=2026-05-18T16:16:10.518+02:00 level=DEBUG msg="Hľadanie študenta" "registration number"=579728 "exam ID"=12
time=2026-05-18T16:16:10.519+02:00 level=DEBUG msg="Študent nebol nájdený" "student registration number"=579728 exam_id=12
time=2026-05-18T16:16:10.519+02:00 level=DEBUG msg="Vytváranie študenta" name=Oleksandr surname=Konovaltsev "registration number"=579728
time=2026-05-18T16:16:10.526+02:00 level=DEBUG msg="Hľadanie študenta" "registration number"=700728 "exam ID"=12
time=2026-05-18T16:16:10.527+02:00 level=DEBUG msg="Študent nebol nájdený" "student registration number"=700728 exam_id=12
time=2026-05-18T16:16:10.527+02:00 level=DEBUG msg="Vytváranie študenta" name=Veronika surname=Konôpková "registration number"=700728
time=2026-05-18T16:16:10.534+02:00 level=DEBUG msg="Hľadanie študenta" "registration number"=55728 "exam ID"=12
time=2026-05-18T16:16:10.535+02:00 level=DEBUG msg="Študent nebol nájdený" "student registration number"=55728 exam_id=12
time=2026-05-18T16:16:10.535+02:00 level=DEBUG msg="Vytváranie študenta" name=Barbora surname=Kopálová "registration number"=55728
time=2026-05-18T16:16:10.543+02:00 level=DEBUG msg="Hľadanie študenta" "registration number"=56728 "exam ID"=12
time=2026-05-18T16:16:10.543+02:00 level=DEBUG msg="Študent nebol nájdený" "student registration number"=56728 exam_id=12
time=2026-05-18T16:16:10.543+02:00 level=DEBUG msg="Vytváranie študenta" name=Marek surname=Kopka "registration number"=56728
time=2026-05-18T16:16:10.552+02:00 level=DEBUG msg="Hľadanie študenta" "registration number"=824728 "exam ID"=12
time=2026-05-18T16:16:10.552+02:00 level=DEBUG msg="Študent nebol nájdený" "student registration number"=824728 exam_id=12
time=2026-05-18T16:16:10.552+02:00 level=DEBUG msg="Vytváranie študenta" name=Richard surname=Kormaňák "registration number"=824728
time=2026-05-18T16:16:10.563+02:00 level=DEBUG msg="Hľadanie študenta" "registration number"=57728 "exam ID"=12
time=2026-05-18T16:16:10.564+02:00 level=DEBUG msg="Študent nebol nájdený" "student registration number"=57728 exam_id=12
time=2026-05-18T16:16:10.564+02:00 level=DEBUG msg="Vytváranie študenta" name=Bruno surname=Korp "registration number"=57728
time=2026-05-18T16:16:10.574+02:00 level=DEBUG msg="Hľadanie študenta" "registration number"=941728 "exam ID"=12
time=2026-05-18T16:16:10.575+02:00 level=DEBUG msg="Študent nebol nájdený" "student registration number"=941728 exam_id=12
time=2026-05-18T16:16:10.575+02:00 level=DEBUG msg="Vytváranie študenta" name=Ivan surname=Kost "registration number"=941728
time=2026-05-18T16:16:10.585+02:00 level=DEBUG msg="Hľadanie študenta" "registration number"=58728 "exam ID"=12
time=2026-05-18T16:16:10.585+02:00 level=DEBUG msg="Študent nebol nájdený" "student registration number"=58728 exam_id=12
time=2026-05-18T16:16:10.585+02:00 level=DEBUG msg="Vytváranie študenta" name=Anastasiia surname=Kostiuk "registration number"=58728
time=2026-05-18T16:16:10.594+02:00 level=DEBUG msg="Hľadanie študenta" "registration number"=519728 "exam ID"=12
time=2026-05-18T16:16:10.594+02:00 level=DEBUG msg="Študent nebol nájdený" "student registration number"=519728 exam_id=12
time=2026-05-18T16:16:10.594+02:00 level=DEBUG msg="Vytváranie študenta" name=Filip surname=Košťál "registration number"=519728
time=2026-05-18T16:16:10.603+02:00 level=DEBUG msg="Hľadanie študenta" "registration number"=156728 "exam ID"=12
time=2026-05-18T16:16:10.603+02:00 level=DEBUG msg="Študent nebol nájdený" "student registration number"=156728 exam_id=12
time=2026-05-18T16:16:10.603+02:00 level=DEBUG msg="Vytváranie študenta" name=Denys surname=Kotenko "registration number"=156728
time=2026-05-18T16:16:10.611+02:00 level=DEBUG msg="Hľadanie študenta" "registration number"=1109728 "exam ID"=12
time=2026-05-18T16:16:10.611+02:00 level=DEBUG msg="Študent nebol nájdený" "student registration number"=1109728 exam_id=12
time=2026-05-18T16:16:10.611+02:00 level=DEBUG msg="Vytváranie študenta" name=Richard surname=Koutný "registration number"=1109728
time=2026-05-18T16:16:10.622+02:00 level=DEBUG msg="Hľadanie študenta" "registration number"=229728 "exam ID"=12
time=2026-05-18T16:16:10.623+02:00 level=DEBUG msg="Študent nebol nájdený" "student registration number"=229728 exam_id=12
time=2026-05-18T16:16:10.623+02:00 level=DEBUG msg="Vytváranie študenta" name=Sebastián surname=Kovács "registration number"=229728
time=2026-05-18T16:16:10.631+02:00 level=DEBUG msg="Hľadanie študenta" "registration number"=323728 "exam ID"=12
time=2026-05-18T16:16:10.631+02:00 level=DEBUG msg="Študent nebol nájdený" "student registration number"=323728 exam_id=12
time=2026-05-18T16:16:10.631+02:00 level=DEBUG msg="Vytváranie študenta" name=Jakub surname=Kováč "registration number"=323728
time=2026-05-18T16:16:10.642+02:00 level=DEBUG msg="Hľadanie študenta" "registration number"=1036728 "exam ID"=12
time=2026-05-18T16:16:10.643+02:00 level=DEBUG msg="Študent nebol nájdený" "student registration number"=1036728 exam_id=12
time=2026-05-18T16:16:10.643+02:00 level=DEBUG msg="Vytváranie študenta" name=Sebastián surname=Kováč "registration number"=1036728
time=2026-05-18T16:16:10.652+02:00 level=DEBUG msg="Hľadanie študenta" "registration number"=1034728 "exam ID"=12
time=2026-05-18T16:16:10.652+02:00 level=DEBUG msg="Študent nebol nájdený" "student registration number"=1034728 exam_id=12
time=2026-05-18T16:16:10.652+02:00 level=DEBUG msg="Vytváranie študenta" name=Karin surname=Kováčiková "registration number"=1034728
time=2026-05-18T16:16:10.661+02:00 level=DEBUG msg="Hľadanie študenta" "registration number"=701728 "exam ID"=12
time=2026-05-18T16:16:10.661+02:00 level=DEBUG msg="Študent nebol nájdený" "student registration number"=701728 exam_id=12
time=2026-05-18T16:16:10.661+02:00 level=DEBUG msg="Vytváranie študenta" name=Tomáš surname=Kovačovic "registration number"=701728
time=2026-05-18T16:16:10.670+02:00 level=DEBUG msg="Hľadanie študenta" "registration number"=59728 "exam ID"=12
time=2026-05-18T16:16:10.671+02:00 level=DEBUG msg="Študent nebol nájdený" "student registration number"=59728 exam_id=12
time=2026-05-18T16:16:10.671+02:00 level=DEBUG msg="Vytváranie študenta" name=Maksym surname=Koval "registration number"=59728
time=2026-05-18T16:16:10.679+02:00 level=DEBUG msg="Hľadanie študenta" "registration number"=60728 "exam ID"=12
time=2026-05-18T16:16:10.679+02:00 level=DEBUG msg="Študent nebol nájdený" "student registration number"=60728 exam_id=12
time=2026-05-18T16:16:10.679+02:00 level=DEBUG msg="Vytváranie študenta" name=Nikita surname=Koval "registration number"=60728
time=2026-05-18T16:16:10.687+02:00 level=DEBUG msg="Hľadanie študenta" "registration number"=580728 "exam ID"=12
time=2026-05-18T16:16:10.688+02:00 level=DEBUG msg="Študent nebol nájdený" "student registration number"=580728 exam_id=12
time=2026-05-18T16:16:10.688+02:00 level=DEBUG msg="Vytváranie študenta" name=Nazar surname=Kovtun "registration number"=580728
time=2026-05-18T16:16:10.696+02:00 level=DEBUG msg="Hľadanie študenta" "registration number"=61728 "exam ID"=12
time=2026-05-18T16:16:10.696+02:00 level=DEBUG msg="Študent nebol nájdený" "student registration number"=61728 exam_id=12
time=2026-05-18T16:16:10.696+02:00 level=DEBUG msg="Vytváranie študenta" name=Mykhailo surname=Kovtunov "registration number"=61728
time=2026-05-18T16:16:10.705+02:00 level=DEBUG msg="Hľadanie študenta" "registration number"=942728 "exam ID"=12
time=2026-05-18T16:16:10.706+02:00 level=DEBUG msg="Študent nebol nájdený" "student registration number"=942728 exam_id=12
time=2026-05-18T16:16:10.706+02:00 level=DEBUG msg="Vytváranie študenta" name=Oleksandr surname=Kozakevych "registration number"=942728
time=2026-05-18T16:16:10.714+02:00 level=DEBUG msg="Hľadanie študenta" "registration number"=618728 "exam ID"=12
time=2026-05-18T16:16:10.714+02:00 level=DEBUG msg="Študent nebol nájdený" "student registration number"=618728 exam_id=12
time=2026-05-18T16:16:10.714+02:00 level=DEBUG msg="Vytváranie študenta" name=Andrii surname=Kozar "registration number"=618728
time=2026-05-18T16:16:10.722+02:00 level=DEBUG msg="Hľadanie študenta" "registration number"=702728 "exam ID"=12
time=2026-05-18T16:16:10.723+02:00 level=DEBUG msg="Študent nebol nájdený" "student registration number"=702728 exam_id=12
time=2026-05-18T16:16:10.723+02:00 level=DEBUG msg="Vytváranie študenta" name=Andrej surname=Krajčík "registration number"=702728
time=2026-05-18T16:16:10.731+02:00 level=DEBUG msg="Hľadanie študenta" "registration number"=230728 "exam ID"=12
time=2026-05-18T16:16:10.731+02:00 level=DEBUG msg="Študent nebol nájdený" "student registration number"=230728 exam_id=12
time=2026-05-18T16:16:10.731+02:00 level=DEBUG msg="Vytváranie študenta" name=Gréta surname=Krajčírová "registration number"=230728
time=2026-05-18T16:16:10.739+02:00 level=DEBUG msg="Hľadanie študenta" "registration number"=619728 "exam ID"=12
time=2026-05-18T16:16:10.740+02:00 level=DEBUG msg="Študent nebol nájdený" "student registration number"=619728 exam_id=12
time=2026-05-18T16:16:10.740+02:00 level=DEBUG msg="Vytváranie študenta" name=Marek surname=Krasňan "registration number"=619728
time=2026-05-18T16:16:10.753+02:00 level=DEBUG msg="Hľadanie študenta" "registration number"=944728 "exam ID"=12
time=2026-05-18T16:16:10.753+02:00 level=DEBUG msg="Študent nebol nájdený" "student registration number"=944728 exam_id=12
time=2026-05-18T16:16:10.753+02:00 level=DEBUG msg="Vytváranie študenta" name=Kyryll surname=Krasnikov "registration number"=944728
time=2026-05-18T16:16:10.761+02:00 level=DEBUG msg="Hľadanie študenta" "registration number"=324728 "exam ID"=12
time=2026-05-18T16:16:10.762+02:00 level=DEBUG msg="Študent nebol nájdený" "student registration number"=324728 exam_id=12
time=2026-05-18T16:16:10.762+02:00 level=DEBUG msg="Vytváranie študenta" name=Nikita surname=Krasnov "registration number"=324728
time=2026-05-18T16:16:10.769+02:00 level=DEBUG msg="Hľadanie študenta" "registration number"=509728 "exam ID"=12
time=2026-05-18T16:16:10.770+02:00 level=DEBUG msg="Študent nebol nájdený" "student registration number"=509728 exam_id=12
time=2026-05-18T16:16:10.770+02:00 level=DEBUG msg="Vytváranie študenta" name=Marek surname=Krátky "registration number"=509728
time=2026-05-18T16:16:10.778+02:00 level=DEBUG msg="Hľadanie študenta" "registration number"=427728 "exam ID"=12
time=2026-05-18T16:16:10.779+02:00 level=DEBUG msg="Študent nebol nájdený" "student registration number"=427728 exam_id=12
time=2026-05-18T16:16:10.779+02:00 level=DEBUG msg="Vytváranie študenta" name=Kyrylo surname=Kravets "registration number"=427728
time=2026-05-18T16:16:10.787+02:00 level=DEBUG msg="Hľadanie študenta" "registration number"=231728 "exam ID"=12
time=2026-05-18T16:16:10.787+02:00 level=DEBUG msg="Študent nebol nájdený" "student registration number"=231728 exam_id=12
time=2026-05-18T16:16:10.787+02:00 level=DEBUG msg="Vytváranie študenta" name=Volodymyr surname=Kravchenko "registration number"=231728
time=2026-05-18T16:16:10.794+02:00 level=DEBUG msg="Hľadanie študenta" "registration number"=63728 "exam ID"=12
time=2026-05-18T16:16:10.795+02:00 level=DEBUG msg="Študent nebol nájdený" "student registration number"=63728 exam_id=12
time=2026-05-18T16:16:10.795+02:00 level=DEBUG msg="Vytváranie študenta" name=Jakub surname=Krippel "registration number"=63728
time=2026-05-18T16:16:10.803+02:00 level=DEBUG msg="Hľadanie študenta" "registration number"=1038728 "exam ID"=12
time=2026-05-18T16:16:10.803+02:00 level=DEBUG msg="Študent nebol nájdený" "student registration number"=1038728 exam_id=12
time=2026-05-18T16:16:10.803+02:00 level=DEBUG msg="Vytváranie študenta" name=Andrej surname=Krišica "registration number"=1038728
time=2026-05-18T16:16:10.812+02:00 level=DEBUG msg="Hľadanie študenta" "registration number"=826728 "exam ID"=12
time=2026-05-18T16:16:10.812+02:00 level=DEBUG msg="Študent nebol nájdený" "student registration number"=826728 exam_id=12
time=2026-05-18T16:16:10.812+02:00 level=DEBUG msg="Vytváranie študenta" name=Matej surname=Krištofík "registration number"=826728
time=2026-05-18T16:16:10.820+02:00 level=DEBUG msg="Hľadanie študenta" "registration number"=945728 "exam ID"=12
time=2026-05-18T16:16:10.820+02:00 level=DEBUG msg="Študent nebol nájdený" "student registration number"=945728 exam_id=12
time=2026-05-18T16:16:10.820+02:00 level=DEBUG msg="Vytváranie študenta" name=Sára surname=Krivošíková "registration number"=945728
time=2026-05-18T16:16:10.828+02:00 level=DEBUG msg="Hľadanie študenta" "registration number"=157728 "exam ID"=12
time=2026-05-18T16:16:10.828+02:00 level=DEBUG msg="Študent nebol nájdený" "student registration number"=157728 exam_id=12
time=2026-05-18T16:16:10.828+02:00 level=DEBUG msg="Vytváranie študenta" name=Andrej surname=Krivulcik "registration number"=157728
time=2026-05-18T16:16:10.836+02:00 level=DEBUG msg="Hľadanie študenta" "registration number"=325728 "exam ID"=12
time=2026-05-18T16:16:10.836+02:00 level=DEBUG msg="Študent nebol nájdený" "student registration number"=325728 exam_id=12
time=2026-05-18T16:16:10.836+02:00 level=DEBUG msg="Vytváranie študenta" name=Maxim surname=Kročák "registration number"=325728
time=2026-05-18T16:16:10.844+02:00 level=DEBUG msg="Hľadanie študenta" "registration number"=1039728 "exam ID"=12
time=2026-05-18T16:16:10.844+02:00 level=DEBUG msg="Študent nebol nájdený" "student registration number"=1039728 exam_id=12
time=2026-05-18T16:16:10.844+02:00 level=DEBUG msg="Vytváranie študenta" name=Adam surname=Krumpolec "registration number"=1039728
time=2026-05-18T16:16:10.856+02:00 level=DEBUG msg="Hľadanie študenta" "registration number"=466728 "exam ID"=12
time=2026-05-18T16:16:10.857+02:00 level=DEBUG msg="Študent nebol nájdený" "student registration number"=466728 exam_id=12
time=2026-05-18T16:16:10.857+02:00 level=DEBUG msg="Vytváranie študenta" name=Miroslav surname=Kseňák "registration number"=466728
time=2026-05-18T16:16:10.865+02:00 level=DEBUG msg="Hľadanie študenta" "registration number"=754728 "exam ID"=12
time=2026-05-18T16:16:10.865+02:00 level=DEBUG msg="Študent nebol nájdený" "student registration number"=754728 exam_id=12
time=2026-05-18T16:16:10.865+02:00 level=DEBUG msg="Vytváranie študenta" name=Michal surname=Kubáň "registration number"=754728
time=2026-05-18T16:16:10.873+02:00 level=DEBUG msg="Hľadanie študenta" "registration number"=451728 "exam ID"=12
time=2026-05-18T16:16:10.873+02:00 level=DEBUG msg="Študent nebol nájdený" "student registration number"=451728 exam_id=12
time=2026-05-18T16:16:10.873+02:00 level=DEBUG msg="Vytváranie študenta" name=Anna surname=Kubinová "registration number"=451728
time=2026-05-18T16:16:10.886+02:00 level=DEBUG msg="Hľadanie študenta" "registration number"=1040728 "exam ID"=12
time=2026-05-18T16:16:10.887+02:00 level=DEBUG msg="Študent nebol nájdený" "student registration number"=1040728 exam_id=12
time=2026-05-18T16:16:10.887+02:00 level=DEBUG msg="Vytváranie študenta" name=Zuzana surname=Kubošeková "registration number"=1040728
time=2026-05-18T16:16:10.895+02:00 level=DEBUG msg="Hľadanie študenta" "registration number"=64728 "exam ID"=12
time=2026-05-18T16:16:10.896+02:00 level=DEBUG msg="Študent nebol nájdený" "student registration number"=64728 exam_id=12
time=2026-05-18T16:16:10.896+02:00 level=DEBUG msg="Vytváranie študenta" name=Jakub surname=Kubov "registration number"=64728
time=2026-05-18T16:16:10.904+02:00 level=DEBUG msg="Hľadanie študenta" "registration number"=192728 "exam ID"=12
time=2026-05-18T16:16:10.904+02:00 level=DEBUG msg="Študent nebol nájdený" "student registration number"=192728 exam_id=12
time=2026-05-18T16:16:10.904+02:00 level=DEBUG msg="Vytváranie študenta" name=Maroš surname=Kučera "registration number"=192728
time=2026-05-18T16:16:10.913+02:00 level=DEBUG msg="Hľadanie študenta" "registration number"=946728 "exam ID"=12
time=2026-05-18T16:16:10.914+02:00 level=DEBUG msg="Študent nebol nájdený" "student registration number"=946728 exam_id=12
time=2026-05-18T16:16:10.914+02:00 level=DEBUG msg="Vytváranie študenta" name=Sofiia surname=Kuchko "registration number"=946728
time=2026-05-18T16:16:10.922+02:00 level=DEBUG msg="Hľadanie študenta" "registration number"=411728 "exam ID"=12
time=2026-05-18T16:16:10.922+02:00 level=DEBUG msg="Študent nebol nájdený" "student registration number"=411728 exam_id=12
time=2026-05-18T16:16:10.922+02:00 level=DEBUG msg="Vytváranie študenta" name=Marek surname=Kukučka "registration number"=411728
time=2026-05-18T16:16:10.930+02:00 level=DEBUG msg="Hľadanie študenta" "registration number"=620728 "exam ID"=12
time=2026-05-18T16:16:10.930+02:00 level=DEBUG msg="Študent nebol nájdený" "student registration number"=620728 exam_id=12
time=2026-05-18T16:16:10.930+02:00 level=DEBUG msg="Vytváranie študenta" name=Ilona surname=Kulbitskaya "registration number"=620728
time=2026-05-18T16:16:10.938+02:00 level=DEBUG msg="Hľadanie študenta" "registration number"=510728 "exam ID"=12
time=2026-05-18T16:16:10.939+02:00 level=DEBUG msg="Študent nebol nájdený" "student registration number"=510728 exam_id=12
time=2026-05-18T16:16:10.939+02:00 level=DEBUG msg="Vytváranie študenta" name="Stanislav Aurel" surname=Kuník "registration number"=510728
time=2026-05-18T16:16:10.947+02:00 level=DEBUG msg="Hľadanie študenta" "registration number"=65728 "exam ID"=12
time=2026-05-18T16:16:10.947+02:00 level=DEBUG msg="Študent nebol nájdený" "student registration number"=65728 exam_id=12
time=2026-05-18T16:16:10.947+02:00 level=DEBUG msg="Vytváranie študenta" name=Jakub surname=Kupás "registration number"=65728
time=2026-05-18T16:16:10.955+02:00 level=DEBUG msg="Hľadanie študenta" "registration number"=1042728 "exam ID"=12
time=2026-05-18T16:16:10.956+02:00 level=DEBUG msg="Študent nebol nájdený" "student registration number"=1042728 exam_id=12
time=2026-05-18T16:16:10.956+02:00 level=DEBUG msg="Vytváranie študenta" name=Jakub surname=Kurbel "registration number"=1042728
time=2026-05-18T16:16:10.964+02:00 level=DEBUG msg="Hľadanie študenta" "registration number"=581728 "exam ID"=12
time=2026-05-18T16:16:10.965+02:00 level=DEBUG msg="Študent nebol nájdený" "student registration number"=581728 exam_id=12
time=2026-05-18T16:16:10.965+02:00 level=DEBUG msg="Vytváranie študenta" name=Ivan surname=Kurbetyev "registration number"=581728
time=2026-05-18T16:16:10.973+02:00 level=DEBUG msg="Hľadanie študenta" "registration number"=703728 "exam ID"=12
time=2026-05-18T16:16:10.973+02:00 level=DEBUG msg="Študent nebol nájdený" "student registration number"=703728 exam_id=12
time=2026-05-18T16:16:10.973+02:00 level=DEBUG msg="Vytváranie študenta" name=Artem surname=Kurhan "registration number"=703728
time=2026-05-18T16:16:10.981+02:00 level=DEBUG msg="Hľadanie študenta" "registration number"=351728 "exam ID"=12
time=2026-05-18T16:16:10.981+02:00 level=DEBUG msg="Študent nebol nájdený" "student registration number"=351728 exam_id=12
time=2026-05-18T16:16:10.981+02:00 level=DEBUG msg="Vytváranie študenta" name=Kostiantyn surname=Kuriachenko "registration number"=351728
time=2026-05-18T16:16:10.989+02:00 level=DEBUG msg="Hľadanie študenta" "registration number"=1043728 "exam ID"=12
time=2026-05-18T16:16:10.989+02:00 level=DEBUG msg="Študent nebol nájdený" "student registration number"=1043728 exam_id=12
time=2026-05-18T16:16:10.989+02:00 level=DEBUG msg="Vytváranie študenta" name="Imanuel Samuel" surname=Kuriš "registration number"=1043728
time=2026-05-18T16:16:11.001+02:00 level=DEBUG msg="Hľadanie študenta" "registration number"=326728 "exam ID"=12
time=2026-05-18T16:16:11.001+02:00 level=DEBUG msg="Študent nebol nájdený" "student registration number"=326728 exam_id=12
time=2026-05-18T16:16:11.001+02:00 level=DEBUG msg="Vytváranie študenta" name=Peter surname=Kuruc "registration number"=326728
time=2026-05-18T16:16:11.010+02:00 level=DEBUG msg="Hľadanie študenta" "registration number"=66728 "exam ID"=12
time=2026-05-18T16:16:11.011+02:00 level=DEBUG msg="Študent nebol nájdený" "student registration number"=66728 exam_id=12
time=2026-05-18T16:16:11.011+02:00 level=DEBUG msg="Vytváranie študenta" name=Nikita surname=Kushchenko "registration number"=66728
time=2026-05-18T16:16:11.054+02:00 level=DEBUG msg="Hľadanie študenta" "registration number"=704728 "exam ID"=12
time=2026-05-18T16:16:11.054+02:00 level=DEBUG msg="Študent nebol nájdený" "student registration number"=704728 exam_id=12
time=2026-05-18T16:16:11.054+02:00 level=DEBUG msg="Vytváranie študenta" name=Veronika surname=Kušnírová "registration number"=704728
time=2026-05-18T16:16:11.096+02:00 level=DEBUG msg="Hľadanie študenta" "registration number"=367728 "exam ID"=12
time=2026-05-18T16:16:11.097+02:00 level=DEBUG msg="Študent nebol nájdený" "student registration number"=367728 exam_id=12
time=2026-05-18T16:16:11.097+02:00 level=DEBUG msg="Vytváranie študenta" name=Alexander surname=Kuštan "registration number"=367728
time=2026-05-18T16:16:11.136+02:00 level=DEBUG msg="Hľadanie študenta" "registration number"=67728 "exam ID"=12
time=2026-05-18T16:16:11.137+02:00 level=DEBUG msg="Študent nebol nájdený" "student registration number"=67728 exam_id=12
time=2026-05-18T16:16:11.137+02:00 level=DEBUG msg="Vytváranie študenta" name=Šimon surname=Kutálek "registration number"=67728
time=2026-05-18T16:16:11.181+02:00 level=DEBUG msg="Hľadanie študenta" "registration number"=1110728 "exam ID"=12
time=2026-05-18T16:16:11.182+02:00 level=DEBUG msg="Študent nebol nájdený" "student registration number"=1110728 exam_id=12
time=2026-05-18T16:16:11.182+02:00 level=DEBUG msg="Vytváranie študenta" name=Dmytro surname=Kyrieiev "registration number"=1110728
time=2026-05-18T16:16:11.217+02:00 level=DEBUG msg="Hľadanie študenta" "registration number"=467728 "exam ID"=12
time=2026-05-18T16:16:11.218+02:00 level=DEBUG msg="Študent nebol nájdený" "student registration number"=467728 exam_id=12
time=2026-05-18T16:16:11.218+02:00 level=DEBUG msg="Vytváranie študenta" name=Artem surname=Kyrychenko "registration number"=467728
time=2026-05-18T16:16:11.254+02:00 level=DEBUG msg="Hľadanie študenta" "registration number"=352728 "exam ID"=12
time=2026-05-18T16:16:11.283+02:00 level=DEBUG msg="Študent nebol nájdený" "student registration number"=352728 exam_id=12
time=2026-05-18T16:16:11.283+02:00 level=DEBUG msg="Vytváranie študenta" name=Matej surname=Kyzek "registration number"=352728
time=2026-05-18T16:16:11.357+02:00 level=DEBUG msg="Hľadanie študenta" "registration number"=1260728 "exam ID"=12
time=2026-05-18T16:16:11.358+02:00 level=DEBUG msg="Študent nebol nájdený" "student registration number"=1260728 exam_id=12
time=2026-05-18T16:16:11.358+02:00 level=DEBUG msg="Vytváranie študenta" name=Pavol surname=Labuda "registration number"=1260728
time=2026-05-18T16:16:11.411+02:00 level=DEBUG msg="Hľadanie študenta" "registration number"=1044728 "exam ID"=12
time=2026-05-18T16:16:11.412+02:00 level=DEBUG msg="Študent nebol nájdený" "student registration number"=1044728 exam_id=12
time=2026-05-18T16:16:11.412+02:00 level=DEBUG msg="Vytváranie študenta" name=Oliver surname=Labudík "registration number"=1044728
time=2026-05-18T16:16:11.458+02:00 level=DEBUG msg="Hľadanie študenta" "registration number"=947728 "exam ID"=12
time=2026-05-18T16:16:11.458+02:00 level=DEBUG msg="Študent nebol nájdený" "student registration number"=947728 exam_id=12
time=2026-05-18T16:16:11.458+02:00 level=DEBUG msg="Vytváranie študenta" name=Patrik surname=Labudík "registration number"=947728
time=2026-05-18T16:16:11.555+02:00 level=DEBUG msg="Hľadanie študenta" "registration number"=68728 "exam ID"=12
time=2026-05-18T16:16:11.555+02:00 level=DEBUG msg="Študent nebol nájdený" "student registration number"=68728 exam_id=12
time=2026-05-18T16:16:11.555+02:00 level=DEBUG msg="Vytváranie študenta" name=Daniel surname=Langer "registration number"=68728
time=2026-05-18T16:16:11.598+02:00 level=DEBUG msg="Hľadanie študenta" "registration number"=1045728 "exam ID"=12
time=2026-05-18T16:16:11.599+02:00 level=DEBUG msg="Študent nebol nájdený" "student registration number"=1045728 exam_id=12
time=2026-05-18T16:16:11.599+02:00 level=DEBUG msg="Vytváranie študenta" name=Simon surname=Lapšanský "registration number"=1045728
time=2026-05-18T16:16:11.639+02:00 level=DEBUG msg="Hľadanie študenta" "registration number"=948728 "exam ID"=12
time=2026-05-18T16:16:11.639+02:00 level=DEBUG msg="Študent nebol nájdený" "student registration number"=948728 exam_id=12
time=2026-05-18T16:16:11.639+02:00 level=DEBUG msg="Vytváranie študenta" name=Illia surname=Laptosh "registration number"=948728
time=2026-05-18T16:16:11.722+02:00 level=DEBUG msg="Hľadanie študenta" "registration number"=1112728 "exam ID"=12
time=2026-05-18T16:16:11.723+02:00 level=DEBUG msg="Študent nebol nájdený" "student registration number"=1112728 exam_id=12
time=2026-05-18T16:16:11.723+02:00 level=DEBUG msg="Vytváranie študenta" name=Martin surname=László "registration number"=1112728
time=2026-05-18T16:16:11.781+02:00 level=DEBUG msg="Hľadanie študenta" "registration number"=1261728 "exam ID"=12
time=2026-05-18T16:16:11.787+02:00 level=DEBUG msg="Študent nebol nájdený" "student registration number"=1261728 exam_id=12
time=2026-05-18T16:16:11.787+02:00 level=DEBUG msg="Vytváranie študenta" name=Attila surname=Lašák "registration number"=1261728
time=2026-05-18T16:16:11.835+02:00 level=DEBUG msg="Hľadanie študenta" "registration number"=1113728 "exam ID"=12
time=2026-05-18T16:16:11.839+02:00 level=DEBUG msg="Študent nebol nájdený" "student registration number"=1113728 exam_id=12
time=2026-05-18T16:16:11.839+02:00 level=DEBUG msg="Vytváranie študenta" name=Tibor surname=Lelkes "registration number"=1113728
time=2026-05-18T16:16:11.859+02:00 level=DEBUG msg="Hľadanie študenta" "registration number"=69728 "exam ID"=12
time=2026-05-18T16:16:11.864+02:00 level=DEBUG msg="Študent nebol nájdený" "student registration number"=69728 exam_id=12
time=2026-05-18T16:16:11.864+02:00 level=DEBUG msg="Vytváranie študenta" name=Filip surname=Lenčeš "registration number"=69728
time=2026-05-18T16:16:11.914+02:00 level=DEBUG msg="Hľadanie študenta" "registration number"=468728 "exam ID"=12
time=2026-05-18T16:16:11.925+02:00 level=DEBUG msg="Študent nebol nájdený" "student registration number"=468728 exam_id=12
time=2026-05-18T16:16:11.925+02:00 level=DEBUG msg="Vytváranie študenta" name=Maximilián surname=Lenčeš "registration number"=468728
time=2026-05-18T16:16:11.978+02:00 level=DEBUG msg="Hľadanie študenta" "registration number"=193728 "exam ID"=12
time=2026-05-18T16:16:11.985+02:00 level=DEBUG msg="Študent nebol nájdený" "student registration number"=193728 exam_id=12
time=2026-05-18T16:16:11.985+02:00 level=DEBUG msg="Vytváranie študenta" name=Rostyslav surname=Lendiel "registration number"=193728
time=2026-05-18T16:16:12.002+02:00 level=DEBUG msg="Hľadanie študenta" "registration number"=582728 "exam ID"=12
time=2026-05-18T16:16:12.008+02:00 level=DEBUG msg="Študent nebol nájdený" "student registration number"=582728 exam_id=12
time=2026-05-18T16:16:12.008+02:00 level=DEBUG msg="Vytváranie študenta" name=Maksym surname=Lepskyi "registration number"=582728
time=2026-05-18T16:16:12.055+02:00 level=DEBUG msg="Hľadanie študenta" "registration number"=827728 "exam ID"=12
time=2026-05-18T16:16:12.088+02:00 level=DEBUG msg="Študent nebol nájdený" "student registration number"=827728 exam_id=12
time=2026-05-18T16:16:12.088+02:00 level=DEBUG msg="Vytváranie študenta" name=Matej surname=Leščinský "registration number"=827728
time=2026-05-18T16:16:12.112+02:00 level=DEBUG msg="Hľadanie študenta" "registration number"=583728 "exam ID"=12
time=2026-05-18T16:16:12.120+02:00 level=DEBUG msg="Študent nebol nájdený" "student registration number"=583728 exam_id=12
time=2026-05-18T16:16:12.120+02:00 level=DEBUG msg="Vytváranie študenta" name=Stanislav surname=Levkulych "registration number"=583728
time=2026-05-18T16:16:12.165+02:00 level=DEBUG msg="Hľadanie študenta" "registration number"=70728 "exam ID"=12
time=2026-05-18T16:16:12.168+02:00 level=DEBUG msg="Študent nebol nájdený" "student registration number"=70728 exam_id=12
time=2026-05-18T16:16:12.168+02:00 level=DEBUG msg="Vytváranie študenta" name="Róbert Zhi Bin" surname=Liang "registration number"=70728
time=2026-05-18T16:16:12.224+02:00 level=DEBUG msg="Hľadanie študenta" "registration number"=1048728 "exam ID"=12
time=2026-05-18T16:16:12.227+02:00 level=DEBUG msg="Študent nebol nájdený" "student registration number"=1048728 exam_id=12
time=2026-05-18T16:16:12.227+02:00 level=DEBUG msg="Vytváranie študenta" name=Šimon surname=Libich "registration number"=1048728
time=2026-05-18T16:16:12.278+02:00 level=DEBUG msg="Hľadanie študenta" "registration number"=828728 "exam ID"=12
time=2026-05-18T16:16:12.282+02:00 level=DEBUG msg="Študent nebol nájdený" "student registration number"=828728 exam_id=12
time=2026-05-18T16:16:12.282+02:00 level=DEBUG msg="Vytváranie študenta" name=Martin surname=Lipka "registration number"=828728
time=2026-05-18T16:16:12.331+02:00 level=DEBUG msg="Hľadanie študenta" "registration number"=194728 "exam ID"=12
time=2026-05-18T16:16:12.333+02:00 level=DEBUG msg="Študent nebol nájdený" "student registration number"=194728 exam_id=12
time=2026-05-18T16:16:12.333+02:00 level=DEBUG msg="Vytváranie študenta" name=Rastislav surname=Líška "registration number"=194728
time=2026-05-18T16:16:12.378+02:00 level=DEBUG msg="Hľadanie študenta" "registration number"=1049728 "exam ID"=12
time=2026-05-18T16:16:12.384+02:00 level=DEBUG msg="Študent nebol nájdený" "student registration number"=1049728 exam_id=12
time=2026-05-18T16:16:12.384+02:00 level=DEBUG msg="Vytváranie študenta" name=Martin surname=Lizák "registration number"=1049728
time=2026-05-18T16:16:12.402+02:00 level=DEBUG msg="Hľadanie študenta" "registration number"=801728 "exam ID"=12
time=2026-05-18T16:16:12.409+02:00 level=DEBUG msg="Študent nebol nájdený" "student registration number"=801728 exam_id=12
time=2026-05-18T16:16:12.409+02:00 level=DEBUG msg="Vytváranie študenta" name=Gabriel surname=Lizsica "registration number"=801728
time=2026-05-18T16:16:12.481+02:00 level=DEBUG msg="Hľadanie študenta" "registration number"=803728 "exam ID"=12
time=2026-05-18T16:16:12.483+02:00 level=DEBUG msg="Študent nebol nájdený" "student registration number"=803728 exam_id=12
time=2026-05-18T16:16:12.483+02:00 level=DEBUG msg="Vytváranie študenta" name=Gabriel surname=Lizsica "registration number"=803728
time=2026-05-18T16:16:12.498+02:00 level=DEBUG msg="Hľadanie študenta" "registration number"=71728 "exam ID"=12
time=2026-05-18T16:16:12.499+02:00 level=DEBUG msg="Študent nebol nájdený" "student registration number"=71728 exam_id=12
time=2026-05-18T16:16:12.499+02:00 level=DEBUG msg="Vytváranie študenta" name=Artem surname=Loboda "registration number"=71728
time=2026-05-18T16:16:12.510+02:00 level=DEBUG msg="Hľadanie študenta" "registration number"=585728 "exam ID"=12
time=2026-05-18T16:16:12.510+02:00 level=DEBUG msg="Študent nebol nájdený" "student registration number"=585728 exam_id=12
time=2026-05-18T16:16:12.510+02:00 level=DEBUG msg="Vytváranie študenta" name=Oleksii surname=Lobusov "registration number"=585728
time=2026-05-18T16:16:12.520+02:00 level=DEBUG msg="Hľadanie študenta" "registration number"=621728 "exam ID"=12
time=2026-05-18T16:16:12.521+02:00 level=DEBUG msg="Študent nebol nájdený" "student registration number"=621728 exam_id=12
time=2026-05-18T16:16:12.521+02:00 level=DEBUG msg="Vytváranie študenta" name=Eliška surname=Lomenová "registration number"=621728
time=2026-05-18T16:16:12.530+02:00 level=DEBUG msg="Hľadanie študenta" "registration number"=368728 "exam ID"=12
time=2026-05-18T16:16:12.532+02:00 level=DEBUG msg="Študent nebol nájdený" "student registration number"=368728 exam_id=12
time=2026-05-18T16:16:12.532+02:00 level=DEBUG msg="Vytváranie študenta" name=Matej surname=Lovás "registration number"=368728
time=2026-05-18T16:16:12.543+02:00 level=DEBUG msg="Hľadanie študenta" "registration number"=1050728 "exam ID"=12
time=2026-05-18T16:16:12.544+02:00 level=DEBUG msg="Študent nebol nájdený" "student registration number"=1050728 exam_id=12
time=2026-05-18T16:16:12.544+02:00 level=DEBUG msg="Vytváranie študenta" name=Júlia surname=Lucíková "registration number"=1050728
time=2026-05-18T16:16:12.553+02:00 level=DEBUG msg="Hľadanie študenta" "registration number"=327728 "exam ID"=12
time=2026-05-18T16:16:12.556+02:00 level=DEBUG msg="Študent nebol nájdený" "student registration number"=327728 exam_id=12
time=2026-05-18T16:16:12.556+02:00 level=DEBUG msg="Vytváranie študenta" name=Viktor surname=Lukačka "registration number"=327728
time=2026-05-18T16:16:12.567+02:00 level=DEBUG msg="Hľadanie študenta" "registration number"=72728 "exam ID"=12
time=2026-05-18T16:16:12.568+02:00 level=DEBUG msg="Študent nebol nájdený" "student registration number"=72728 exam_id=12
time=2026-05-18T16:16:12.568+02:00 level=DEBUG msg="Vytváranie študenta" name=Matúš surname=Lupták "registration number"=72728
time=2026-05-18T16:16:12.580+02:00 level=DEBUG msg="Hľadanie študenta" "registration number"=328728 "exam ID"=12
time=2026-05-18T16:16:12.581+02:00 level=DEBUG msg="Študent nebol nájdený" "student registration number"=328728 exam_id=12
time=2026-05-18T16:16:12.581+02:00 level=DEBUG msg="Vytváranie študenta" name=Ivan surname=Lytvyniuk "registration number"=328728
time=2026-05-18T16:16:12.593+02:00 level=DEBUG msg="Hľadanie študenta" "registration number"=1051728 "exam ID"=12
time=2026-05-18T16:16:12.594+02:00 level=DEBUG msg="Študent nebol nájdený" "student registration number"=1051728 exam_id=12
time=2026-05-18T16:16:12.594+02:00 level=DEBUG msg="Vytváranie študenta" name=Matej surname=Maďar "registration number"=1051728
time=2026-05-18T16:16:12.606+02:00 level=DEBUG msg="Hľadanie študenta" "registration number"=158728 "exam ID"=12
time=2026-05-18T16:16:12.608+02:00 level=DEBUG msg="Študent nebol nájdený" "student registration number"=158728 exam_id=12
time=2026-05-18T16:16:12.608+02:00 level=DEBUG msg="Vytváranie študenta" name=Filip surname=Mader "registration number"=158728
time=2026-05-18T16:16:12.620+02:00 level=DEBUG msg="Hľadanie študenta" "registration number"=207728 "exam ID"=12
time=2026-05-18T16:16:12.621+02:00 level=DEBUG msg="Študent nebol nájdený" "student registration number"=207728 exam_id=12
time=2026-05-18T16:16:12.621+02:00 level=DEBUG msg="Vytváranie študenta" name=Osborn surname=Maina "registration number"=207728
time=2026-05-18T16:16:12.633+02:00 level=DEBUG msg="Hľadanie študenta" "registration number"=73728 "exam ID"=12
time=2026-05-18T16:16:12.635+02:00 level=DEBUG msg="Študent nebol nájdený" "student registration number"=73728 exam_id=12
time=2026-05-18T16:16:12.635+02:00 level=DEBUG msg="Vytváranie študenta" name=Mykhailo surname=Makhota "registration number"=73728
time=2026-05-18T16:16:12.647+02:00 level=DEBUG msg="Hľadanie študenta" "registration number"=469728 "exam ID"=12
time=2026-05-18T16:16:12.650+02:00 level=DEBUG msg="Študent nebol nájdený" "student registration number"=469728 exam_id=12
time=2026-05-18T16:16:12.650+02:00 level=DEBUG msg="Vytváranie študenta" name=Danylo surname=Maksymenko "registration number"=469728
time=2026-05-18T16:16:12.661+02:00 level=DEBUG msg="Hľadanie študenta" "registration number"=470728 "exam ID"=12
time=2026-05-18T16:16:12.662+02:00 level=DEBUG msg="Študent nebol nájdený" "student registration number"=470728 exam_id=12
time=2026-05-18T16:16:12.662+02:00 level=DEBUG msg="Vytváranie študenta" name=Dmytro surname=Maksymenko "registration number"=470728
time=2026-05-18T16:16:12.676+02:00 level=DEBUG msg="Hľadanie študenta" "registration number"=949728 "exam ID"=12
time=2026-05-18T16:16:12.678+02:00 level=DEBUG msg="Študent nebol nájdený" "student registration number"=949728 exam_id=12
time=2026-05-18T16:16:12.678+02:00 level=DEBUG msg="Vytváranie študenta" name=Timur surname=Málik "registration number"=949728
time=2026-05-18T16:16:12.688+02:00 level=DEBUG msg="Hľadanie študenta" "registration number"=74728 "exam ID"=12
time=2026-05-18T16:16:12.690+02:00 level=DEBUG msg="Študent nebol nájdený" "student registration number"=74728 exam_id=12
time=2026-05-18T16:16:12.690+02:00 level=DEBUG msg="Vytváranie študenta" name=Myroslav surname=Malikov "registration number"=74728
time=2026-05-18T16:16:12.703+02:00 level=DEBUG msg="Hľadanie študenta" "registration number"=1262728 "exam ID"=12
time=2026-05-18T16:16:12.705+02:00 level=DEBUG msg="Študent nebol nájdený" "student registration number"=1262728 exam_id=12
time=2026-05-18T16:16:12.705+02:00 level=DEBUG msg="Vytváranie študenta" name=Lucia surname=Malíková "registration number"=1262728
time=2026-05-18T16:16:12.716+02:00 level=DEBUG msg="Hľadanie študenta" "registration number"=428728 "exam ID"=12
time=2026-05-18T16:16:12.717+02:00 level=DEBUG msg="Študent nebol nájdený" "student registration number"=428728 exam_id=12
time=2026-05-18T16:16:12.717+02:00 level=DEBUG msg="Vytváranie študenta" name=Yehor surname=Malysh "registration number"=428728
time=2026-05-18T16:16:12.728+02:00 level=DEBUG msg="Hľadanie študenta" "registration number"=75728 "exam ID"=12
time=2026-05-18T16:16:12.731+02:00 level=DEBUG msg="Študent nebol nájdený" "student registration number"=75728 exam_id=12
time=2026-05-18T16:16:12.731+02:00 level=DEBUG msg="Vytváranie študenta" name=Bohdan surname=Mandryk "registration number"=75728
time=2026-05-18T16:16:12.742+02:00 level=DEBUG msg="Hľadanie študenta" "registration number"=209728 "exam ID"=12
time=2026-05-18T16:16:12.744+02:00 level=DEBUG msg="Študent nebol nájdený" "student registration number"=209728 exam_id=12
time=2026-05-18T16:16:12.744+02:00 level=DEBUG msg="Vytváranie študenta" name=Nikola surname=Manduch "registration number"=209728
time=2026-05-18T16:16:12.757+02:00 level=DEBUG msg="Hľadanie študenta" "registration number"=76728 "exam ID"=12
time=2026-05-18T16:16:12.758+02:00 level=DEBUG msg="Študent nebol nájdený" "student registration number"=76728 exam_id=12
time=2026-05-18T16:16:12.758+02:00 level=DEBUG msg="Vytváranie študenta" name=Denys surname=Mandzych "registration number"=76728
time=2026-05-18T16:16:12.768+02:00 level=DEBUG msg="Hľadanie študenta" "registration number"=1052728 "exam ID"=12
time=2026-05-18T16:16:12.769+02:00 level=DEBUG msg="Študent nebol nájdený" "student registration number"=1052728 exam_id=12
time=2026-05-18T16:16:12.769+02:00 level=DEBUG msg="Vytváranie študenta" name=Lukáš surname=Manek "registration number"=1052728
time=2026-05-18T16:16:12.781+02:00 level=DEBUG msg="Hľadanie študenta" "registration number"=511728 "exam ID"=12
time=2026-05-18T16:16:12.782+02:00 level=DEBUG msg="Študent nebol nájdený" "student registration number"=511728 exam_id=12
time=2026-05-18T16:16:12.782+02:00 level=DEBUG msg="Vytváranie študenta" name=Andrej surname=Marko "registration number"=511728
time=2026-05-18T16:16:12.792+02:00 level=DEBUG msg="Hľadanie študenta" "registration number"=705728 "exam ID"=12
time=2026-05-18T16:16:12.795+02:00 level=DEBUG msg="Študent nebol nájdený" "student registration number"=705728 exam_id=12
time=2026-05-18T16:16:12.795+02:00 level=DEBUG msg="Vytváranie študenta" name=Matúš surname=Marko "registration number"=705728
time=2026-05-18T16:16:12.805+02:00 level=DEBUG msg="Hľadanie študenta" "registration number"=950728 "exam ID"=12
time=2026-05-18T16:16:12.807+02:00 level=DEBUG msg="Študent nebol nájdený" "student registration number"=950728 exam_id=12
time=2026-05-18T16:16:12.807+02:00 level=DEBUG msg="Vytváranie študenta" name=Yehor surname=Markov "registration number"=950728
time=2026-05-18T16:16:12.818+02:00 level=DEBUG msg="Hľadanie študenta" "registration number"=706728 "exam ID"=12
time=2026-05-18T16:16:12.821+02:00 level=DEBUG msg="Študent nebol nájdený" "student registration number"=706728 exam_id=12
time=2026-05-18T16:16:12.821+02:00 level=DEBUG msg="Vytváranie študenta" name=Samuel surname=Martinka "registration number"=706728
time=2026-05-18T16:16:12.831+02:00 level=DEBUG msg="Hľadanie študenta" "registration number"=471728 "exam ID"=12
time=2026-05-18T16:16:12.832+02:00 level=DEBUG msg="Študent nebol nájdený" "student registration number"=471728 exam_id=12
time=2026-05-18T16:16:12.832+02:00 level=DEBUG msg="Vytváranie študenta" name=Sára surname=Martinová "registration number"=471728
time=2026-05-18T16:16:12.841+02:00 level=DEBUG msg="Hľadanie študenta" "registration number"=77728 "exam ID"=12
time=2026-05-18T16:16:12.843+02:00 level=DEBUG msg="Študent nebol nájdený" "student registration number"=77728 exam_id=12
time=2026-05-18T16:16:12.843+02:00 level=DEBUG msg="Vytváranie študenta" name=Yurii surname=Masanovets "registration number"=77728
time=2026-05-18T16:16:12.854+02:00 level=DEBUG msg="Hľadanie študenta" "registration number"=755728 "exam ID"=12
time=2026-05-18T16:16:12.856+02:00 level=DEBUG msg="Študent nebol nájdený" "student registration number"=755728 exam_id=12
time=2026-05-18T16:16:12.856+02:00 level=DEBUG msg="Vytváranie študenta" name=Lukáš surname=Maťaš "registration number"=755728
time=2026-05-18T16:16:12.866+02:00 level=DEBUG msg="Hľadanie študenta" "registration number"=622728 "exam ID"=12
time=2026-05-18T16:16:12.869+02:00 level=DEBUG msg="Študent nebol nájdený" "student registration number"=622728 exam_id=12
time=2026-05-18T16:16:12.869+02:00 level=DEBUG msg="Vytváranie študenta" name=Richard surname=Matejka "registration number"=622728
time=2026-05-18T16:16:12.881+02:00 level=DEBUG msg="Hľadanie študenta" "registration number"=1264728 "exam ID"=12
time=2026-05-18T16:16:12.885+02:00 level=DEBUG msg="Študent nebol nájdený" "student registration number"=1264728 exam_id=12
time=2026-05-18T16:16:12.885+02:00 level=DEBUG msg="Vytváranie študenta" name=Timotej surname=Matkovič "registration number"=1264728
time=2026-05-18T16:16:12.898+02:00 level=DEBUG msg="Hľadanie študenta" "registration number"=210728 "exam ID"=12
time=2026-05-18T16:16:12.900+02:00 level=DEBUG msg="Študent nebol nájdený" "student registration number"=210728 exam_id=12
time=2026-05-18T16:16:12.900+02:00 level=DEBUG msg="Vytváranie študenta" name=Dávid surname=Matušák "registration number"=210728
time=2026-05-18T16:16:12.910+02:00 level=DEBUG msg="Hľadanie študenta" "registration number"=78728 "exam ID"=12
time=2026-05-18T16:16:12.912+02:00 level=DEBUG msg="Študent nebol nájdený" "student registration number"=78728 exam_id=12
time=2026-05-18T16:16:12.912+02:00 level=DEBUG msg="Vytváranie študenta" name=Michal surname=Mečiar "registration number"=78728
time=2026-05-18T16:16:12.922+02:00 level=DEBUG msg="Hľadanie študenta" "registration number"=829728 "exam ID"=12
time=2026-05-18T16:16:12.923+02:00 level=DEBUG msg="Študent nebol nájdený" "student registration number"=829728 exam_id=12
time=2026-05-18T16:16:12.923+02:00 level=DEBUG msg="Vytváranie študenta" name=Samuel surname=Meliška "registration number"=829728
time=2026-05-18T16:16:12.933+02:00 level=DEBUG msg="Hľadanie študenta" "registration number"=830728 "exam ID"=12
time=2026-05-18T16:16:12.936+02:00 level=DEBUG msg="Študent nebol nájdený" "student registration number"=830728 exam_id=12
time=2026-05-18T16:16:12.936+02:00 level=DEBUG msg="Vytváranie študenta" name=Samuel surname=Mellen "registration number"=830728
time=2026-05-18T16:16:12.958+02:00 level=DEBUG msg="Hľadanie študenta" "registration number"=234728 "exam ID"=12
time=2026-05-18T16:16:12.959+02:00 level=DEBUG msg="Študent nebol nájdený" "student registration number"=234728 exam_id=12
time=2026-05-18T16:16:12.959+02:00 level=DEBUG msg="Vytváranie študenta" name=Richard surname=Mezey "registration number"=234728
time=2026-05-18T16:16:12.974+02:00 level=DEBUG msg="Hľadanie študenta" "registration number"=520728 "exam ID"=12
time=2026-05-18T16:16:12.978+02:00 level=DEBUG msg="Študent nebol nájdený" "student registration number"=520728 exam_id=12
time=2026-05-18T16:16:12.978+02:00 level=DEBUG msg="Vytváranie študenta" name=Tomáš surname=Mezovský "registration number"=520728
time=2026-05-18T16:16:12.990+02:00 level=DEBUG msg="Hľadanie študenta" "registration number"=353728 "exam ID"=12
time=2026-05-18T16:16:12.991+02:00 level=DEBUG msg="Študent nebol nájdený" "student registration number"=353728 exam_id=12
time=2026-05-18T16:16:12.991+02:00 level=DEBUG msg="Vytváranie študenta" name=Roman surname=Mezvrishvili "registration number"=353728
time=2026-05-18T16:16:13.003+02:00 level=DEBUG msg="Hľadanie študenta" "registration number"=756728 "exam ID"=12
time=2026-05-18T16:16:13.004+02:00 level=DEBUG msg="Študent nebol nájdený" "student registration number"=756728 exam_id=12
time=2026-05-18T16:16:13.004+02:00 level=DEBUG msg="Vytváranie študenta" name=Matúš surname=Mičieta "registration number"=756728
time=2026-05-18T16:16:13.016+02:00 level=DEBUG msg="Hľadanie študenta" "registration number"=707728 "exam ID"=12
time=2026-05-18T16:16:13.018+02:00 level=DEBUG msg="Študent nebol nájdený" "student registration number"=707728 exam_id=12
time=2026-05-18T16:16:13.018+02:00 level=DEBUG msg="Vytváranie študenta" name=Samuel surname=Mičko "registration number"=707728
time=2026-05-18T16:16:13.030+02:00 level=DEBUG msg="Hľadanie študenta" "registration number"=412728 "exam ID"=12
time=2026-05-18T16:16:13.030+02:00 level=DEBUG msg="Študent nebol nájdený" "student registration number"=412728 exam_id=12
time=2026-05-18T16:16:13.030+02:00 level=DEBUG msg="Vytváranie študenta" name=Andrej surname=Mihálik "registration number"=412728
time=2026-05-18T16:16:13.042+02:00 level=DEBUG msg="Hľadanie študenta" "registration number"=329728 "exam ID"=12
time=2026-05-18T16:16:13.045+02:00 level=DEBUG msg="Študent nebol nájdený" "student registration number"=329728 exam_id=12
time=2026-05-18T16:16:13.045+02:00 level=DEBUG msg="Vytváranie študenta" name=Zoltán surname=Miklós "registration number"=329728
time=2026-05-18T16:16:13.058+02:00 level=DEBUG msg="Hľadanie študenta" "registration number"=757728 "exam ID"=12
time=2026-05-18T16:16:13.059+02:00 level=DEBUG msg="Študent nebol nájdený" "student registration number"=757728 exam_id=12
time=2026-05-18T16:16:13.059+02:00 level=DEBUG msg="Vytváranie študenta" name=Adam surname=Mikula "registration number"=757728
time=2026-05-18T16:16:13.068+02:00 level=DEBUG msg="Hľadanie študenta" "registration number"=1265728 "exam ID"=12
time=2026-05-18T16:16:13.070+02:00 level=DEBUG msg="Študent nebol nájdený" "student registration number"=1265728 exam_id=12
time=2026-05-18T16:16:13.070+02:00 level=DEBUG msg="Vytváranie študenta" name=Tomáš surname=Mitický "registration number"=1265728
time=2026-05-18T16:16:13.081+02:00 level=DEBUG msg="Hľadanie študenta" "registration number"=951728 "exam ID"=12
time=2026-05-18T16:16:13.082+02:00 level=DEBUG msg="Študent nebol nájdený" "student registration number"=951728 exam_id=12
time=2026-05-18T16:16:13.082+02:00 level=DEBUG msg="Vytváranie študenta" name=Mykhailo surname=Mitusov "registration number"=951728
time=2026-05-18T16:16:13.093+02:00 level=DEBUG msg="Hľadanie študenta" "registration number"=652728 "exam ID"=12
time=2026-05-18T16:16:13.094+02:00 level=DEBUG msg="Študent nebol nájdený" "student registration number"=652728 exam_id=12
time=2026-05-18T16:16:13.094+02:00 level=DEBUG msg="Vytváranie študenta" name="Samuel Sebastian" surname=Mlej "registration number"=652728
time=2026-05-18T16:16:13.105+02:00 level=DEBUG msg="Hľadanie študenta" "registration number"=161728 "exam ID"=12
time=2026-05-18T16:16:13.106+02:00 level=DEBUG msg="Študent nebol nájdený" "student registration number"=161728 exam_id=12
time=2026-05-18T16:16:13.106+02:00 level=DEBUG msg="Vytváranie študenta" name="Martin Milan" surname=Mlynek "registration number"=161728
time=2026-05-18T16:16:13.117+02:00 level=DEBUG msg="Hľadanie študenta" "registration number"=1053728 "exam ID"=12
time=2026-05-18T16:16:13.118+02:00 level=DEBUG msg="Študent nebol nájdený" "student registration number"=1053728 exam_id=12
time=2026-05-18T16:16:13.118+02:00 level=DEBUG msg="Vytváranie študenta" name=Barnabás surname=Mocsi "registration number"=1053728
time=2026-05-18T16:16:13.128+02:00 level=DEBUG msg="Hľadanie študenta" "registration number"=831728 "exam ID"=12
time=2026-05-18T16:16:13.131+02:00 level=DEBUG msg="Študent nebol nájdený" "student registration number"=831728 exam_id=12
time=2026-05-18T16:16:13.131+02:00 level=DEBUG msg="Vytváranie študenta" name=Kateryna surname=Mokernko "registration number"=831728
time=2026-05-18T16:16:13.143+02:00 level=DEBUG msg="Hľadanie študenta" "registration number"=1054728 "exam ID"=12
time=2026-05-18T16:16:13.145+02:00 level=DEBUG msg="Študent nebol nájdený" "student registration number"=1054728 exam_id=12
time=2026-05-18T16:16:13.145+02:00 level=DEBUG msg="Vytváranie študenta" name=Marek surname=Monček "registration number"=1054728
time=2026-05-18T16:16:13.158+02:00 level=DEBUG msg="Hľadanie študenta" "registration number"=1116728 "exam ID"=12
time=2026-05-18T16:16:13.162+02:00 level=DEBUG msg="Študent nebol nájdený" "student registration number"=1116728 exam_id=12
time=2026-05-18T16:16:13.162+02:00 level=DEBUG msg="Vytváranie študenta" name=Adrián surname=Moravanský "registration number"=1116728
time=2026-05-18T16:16:13.175+02:00 level=DEBUG msg="Hľadanie študenta" "registration number"=708728 "exam ID"=12
time=2026-05-18T16:16:13.178+02:00 level=DEBUG msg="Študent nebol nájdený" "student registration number"=708728 exam_id=12
time=2026-05-18T16:16:13.178+02:00 level=DEBUG msg="Vytváranie študenta" name=Oliver surname=Morecz "registration number"=708728
time=2026-05-18T16:16:13.191+02:00 level=DEBUG msg="Hľadanie študenta" "registration number"=330728 "exam ID"=12
time=2026-05-18T16:16:13.194+02:00 level=DEBUG msg="Študent nebol nájdený" "student registration number"=330728 exam_id=12
time=2026-05-18T16:16:13.194+02:00 level=DEBUG msg="Vytváranie študenta" name=Veronika surname=Morozko "registration number"=330728
time=2026-05-18T16:16:13.208+02:00 level=DEBUG msg="Hľadanie študenta" "registration number"=1117728 "exam ID"=12
time=2026-05-18T16:16:13.210+02:00 level=DEBUG msg="Študent nebol nájdený" "student registration number"=1117728 exam_id=12
time=2026-05-18T16:16:13.210+02:00 level=DEBUG msg="Vytváranie študenta" name=Denys surname=Mozghovyi "registration number"=1117728
time=2026-05-18T16:16:13.221+02:00 level=DEBUG msg="Hľadanie študenta" "registration number"=1055728 "exam ID"=12
time=2026-05-18T16:16:13.222+02:00 level=DEBUG msg="Študent nebol nájdený" "student registration number"=1055728 exam_id=12
time=2026-05-18T16:16:13.222+02:00 level=DEBUG msg="Vytváranie študenta" name=Vivian surname=Muríňová "registration number"=1055728
time=2026-05-18T16:16:13.233+02:00 level=DEBUG msg="Hľadanie študenta" "registration number"=709728 "exam ID"=12
time=2026-05-18T16:16:13.236+02:00 level=DEBUG msg="Študent nebol nájdený" "student registration number"=709728 exam_id=12
time=2026-05-18T16:16:13.236+02:00 level=DEBUG msg="Vytváranie študenta" name=Viktor surname=Mushka "registration number"=709728
time=2026-05-18T16:16:13.252+02:00 level=DEBUG msg="Hľadanie študenta" "registration number"=623728 "exam ID"=12
time=2026-05-18T16:16:13.254+02:00 level=DEBUG msg="Študent nebol nájdený" "student registration number"=623728 exam_id=12
time=2026-05-18T16:16:13.254+02:00 level=DEBUG msg="Vytváranie študenta" name=Anhelina surname=Mysan "registration number"=623728
time=2026-05-18T16:16:13.267+02:00 level=DEBUG msg="Hľadanie študenta" "registration number"=521728 "exam ID"=12
time=2026-05-18T16:16:13.269+02:00 level=DEBUG msg="Študent nebol nájdený" "student registration number"=521728 exam_id=12
time=2026-05-18T16:16:13.269+02:00 level=DEBUG msg="Vytváranie študenta" name=Dániel surname=Nagy "registration number"=521728
time=2026-05-18T16:16:13.280+02:00 level=DEBUG msg="Hľadanie študenta" "registration number"=79728 "exam ID"=12
time=2026-05-18T16:16:13.282+02:00 level=DEBUG msg="Študent nebol nájdený" "student registration number"=79728 exam_id=12
time=2026-05-18T16:16:13.282+02:00 level=DEBUG msg="Vytváranie študenta" name=Dominik surname=Nagy "registration number"=79728
time=2026-05-18T16:16:13.294+02:00 level=DEBUG msg="Hľadanie študenta" "registration number"=162728 "exam ID"=12
time=2026-05-18T16:16:13.296+02:00 level=DEBUG msg="Študent nebol nájdený" "student registration number"=162728 exam_id=12
time=2026-05-18T16:16:13.296+02:00 level=DEBUG msg="Vytváranie študenta" name=Daria surname=Nazarenko "registration number"=162728
time=2026-05-18T16:16:13.310+02:00 level=DEBUG msg="Hľadanie študenta" "registration number"=832728 "exam ID"=12
time=2026-05-18T16:16:13.310+02:00 level=DEBUG msg="Študent nebol nájdený" "student registration number"=832728 exam_id=12
time=2026-05-18T16:16:13.310+02:00 level=DEBUG msg="Vytváranie študenta" name=Volodymyr surname=Nedoluha "registration number"=832728
time=2026-05-18T16:16:13.328+02:00 level=DEBUG msg="Hľadanie študenta" "registration number"=332728 "exam ID"=12
time=2026-05-18T16:16:13.329+02:00 level=DEBUG msg="Študent nebol nájdený" "student registration number"=332728 exam_id=12
time=2026-05-18T16:16:13.329+02:00 level=DEBUG msg="Vytváranie študenta" name=Oleksandr surname=Nehria "registration number"=332728
time=2026-05-18T16:16:13.340+02:00 level=DEBUG msg="Hľadanie študenta" "registration number"=81728 "exam ID"=12
time=2026-05-18T16:16:13.341+02:00 level=DEBUG msg="Študent nebol nájdený" "student registration number"=81728 exam_id=12
time=2026-05-18T16:16:13.341+02:00 level=DEBUG msg="Vytváranie študenta" name=Yurii surname=Nekhaiev "registration number"=81728
time=2026-05-18T16:16:13.350+02:00 level=DEBUG msg="Hľadanie študenta" "registration number"=1120728 "exam ID"=12
time=2026-05-18T16:16:13.352+02:00 level=DEBUG msg="Študent nebol nájdený" "student registration number"=1120728 exam_id=12
time=2026-05-18T16:16:13.352+02:00 level=DEBUG msg="Vytváranie študenta" name=Erik surname=Nemčovič "registration number"=1120728
time=2026-05-18T16:16:13.364+02:00 level=DEBUG msg="Hľadanie študenta" "registration number"=473728 "exam ID"=12
time=2026-05-18T16:16:13.370+02:00 level=DEBUG msg="Študent nebol nájdený" "student registration number"=473728 exam_id=12
time=2026-05-18T16:16:13.370+02:00 level=DEBUG msg="Vytváranie študenta" name=Elizaveta surname=Nestrugina "registration number"=473728
time=2026-05-18T16:16:13.393+02:00 level=DEBUG msg="Hľadanie študenta" "registration number"=711728 "exam ID"=12
time=2026-05-18T16:16:13.396+02:00 level=DEBUG msg="Študent nebol nájdený" "student registration number"=711728 exam_id=12
time=2026-05-18T16:16:13.396+02:00 level=DEBUG msg="Vytváranie študenta" name=Bohdan surname=Novák "registration number"=711728
time=2026-05-18T16:16:13.408+02:00 level=DEBUG msg="Hľadanie študenta" "registration number"=1056728 "exam ID"=12
time=2026-05-18T16:16:13.409+02:00 level=DEBUG msg="Študent nebol nájdený" "student registration number"=1056728 exam_id=12
time=2026-05-18T16:16:13.409+02:00 level=DEBUG msg="Vytváranie študenta" name=Adam surname=Novotňák "registration number"=1056728
time=2026-05-18T16:16:13.418+02:00 level=DEBUG msg="Hľadanie študenta" "registration number"=1057728 "exam ID"=12
time=2026-05-18T16:16:13.420+02:00 level=DEBUG msg="Študent nebol nájdený" "student registration number"=1057728 exam_id=12
time=2026-05-18T16:16:13.420+02:00 level=DEBUG msg="Vytváranie študenta" name=Pavol surname=Novotný "registration number"=1057728
time=2026-05-18T16:16:13.436+02:00 level=DEBUG msg="Hľadanie študenta" "registration number"=413728 "exam ID"=12
time=2026-05-18T16:16:13.438+02:00 level=DEBUG msg="Študent nebol nájdený" "student registration number"=413728 exam_id=12
time=2026-05-18T16:16:13.438+02:00 level=DEBUG msg="Vytváranie študenta" name=David surname=Obuh "registration number"=413728
time=2026-05-18T16:16:13.448+02:00 level=DEBUG msg="Hľadanie študenta" "registration number"=474728 "exam ID"=12
time=2026-05-18T16:16:13.450+02:00 level=DEBUG msg="Študent nebol nájdený" "student registration number"=474728 exam_id=12
time=2026-05-18T16:16:13.450+02:00 level=DEBUG msg="Vytváranie študenta" name=Šimon surname=Očkaják "registration number"=474728
time=2026-05-18T16:16:13.461+02:00 level=DEBUG msg="Hľadanie študenta" "registration number"=429728 "exam ID"=12
time=2026-05-18T16:16:13.463+02:00 level=DEBUG msg="Študent nebol nájdený" "student registration number"=429728 exam_id=12
time=2026-05-18T16:16:13.463+02:00 level=DEBUG msg="Vytváranie študenta" name=Illia surname=Oliinykov "registration number"=429728
time=2026-05-18T16:16:13.475+02:00 level=DEBUG msg="Hľadanie študenta" "registration number"=712728 "exam ID"=12
time=2026-05-18T16:16:13.477+02:00 level=DEBUG msg="Študent nebol nájdený" "student registration number"=712728 exam_id=12
time=2026-05-18T16:16:13.477+02:00 level=DEBUG msg="Vytváranie študenta" name=Patrik surname=Ölveczki "registration number"=712728
time=2026-05-18T16:16:13.489+02:00 level=DEBUG msg="Hľadanie študenta" "registration number"=1266728 "exam ID"=12
time=2026-05-18T16:16:13.490+02:00 level=DEBUG msg="Študent nebol nájdený" "student registration number"=1266728 exam_id=12
time=2026-05-18T16:16:13.490+02:00 level=DEBUG msg="Vytváranie študenta" name=Filip surname=Ondraščin "registration number"=1266728
time=2026-05-18T16:16:13.502+02:00 level=DEBUG msg="Hľadanie študenta" "registration number"=1144728 "exam ID"=12
time=2026-05-18T16:16:13.505+02:00 level=DEBUG msg="Študent nebol nájdený" "student registration number"=1144728 exam_id=12
time=2026-05-18T16:16:13.505+02:00 level=DEBUG msg="Vytváranie študenta" name="Adam Sebastián" surname=Ondrušek "registration number"=1144728
time=2026-05-18T16:16:13.518+02:00 level=DEBUG msg="Hľadanie študenta" "registration number"=1267728 "exam ID"=12
time=2026-05-18T16:16:13.519+02:00 level=DEBUG msg="Študent nebol nájdený" "student registration number"=1267728 exam_id=12
time=2026-05-18T16:16:13.519+02:00 level=DEBUG msg="Vytváranie študenta" name=Radovan surname=Ontko "registration number"=1267728
time=2026-05-18T16:16:13.532+02:00 level=DEBUG msg="Hľadanie študenta" "registration number"=475728 "exam ID"=12
time=2026-05-18T16:16:13.534+02:00 level=DEBUG msg="Študent nebol nájdený" "student registration number"=475728 exam_id=12
time=2026-05-18T16:16:13.534+02:00 level=DEBUG msg="Vytváranie študenta" name=Patrik surname=Orlický "registration number"=475728
time=2026-05-18T16:16:13.543+02:00 level=DEBUG msg="Hľadanie študenta" "registration number"=84728 "exam ID"=12
time=2026-05-18T16:16:13.544+02:00 level=DEBUG msg="Študent nebol nájdený" "student registration number"=84728 exam_id=12
time=2026-05-18T16:16:13.544+02:00 level=DEBUG msg="Vytváranie študenta" name=Tomáš surname=Orolin "registration number"=84728
time=2026-05-18T16:16:13.556+02:00 level=DEBUG msg="Hľadanie študenta" "registration number"=415728 "exam ID"=12
time=2026-05-18T16:16:13.557+02:00 level=DEBUG msg="Študent nebol nájdený" "student registration number"=415728 exam_id=12
time=2026-05-18T16:16:13.557+02:00 level=DEBUG msg="Vytváranie študenta" name=Jakub surname=Pajer "registration number"=415728
time=2026-05-18T16:16:13.567+02:00 level=DEBUG msg="Hľadanie študenta" "registration number"=512728 "exam ID"=12
time=2026-05-18T16:16:13.568+02:00 level=DEBUG msg="Študent nebol nájdený" "student registration number"=512728 exam_id=12
time=2026-05-18T16:16:13.568+02:00 level=DEBUG msg="Vytváranie študenta" name=Ladislav surname=Pálinkás "registration number"=512728
time=2026-05-18T16:16:13.580+02:00 level=DEBUG msg="Hľadanie študenta" "registration number"=833728 "exam ID"=12
time=2026-05-18T16:16:13.584+02:00 level=DEBUG msg="Študent nebol nájdený" "student registration number"=833728 exam_id=12
time=2026-05-18T16:16:13.584+02:00 level=DEBUG msg="Vytváranie študenta" name=Tomáš surname=Palko "registration number"=833728
time=2026-05-18T16:16:13.595+02:00 level=DEBUG msg="Hľadanie študenta" "registration number"=238728 "exam ID"=12
time=2026-05-18T16:16:13.596+02:00 level=DEBUG msg="Študent nebol nájdený" "student registration number"=238728 exam_id=12
time=2026-05-18T16:16:13.596+02:00 level=DEBUG msg="Vytváranie študenta" name=Roman surname=Parasotskyi "registration number"=238728
time=2026-05-18T16:16:13.607+02:00 level=DEBUG msg="Hľadanie študenta" "registration number"=476728 "exam ID"=12
time=2026-05-18T16:16:13.609+02:00 level=DEBUG msg="Študent nebol nájdený" "student registration number"=476728 exam_id=12
time=2026-05-18T16:16:13.609+02:00 level=DEBUG msg="Vytváranie študenta" name=Oleksandr surname=Parfeniuk "registration number"=476728
time=2026-05-18T16:16:13.621+02:00 level=DEBUG msg="Hľadanie študenta" "registration number"=85728 "exam ID"=12
time=2026-05-18T16:16:13.623+02:00 level=DEBUG msg="Študent nebol nájdený" "student registration number"=85728 exam_id=12
time=2026-05-18T16:16:13.623+02:00 level=DEBUG msg="Vytváranie študenta" name=Nikolai surname=Pasiechko "registration number"=85728
time=2026-05-18T16:16:13.635+02:00 level=DEBUG msg="Hľadanie študenta" "registration number"=86728 "exam ID"=12
time=2026-05-18T16:16:13.637+02:00 level=DEBUG msg="Študent nebol nájdený" "student registration number"=86728 exam_id=12
time=2026-05-18T16:16:13.637+02:00 level=DEBUG msg="Vytváranie študenta" name=Filip surname=Pastierik "registration number"=86728
time=2026-05-18T16:16:13.649+02:00 level=DEBUG msg="Hľadanie študenta" "registration number"=333728 "exam ID"=12
time=2026-05-18T16:16:13.651+02:00 level=DEBUG msg="Študent nebol nájdený" "student registration number"=333728 exam_id=12
time=2026-05-18T16:16:13.651+02:00 level=DEBUG msg="Vytváranie študenta" name=Júlia surname=Patayová "registration number"=333728
time=2026-05-18T16:16:13.662+02:00 level=DEBUG msg="Hľadanie študenta" "registration number"=87728 "exam ID"=12
time=2026-05-18T16:16:13.664+02:00 level=DEBUG msg="Študent nebol nájdený" "student registration number"=87728 exam_id=12
time=2026-05-18T16:16:13.664+02:00 level=DEBUG msg="Vytváranie študenta" name=Mykhailo surname=Pavlenko "registration number"=87728
time=2026-05-18T16:16:13.676+02:00 level=DEBUG msg="Hľadanie študenta" "registration number"=1121728 "exam ID"=12
time=2026-05-18T16:16:13.676+02:00 level=DEBUG msg="Študent nebol nájdený" "student registration number"=1121728 exam_id=12
time=2026-05-18T16:16:13.676+02:00 level=DEBUG msg="Vytváranie študenta" name=Norbert surname=Pavlíček "registration number"=1121728
time=2026-05-18T16:16:13.689+02:00 level=DEBUG msg="Hľadanie študenta" "registration number"=1122728 "exam ID"=12
time=2026-05-18T16:16:13.689+02:00 level=DEBUG msg="Študent nebol nájdený" "student registration number"=1122728 exam_id=12
time=2026-05-18T16:16:13.689+02:00 level=DEBUG msg="Vytváranie študenta" name=Juraj surname=Pavlík "registration number"=1122728
time=2026-05-18T16:16:13.696+02:00 level=DEBUG msg="Hľadanie študenta" "registration number"=1268728 "exam ID"=12
time=2026-05-18T16:16:13.697+02:00 level=DEBUG msg="Študent nebol nájdený" "student registration number"=1268728 exam_id=12
time=2026-05-18T16:16:13.697+02:00 level=DEBUG msg="Vytváranie študenta" name=Richard surname=Pavliščík "registration number"=1268728
time=2026-05-18T16:16:13.705+02:00 level=DEBUG msg="Hľadanie študenta" "registration number"=88728 "exam ID"=12
time=2026-05-18T16:16:13.705+02:00 level=DEBUG msg="Študent nebol nájdený" "student registration number"=88728 exam_id=12
time=2026-05-18T16:16:13.705+02:00 level=DEBUG msg="Vytváranie študenta" name=Dmytro surname=Pazychenko "registration number"=88728
time=2026-05-18T16:16:13.714+02:00 level=DEBUG msg="Hľadanie študenta" "registration number"=1124728 "exam ID"=12
time=2026-05-18T16:16:13.714+02:00 level=DEBUG msg="Študent nebol nájdený" "student registration number"=1124728 exam_id=12
time=2026-05-18T16:16:13.714+02:00 level=DEBUG msg="Vytváranie študenta" name=Martin surname=Pecho "registration number"=1124728
time=2026-05-18T16:16:13.725+02:00 level=DEBUG msg="Hľadanie študenta" "registration number"=89728 "exam ID"=12
time=2026-05-18T16:16:13.725+02:00 level=DEBUG msg="Študent nebol nájdený" "student registration number"=89728 exam_id=12
time=2026-05-18T16:16:13.725+02:00 level=DEBUG msg="Vytváranie študenta" name=Lukáš surname=Pekara "registration number"=89728
time=2026-05-18T16:16:13.736+02:00 level=DEBUG msg="Hľadanie študenta" "registration number"=952728 "exam ID"=12
time=2026-05-18T16:16:13.737+02:00 level=DEBUG msg="Študent nebol nájdený" "student registration number"=952728 exam_id=12
time=2026-05-18T16:16:13.737+02:00 level=DEBUG msg="Vytváranie študenta" name=Samuel surname=Peternai "registration number"=952728
time=2026-05-18T16:16:13.745+02:00 level=DEBUG msg="Hľadanie študenta" "registration number"=90728 "exam ID"=12
time=2026-05-18T16:16:13.745+02:00 level=DEBUG msg="Študent nebol nájdený" "student registration number"=90728 exam_id=12
time=2026-05-18T16:16:13.745+02:00 level=DEBUG msg="Vytváranie študenta" name=Karin surname=Petíková "registration number"=90728
time=2026-05-18T16:16:13.752+02:00 level=DEBUG msg="Hľadanie študenta" "registration number"=431728 "exam ID"=12
time=2026-05-18T16:16:13.753+02:00 level=DEBUG msg="Študent nebol nájdený" "student registration number"=431728 exam_id=12
time=2026-05-18T16:16:13.753+02:00 level=DEBUG msg="Vytváranie študenta" name=Matej surname=Petrík "registration number"=431728
time=2026-05-18T16:16:13.762+02:00 level=DEBUG msg="Hľadanie študenta" "registration number"=1059728 "exam ID"=12
time=2026-05-18T16:16:13.763+02:00 level=DEBUG msg="Študent nebol nájdený" "student registration number"=1059728 exam_id=12
time=2026-05-18T16:16:13.763+02:00 level=DEBUG msg="Vytváranie študenta" name=Juraj surname=Petrina "registration number"=1059728
time=2026-05-18T16:16:13.770+02:00 level=DEBUG msg="Hľadanie študenta" "registration number"=1126728 "exam ID"=12
time=2026-05-18T16:16:13.771+02:00 level=DEBUG msg="Študent nebol nájdený" "student registration number"=1126728 exam_id=12
time=2026-05-18T16:16:13.771+02:00 level=DEBUG msg="Vytváranie študenta" name=Dominik surname=Petro "registration number"=1126728
time=2026-05-18T16:16:13.779+02:00 level=DEBUG msg="Hľadanie študenta" "registration number"=1061728 "exam ID"=12
time=2026-05-18T16:16:13.780+02:00 level=DEBUG msg="Študent nebol nájdený" "student registration number"=1061728 exam_id=12
time=2026-05-18T16:16:13.780+02:00 level=DEBUG msg="Vytváranie študenta" name=Michal surname=Petrovčin "registration number"=1061728
time=2026-05-18T16:16:13.790+02:00 level=DEBUG msg="Hľadanie študenta" "registration number"=91728 "exam ID"=12
time=2026-05-18T16:16:13.790+02:00 level=DEBUG msg="Študent nebol nájdený" "student registration number"=91728 exam_id=12
time=2026-05-18T16:16:13.790+02:00 level=DEBUG msg="Vytváranie študenta" name=Martin surname=Pivko "registration number"=91728
time=2026-05-18T16:16:13.798+02:00 level=DEBUG msg="Hľadanie študenta" "registration number"=1270728 "exam ID"=12
time=2026-05-18T16:16:13.799+02:00 level=DEBUG msg="Študent nebol nájdený" "student registration number"=1270728 exam_id=12
time=2026-05-18T16:16:13.799+02:00 level=DEBUG msg="Vytváranie študenta" name=Tomáš surname=Plačko "registration number"=1270728
time=2026-05-18T16:16:13.806+02:00 level=DEBUG msg="Hľadanie študenta" "registration number"=92728 "exam ID"=12
time=2026-05-18T16:16:13.807+02:00 level=DEBUG msg="Študent nebol nájdený" "student registration number"=92728 exam_id=12
time=2026-05-18T16:16:13.807+02:00 level=DEBUG msg="Vytváranie študenta" name=Alexandra surname=Plankó "registration number"=92728
time=2026-05-18T16:16:13.814+02:00 level=DEBUG msg="Hľadanie študenta" "registration number"=834728 "exam ID"=12
time=2026-05-18T16:16:13.814+02:00 level=DEBUG msg="Študent nebol nájdený" "student registration number"=834728 exam_id=12
time=2026-05-18T16:16:13.814+02:00 level=DEBUG msg="Vytváranie študenta" name=Lucia surname=Plišková "registration number"=834728
time=2026-05-18T16:16:13.824+02:00 level=DEBUG msg="Hľadanie študenta" "registration number"=1062728 "exam ID"=12
time=2026-05-18T16:16:13.825+02:00 level=DEBUG msg="Študent nebol nájdený" "student registration number"=1062728 exam_id=12
time=2026-05-18T16:16:13.825+02:00 level=DEBUG msg="Vytváranie študenta" name=Andrii surname=Podorvan "registration number"=1062728
time=2026-05-18T16:16:13.833+02:00 level=DEBUG msg="Hľadanie študenta" "registration number"=954728 "exam ID"=12
time=2026-05-18T16:16:13.833+02:00 level=DEBUG msg="Študent nebol nájdený" "student registration number"=954728 exam_id=12
time=2026-05-18T16:16:13.833+02:00 level=DEBUG msg="Vytváranie študenta" name=Daniil surname=Pokusai "registration number"=954728
time=2026-05-18T16:16:13.842+02:00 level=DEBUG msg="Hľadanie študenta" "registration number"=477728 "exam ID"=12
time=2026-05-18T16:16:13.842+02:00 level=DEBUG msg="Študent nebol nájdený" "student registration number"=477728 exam_id=12
time=2026-05-18T16:16:13.842+02:00 level=DEBUG msg="Vytváranie študenta" name=Rastislav surname=Poliak "registration number"=477728
time=2026-05-18T16:16:13.850+02:00 level=DEBUG msg="Hľadanie študenta" "registration number"=835728 "exam ID"=12
time=2026-05-18T16:16:13.851+02:00 level=DEBUG msg="Študent nebol nájdený" "student registration number"=835728 exam_id=12
time=2026-05-18T16:16:13.851+02:00 level=DEBUG msg="Vytváranie študenta" name=Jakub surname=Políček "registration number"=835728
time=2026-05-18T16:16:13.859+02:00 level=DEBUG msg="Hľadanie študenta" "registration number"=93728 "exam ID"=12
time=2026-05-18T16:16:13.859+02:00 level=DEBUG msg="Študent nebol nájdený" "student registration number"=93728 exam_id=12
time=2026-05-18T16:16:13.859+02:00 level=DEBUG msg="Vytváranie študenta" name=Artem surname=Polishchuk "registration number"=93728
time=2026-05-18T16:16:13.867+02:00 level=DEBUG msg="Hľadanie študenta" "registration number"=955728 "exam ID"=12
time=2026-05-18T16:16:13.867+02:00 level=DEBUG msg="Študent nebol nájdený" "student registration number"=955728 exam_id=12
time=2026-05-18T16:16:13.867+02:00 level=DEBUG msg="Vytváranie študenta" name=Viacheslav surname=Polishchuk "registration number"=955728
time=2026-05-18T16:16:13.874+02:00 level=DEBUG msg="Hľadanie študenta" "registration number"=589728 "exam ID"=12
time=2026-05-18T16:16:13.875+02:00 level=DEBUG msg="Študent nebol nájdený" "student registration number"=589728 exam_id=12
time=2026-05-18T16:16:13.875+02:00 level=DEBUG msg="Vytváranie študenta" name=Marek surname=Pomahač "registration number"=589728
time=2026-05-18T16:16:13.885+02:00 level=DEBUG msg="Hľadanie študenta" "registration number"=416728 "exam ID"=12
time=2026-05-18T16:16:13.885+02:00 level=DEBUG msg="Študent nebol nájdený" "student registration number"=416728 exam_id=12
time=2026-05-18T16:16:13.885+02:00 level=DEBUG msg="Vytváranie študenta" name=Illia surname=Ponomarov "registration number"=416728
time=2026-05-18T16:16:13.893+02:00 level=DEBUG msg="Hľadanie študenta" "registration number"=94728 "exam ID"=12
time=2026-05-18T16:16:13.894+02:00 level=DEBUG msg="Študent nebol nájdený" "student registration number"=94728 exam_id=12
time=2026-05-18T16:16:13.894+02:00 level=DEBUG msg="Vytváranie študenta" name="Ferenc Dániel" surname=Pónya "registration number"=94728
time=2026-05-18T16:16:13.902+02:00 level=DEBUG msg="Hľadanie študenta" "registration number"=239728 "exam ID"=12
time=2026-05-18T16:16:13.902+02:00 level=DEBUG msg="Študent nebol nájdený" "student registration number"=239728 exam_id=12
time=2026-05-18T16:16:13.902+02:00 level=DEBUG msg="Vytváranie študenta" name=Yevhenii surname=Poroshyn "registration number"=239728
time=2026-05-18T16:16:13.910+02:00 level=DEBUG msg="Hľadanie študenta" "registration number"=758728 "exam ID"=12
time=2026-05-18T16:16:13.910+02:00 level=DEBUG msg="Študent nebol nájdený" "student registration number"=758728 exam_id=12
time=2026-05-18T16:16:13.910+02:00 level=DEBUG msg="Vytváranie študenta" name=Pavol surname=Porubský "registration number"=758728
time=2026-05-18T16:16:13.918+02:00 level=DEBUG msg="Hľadanie študenta" "registration number"=335728 "exam ID"=12
time=2026-05-18T16:16:13.919+02:00 level=DEBUG msg="Študent nebol nájdený" "student registration number"=335728 exam_id=12
time=2026-05-18T16:16:13.919+02:00 level=DEBUG msg="Vytváranie študenta" name=Maksym surname=Postoronka "registration number"=335728
time=2026-05-18T16:16:13.926+02:00 level=DEBUG msg="Hľadanie študenta" "registration number"=95728 "exam ID"=12
time=2026-05-18T16:16:13.927+02:00 level=DEBUG msg="Študent nebol nájdený" "student registration number"=95728 exam_id=12
time=2026-05-18T16:16:13.927+02:00 level=DEBUG msg="Vytváranie študenta" name=Karin surname=Priebojová "registration number"=95728
time=2026-05-18T16:16:13.935+02:00 level=DEBUG msg="Hľadanie študenta" "registration number"=836728 "exam ID"=12
time=2026-05-18T16:16:13.935+02:00 level=DEBUG msg="Študent nebol nájdený" "student registration number"=836728 exam_id=12
time=2026-05-18T16:16:13.935+02:00 level=DEBUG msg="Vytváranie študenta" name=Mykhailo surname=Prokopenko "registration number"=836728
time=2026-05-18T16:16:13.943+02:00 level=DEBUG msg="Hľadanie študenta" "registration number"=716728 "exam ID"=12
time=2026-05-18T16:16:13.944+02:00 level=DEBUG msg="Študent nebol nájdený" "student registration number"=716728 exam_id=12
time=2026-05-18T16:16:13.944+02:00 level=DEBUG msg="Vytváranie študenta" name=Yan surname=Prosnitskyi "registration number"=716728
time=2026-05-18T16:16:13.952+02:00 level=DEBUG msg="Hľadanie študenta" "registration number"=418728 "exam ID"=12
time=2026-05-18T16:16:13.953+02:00 level=DEBUG msg="Študent nebol nájdený" "student registration number"=418728 exam_id=12
time=2026-05-18T16:16:13.953+02:00 level=DEBUG msg="Vytváranie študenta" name=Artem surname=Protsenko "registration number"=418728
time=2026-05-18T16:16:13.960+02:00 level=DEBUG msg="Hľadanie študenta" "registration number"=96728 "exam ID"=12
time=2026-05-18T16:16:13.961+02:00 level=DEBUG msg="Študent nebol nájdený" "student registration number"=96728 exam_id=12
time=2026-05-18T16:16:13.961+02:00 level=DEBUG msg="Vytváranie študenta" name=Vladyslav surname=Prytula "registration number"=96728
time=2026-05-18T16:16:13.969+02:00 level=DEBUG msg="Hľadanie študenta" "registration number"=1065728 "exam ID"=12
time=2026-05-18T16:16:13.969+02:00 level=DEBUG msg="Študent nebol nájdený" "student registration number"=1065728 exam_id=12
time=2026-05-18T16:16:13.969+02:00 level=DEBUG msg="Vytváranie študenta" name=Jakub surname=Pudiš "registration number"=1065728
time=2026-05-18T16:16:13.976+02:00 level=DEBUG msg="Hľadanie študenta" "registration number"=241728 "exam ID"=12
time=2026-05-18T16:16:13.977+02:00 level=DEBUG msg="Študent nebol nájdený" "student registration number"=241728 exam_id=12
time=2026-05-18T16:16:13.977+02:00 level=DEBUG msg="Vytváranie študenta" name=Martin surname=Pudiš "registration number"=241728
time=2026-05-18T16:16:13.985+02:00 level=DEBUG msg="Hľadanie študenta" "registration number"=97728 "exam ID"=12
time=2026-05-18T16:16:13.985+02:00 level=DEBUG msg="Študent nebol nájdený" "student registration number"=97728 exam_id=12
time=2026-05-18T16:16:13.985+02:00 level=DEBUG msg="Vytváranie študenta" name=Sofiia surname=Pukhalska "registration number"=97728
time=2026-05-18T16:16:13.993+02:00 level=DEBUG msg="Hľadanie študenta" "registration number"=717728 "exam ID"=12
time=2026-05-18T16:16:13.994+02:00 level=DEBUG msg="Študent nebol nájdený" "student registration number"=717728 exam_id=12
time=2026-05-18T16:16:13.994+02:00 level=DEBUG msg="Vytváranie študenta" name=Yingcheng surname=Qiu "registration number"=717728
time=2026-05-18T16:16:14.002+02:00 level=DEBUG msg="Hľadanie študenta" "registration number"=653728 "exam ID"=12
time=2026-05-18T16:16:14.002+02:00 level=DEBUG msg="Študent nebol nájdený" "student registration number"=653728 exam_id=12
time=2026-05-18T16:16:14.002+02:00 level=DEBUG msg="Vytváranie študenta" name=Dávid surname=Rábara "registration number"=653728
time=2026-05-18T16:16:14.010+02:00 level=DEBUG msg="Hľadanie študenta" "registration number"=336728 "exam ID"=12
time=2026-05-18T16:16:14.010+02:00 level=DEBUG msg="Študent nebol nájdený" "student registration number"=336728 exam_id=12
time=2026-05-18T16:16:14.010+02:00 level=DEBUG msg="Vytváranie študenta" name=Patrik surname=Rácz "registration number"=336728
time=2026-05-18T16:16:14.019+02:00 level=DEBUG msg="Hľadanie študenta" "registration number"=1129728 "exam ID"=12
time=2026-05-18T16:16:14.019+02:00 level=DEBUG msg="Študent nebol nájdený" "student registration number"=1129728 exam_id=12
time=2026-05-18T16:16:14.019+02:00 level=DEBUG msg="Vytváranie študenta" name=Levente surname=Rajnoha "registration number"=1129728
time=2026-05-18T16:16:14.030+02:00 level=DEBUG msg="Hľadanie študenta" "registration number"=1271728 "exam ID"=12
time=2026-05-18T16:16:14.030+02:00 level=DEBUG msg="Študent nebol nájdený" "student registration number"=1271728 exam_id=12
time=2026-05-18T16:16:14.030+02:00 level=DEBUG msg="Vytváranie študenta" name=Damián surname=Rapko "registration number"=1271728
time=2026-05-18T16:16:14.038+02:00 level=DEBUG msg="Hľadanie študenta" "registration number"=1067728 "exam ID"=12
time=2026-05-18T16:16:14.038+02:00 level=DEBUG msg="Študent nebol nájdený" "student registration number"=1067728 exam_id=12
time=2026-05-18T16:16:14.038+02:00 level=DEBUG msg="Vytváranie študenta" name=Volodymyr surname=Rashkevych "registration number"=1067728
time=2026-05-18T16:16:14.046+02:00 level=DEBUG msg="Hľadanie študenta" "registration number"=718728 "exam ID"=12
time=2026-05-18T16:16:14.047+02:00 level=DEBUG msg="Študent nebol nájdený" "student registration number"=718728 exam_id=12
time=2026-05-18T16:16:14.047+02:00 level=DEBUG msg="Vytváranie študenta" name=Kristián surname=Rekeň "registration number"=718728
time=2026-05-18T16:16:14.055+02:00 level=DEBUG msg="Hľadanie študenta" "registration number"=805728 "exam ID"=12
time=2026-05-18T16:16:14.055+02:00 level=DEBUG msg="Študent nebol nájdený" "student registration number"=805728 exam_id=12
time=2026-05-18T16:16:14.055+02:00 level=DEBUG msg="Vytváranie študenta" name=Jozef surname=Remiš "registration number"=805728
time=2026-05-18T16:16:14.064+02:00 level=DEBUG msg="Hľadanie študenta" "registration number"=434728 "exam ID"=12
time=2026-05-18T16:16:14.064+02:00 level=DEBUG msg="Študent nebol nájdený" "student registration number"=434728 exam_id=12
time=2026-05-18T16:16:14.064+02:00 level=DEBUG msg="Vytváranie študenta" name=Robert surname=Repa "registration number"=434728
time=2026-05-18T16:16:14.072+02:00 level=DEBUG msg="Hľadanie študenta" "registration number"=759728 "exam ID"=12
time=2026-05-18T16:16:14.073+02:00 level=DEBUG msg="Študent nebol nájdený" "student registration number"=759728 exam_id=12
time=2026-05-18T16:16:14.073+02:00 level=DEBUG msg="Vytváranie študenta" name=Ján surname=Repáň "registration number"=759728
time=2026-05-18T16:16:14.080+02:00 level=DEBUG msg="Hľadanie študenta" "registration number"=242728 "exam ID"=12
time=2026-05-18T16:16:14.081+02:00 level=DEBUG msg="Študent nebol nájdený" "student registration number"=242728 exam_id=12
time=2026-05-18T16:16:14.081+02:00 level=DEBUG msg="Vytváranie študenta" name=Jakub surname=Repka "registration number"=242728
time=2026-05-18T16:16:14.091+02:00 level=DEBUG msg="Hľadanie študenta" "registration number"=165728 "exam ID"=12
time=2026-05-18T16:16:14.092+02:00 level=DEBUG msg="Študent nebol nájdený" "student registration number"=165728 exam_id=12
time=2026-05-18T16:16:14.092+02:00 level=DEBUG msg="Vytváranie študenta" name=Illia surname=Reshetar "registration number"=165728
time=2026-05-18T16:16:14.099+02:00 level=DEBUG msg="Hľadanie študenta" "registration number"=1273728 "exam ID"=12
time=2026-05-18T16:16:14.099+02:00 level=DEBUG msg="Študent nebol nájdený" "student registration number"=1273728 exam_id=12
time=2026-05-18T16:16:14.099+02:00 level=DEBUG msg="Vytváranie študenta" name=Boris surname=Reško "registration number"=1273728
time=2026-05-18T16:16:14.110+02:00 level=DEBUG msg="Hľadanie študenta" "registration number"=956728 "exam ID"=12
time=2026-05-18T16:16:14.110+02:00 level=DEBUG msg="Študent nebol nájdený" "student registration number"=956728 exam_id=12
time=2026-05-18T16:16:14.110+02:00 level=DEBUG msg="Vytváranie študenta" name=Marek surname=Rimovský "registration number"=956728
time=2026-05-18T16:16:14.120+02:00 level=DEBUG msg="Hľadanie študenta" "registration number"=478728 "exam ID"=12
time=2026-05-18T16:16:14.120+02:00 level=DEBUG msg="Študent nebol nájdený" "student registration number"=478728 exam_id=12
time=2026-05-18T16:16:14.120+02:00 level=DEBUG msg="Vytváranie študenta" name=Adam surname=Riško "registration number"=478728
time=2026-05-18T16:16:14.131+02:00 level=DEBUG msg="Hľadanie študenta" "registration number"=1068728 "exam ID"=12
time=2026-05-18T16:16:14.132+02:00 level=DEBUG msg="Študent nebol nájdený" "student registration number"=1068728 exam_id=12
time=2026-05-18T16:16:14.132+02:00 level=DEBUG msg="Vytváranie študenta" name=Martin surname=Rizman "registration number"=1068728
time=2026-05-18T16:16:14.140+02:00 level=DEBUG msg="Hľadanie študenta" "registration number"=98728 "exam ID"=12
time=2026-05-18T16:16:14.140+02:00 level=DEBUG msg="Študent nebol nájdený" "student registration number"=98728 exam_id=12
time=2026-05-18T16:16:14.140+02:00 level=DEBUG msg="Vytváranie študenta" name=Mykolai surname=Rohal "registration number"=98728
time=2026-05-18T16:16:14.148+02:00 level=DEBUG msg="Hľadanie študenta" "registration number"=99728 "exam ID"=12
time=2026-05-18T16:16:14.148+02:00 level=DEBUG msg="Študent nebol nájdený" "student registration number"=99728 exam_id=12
time=2026-05-18T16:16:14.148+02:00 level=DEBUG msg="Vytváranie študenta" name=Artem surname=Rohovyi "registration number"=99728
time=2026-05-18T16:16:14.159+02:00 level=DEBUG msg="Hľadanie študenta" "registration number"=100728 "exam ID"=12
time=2026-05-18T16:16:14.159+02:00 level=DEBUG msg="Študent nebol nájdený" "student registration number"=100728 exam_id=12
time=2026-05-18T16:16:14.159+02:00 level=DEBUG msg="Vytváranie študenta" name=Juraj surname=Rojko "registration number"=100728
time=2026-05-18T16:16:14.170+02:00 level=DEBUG msg="Hľadanie študenta" "registration number"=957728 "exam ID"=12
time=2026-05-18T16:16:14.171+02:00 level=DEBUG msg="Študent nebol nájdený" "student registration number"=957728 exam_id=12
time=2026-05-18T16:16:14.171+02:00 level=DEBUG msg="Vytváranie študenta" name=Artem surname=Romanenko "registration number"=957728
time=2026-05-18T16:16:14.178+02:00 level=DEBUG msg="Hľadanie študenta" "registration number"=958728 "exam ID"=12
time=2026-05-18T16:16:14.178+02:00 level=DEBUG msg="Študent nebol nájdený" "student registration number"=958728 exam_id=12
time=2026-05-18T16:16:14.178+02:00 level=DEBUG msg="Vytváranie študenta" name=Artem surname=Romanenko "registration number"=958728
time=2026-05-18T16:16:14.189+02:00 level=DEBUG msg="Hľadanie študenta" "registration number"=101728 "exam ID"=12
time=2026-05-18T16:16:14.190+02:00 level=DEBUG msg="Študent nebol nájdený" "student registration number"=101728 exam_id=12
time=2026-05-18T16:16:14.190+02:00 level=DEBUG msg="Vytváranie študenta" name=Daniil surname=Romashov "registration number"=101728
time=2026-05-18T16:16:14.197+02:00 level=DEBUG msg="Hľadanie študenta" "registration number"=625728 "exam ID"=12
time=2026-05-18T16:16:14.198+02:00 level=DEBUG msg="Študent nebol nájdený" "student registration number"=625728 exam_id=12
time=2026-05-18T16:16:14.198+02:00 level=DEBUG msg="Vytváranie študenta" name=Erik surname=Rubín "registration number"=625728
time=2026-05-18T16:16:14.206+02:00 level=DEBUG msg="Hľadanie študenta" "registration number"=419728 "exam ID"=12
time=2026-05-18T16:16:14.207+02:00 level=DEBUG msg="Študent nebol nájdený" "student registration number"=419728 exam_id=12
time=2026-05-18T16:16:14.207+02:00 level=DEBUG msg="Vytváranie študenta" name=Ihor surname=Rudenko "registration number"=419728
time=2026-05-18T16:16:14.215+02:00 level=DEBUG msg="Hľadanie študenta" "registration number"=591728 "exam ID"=12
time=2026-05-18T16:16:14.215+02:00 level=DEBUG msg="Študent nebol nájdený" "student registration number"=591728 exam_id=12
time=2026-05-18T16:16:14.215+02:00 level=DEBUG msg="Vytváranie študenta" name=Oliver surname=Rúsek "registration number"=591728
time=2026-05-18T16:16:14.224+02:00 level=DEBUG msg="Hľadanie študenta" "registration number"=102728 "exam ID"=12
time=2026-05-18T16:16:14.224+02:00 level=DEBUG msg="Študent nebol nájdený" "student registration number"=102728 exam_id=12
time=2026-05-18T16:16:14.224+02:00 level=DEBUG msg="Vytváranie študenta" name=Kristián surname=Rybanský "registration number"=102728
time=2026-05-18T16:16:14.234+02:00 level=DEBUG msg="Hľadanie študenta" "registration number"=167728 "exam ID"=12
time=2026-05-18T16:16:14.235+02:00 level=DEBUG msg="Študent nebol nájdený" "student registration number"=167728 exam_id=12
time=2026-05-18T16:16:14.235+02:00 level=DEBUG msg="Vytváranie študenta" name=Dalibor surname=Rydzik "registration number"=167728
time=2026-05-18T16:16:14.243+02:00 level=DEBUG msg="Hľadanie študenta" "registration number"=103728 "exam ID"=12
time=2026-05-18T16:16:14.243+02:00 level=DEBUG msg="Študent nebol nájdený" "student registration number"=103728 exam_id=12
time=2026-05-18T16:16:14.243+02:00 level=DEBUG msg="Vytváranie študenta" name=Samuel surname=Sabo "registration number"=103728
time=2026-05-18T16:16:14.251+02:00 level=DEBUG msg="Hľadanie študenta" "registration number"=719728 "exam ID"=12
time=2026-05-18T16:16:14.251+02:00 level=DEBUG msg="Študent nebol nájdený" "student registration number"=719728 exam_id=12
time=2026-05-18T16:16:14.251+02:00 level=DEBUG msg="Vytváranie študenta" name=Grigorii surname=Sadovskii "registration number"=719728
time=2026-05-18T16:16:14.259+02:00 level=DEBUG msg="Hľadanie študenta" "registration number"=104728 "exam ID"=12
time=2026-05-18T16:16:14.260+02:00 level=DEBUG msg="Študent nebol nájdený" "student registration number"=104728 exam_id=12
time=2026-05-18T16:16:14.260+02:00 level=DEBUG msg="Vytváranie študenta" name=Mykhailo surname=Safronov "registration number"=104728
time=2026-05-18T16:16:14.268+02:00 level=DEBUG msg="Hľadanie študenta" "registration number"=720728 "exam ID"=12
time=2026-05-18T16:16:14.268+02:00 level=DEBUG msg="Študent nebol nájdený" "student registration number"=720728 exam_id=12
time=2026-05-18T16:16:14.268+02:00 level=DEBUG msg="Vytváranie študenta" name=Dominik surname=Sako "registration number"=720728
time=2026-05-18T16:16:14.276+02:00 level=DEBUG msg="Hľadanie študenta" "registration number"=214728 "exam ID"=12
time=2026-05-18T16:16:14.277+02:00 level=DEBUG msg="Študent nebol nájdený" "student registration number"=214728 exam_id=12
time=2026-05-18T16:16:14.277+02:00 level=DEBUG msg="Vytváranie študenta" name=Maksym surname=Saliienko "registration number"=214728
time=2026-05-18T16:16:14.285+02:00 level=DEBUG msg="Hľadanie študenta" "registration number"=420728 "exam ID"=12
time=2026-05-18T16:16:14.285+02:00 level=DEBUG msg="Študent nebol nájdený" "student registration number"=420728 exam_id=12
time=2026-05-18T16:16:14.285+02:00 level=DEBUG msg="Vytváranie študenta" name=Oliver surname=Santus "registration number"=420728
time=2026-05-18T16:16:14.293+02:00 level=DEBUG msg="Hľadanie študenta" "registration number"=105728 "exam ID"=12
time=2026-05-18T16:16:14.293+02:00 level=DEBUG msg="Študent nebol nájdený" "student registration number"=105728 exam_id=12
time=2026-05-18T16:16:14.293+02:00 level=DEBUG msg="Vytváranie študenta" name="Sahat Immanuel" surname=Sarumpaet "registration number"=105728
time=2026-05-18T16:16:14.304+02:00 level=DEBUG msg="Hľadanie študenta" "registration number"=106728 "exam ID"=12
time=2026-05-18T16:16:14.304+02:00 level=DEBUG msg="Študent nebol nájdený" "student registration number"=106728 exam_id=12
time=2026-05-18T16:16:14.304+02:00 level=DEBUG msg="Vytváranie študenta" name=Vladyslav surname=Savchenko "registration number"=106728
time=2026-05-18T16:16:14.312+02:00 level=DEBUG msg="Hľadanie študenta" "registration number"=479728 "exam ID"=12
time=2026-05-18T16:16:14.312+02:00 level=DEBUG msg="Študent nebol nájdený" "student registration number"=479728 exam_id=12
time=2026-05-18T16:16:14.312+02:00 level=DEBUG msg="Vytváranie študenta" name=Matej surname=Sedlák "registration number"=479728
time=2026-05-18T16:16:14.320+02:00 level=DEBUG msg="Hľadanie študenta" "registration number"=1069728 "exam ID"=12
time=2026-05-18T16:16:14.320+02:00 level=DEBUG msg="Študent nebol nájdený" "student registration number"=1069728 exam_id=12
time=2026-05-18T16:16:14.320+02:00 level=DEBUG msg="Vytváranie študenta" name=Nikolas surname=Séleš "registration number"=1069728
time=2026-05-18T16:16:14.328+02:00 level=DEBUG msg="Hľadanie študenta" "registration number"=655728 "exam ID"=12
time=2026-05-18T16:16:14.329+02:00 level=DEBUG msg="Študent nebol nájdený" "student registration number"=655728 exam_id=12
time=2026-05-18T16:16:14.329+02:00 level=DEBUG msg="Vytváranie študenta" name=Yuliia surname=Semedii "registration number"=655728
time=2026-05-18T16:16:14.336+02:00 level=DEBUG msg="Hľadanie študenta" "registration number"=480728 "exam ID"=12
time=2026-05-18T16:16:14.337+02:00 level=DEBUG msg="Študent nebol nájdený" "student registration number"=480728 exam_id=12
time=2026-05-18T16:16:14.337+02:00 level=DEBUG msg="Vytváranie študenta" name=Kirill surname=Shatrov "registration number"=480728
time=2026-05-18T16:16:14.345+02:00 level=DEBUG msg="Hľadanie študenta" "registration number"=349728 "exam ID"=12
time=2026-05-18T16:16:14.345+02:00 level=DEBUG msg="Študent nebol nájdený" "student registration number"=349728 exam_id=12
time=2026-05-18T16:16:14.345+02:00 level=DEBUG msg="Vytváranie študenta" name=Dmitrii surname=Shestakov "registration number"=349728
time=2026-05-18T16:16:14.353+02:00 level=DEBUG msg="Hľadanie študenta" "registration number"=1275728 "exam ID"=12
time=2026-05-18T16:16:14.353+02:00 level=DEBUG msg="Študent nebol nájdený" "student registration number"=1275728 exam_id=12
time=2026-05-18T16:16:14.353+02:00 level=DEBUG msg="Vytváranie študenta" name=Roman surname=Shevchenko "registration number"=1275728
time=2026-05-18T16:16:14.361+02:00 level=DEBUG msg="Hľadanie študenta" "registration number"=107728 "exam ID"=12
time=2026-05-18T16:16:14.362+02:00 level=DEBUG msg="Študent nebol nájdený" "student registration number"=107728 exam_id=12
time=2026-05-18T16:16:14.362+02:00 level=DEBUG msg="Vytváranie študenta" name=Illia surname=Shchehlov "registration number"=107728
time=2026-05-18T16:16:14.370+02:00 level=DEBUG msg="Hľadanie študenta" "registration number"=837728 "exam ID"=12
time=2026-05-18T16:16:14.370+02:00 level=DEBUG msg="Študent nebol nájdený" "student registration number"=837728 exam_id=12
time=2026-05-18T16:16:14.370+02:00 level=DEBUG msg="Vytváranie študenta" name=Volodymyr surname=Shcherban "registration number"=837728
time=2026-05-18T16:16:14.378+02:00 level=DEBUG msg="Hľadanie študenta" "registration number"=627728 "exam ID"=12
time=2026-05-18T16:16:14.379+02:00 level=DEBUG msg="Študent nebol nájdený" "student registration number"=627728 exam_id=12
time=2026-05-18T16:16:14.379+02:00 level=DEBUG msg="Vytváranie študenta" name=Ivan surname=Shchupko "registration number"=627728
time=2026-05-18T16:16:14.387+02:00 level=DEBUG msg="Hľadanie študenta" "registration number"=108728 "exam ID"=12
time=2026-05-18T16:16:14.387+02:00 level=DEBUG msg="Študent nebol nájdený" "student registration number"=108728 exam_id=12
time=2026-05-18T16:16:14.387+02:00 level=DEBUG msg="Vytváranie študenta" name=Dmytro surname=Shotskyi "registration number"=108728
time=2026-05-18T16:16:14.395+02:00 level=DEBUG msg="Hľadanie študenta" "registration number"=421728 "exam ID"=12
time=2026-05-18T16:16:14.396+02:00 level=DEBUG msg="Študent nebol nájdený" "student registration number"=421728 exam_id=12
time=2026-05-18T16:16:14.396+02:00 level=DEBUG msg="Vytváranie študenta" name=Nazar surname=Shpinai "registration number"=421728
time=2026-05-18T16:16:14.404+02:00 level=DEBUG msg="Hľadanie študenta" "registration number"=723728 "exam ID"=12
time=2026-05-18T16:16:14.405+02:00 level=DEBUG msg="Študent nebol nájdený" "student registration number"=723728 exam_id=12
time=2026-05-18T16:16:14.405+02:00 level=DEBUG msg="Vytváranie študenta" name=Anastasiia surname=Shuvaieva "registration number"=723728
time=2026-05-18T16:16:14.413+02:00 level=DEBUG msg="Hľadanie študenta" "registration number"=110728 "exam ID"=12
time=2026-05-18T16:16:14.414+02:00 level=DEBUG msg="Študent nebol nájdený" "student registration number"=110728 exam_id=12
time=2026-05-18T16:16:14.414+02:00 level=DEBUG msg="Vytváranie študenta" name=Bohdan surname=Shyrokyi "registration number"=110728
time=2026-05-18T16:16:14.422+02:00 level=DEBUG msg="Hľadanie študenta" "registration number"=838728 "exam ID"=12
time=2026-05-18T16:16:14.422+02:00 level=DEBUG msg="Študent nebol nájdený" "student registration number"=838728 exam_id=12
time=2026-05-18T16:16:14.422+02:00 level=DEBUG msg="Vytváranie študenta" name=Andrej surname=Siekel "registration number"=838728
time=2026-05-18T16:16:14.431+02:00 level=DEBUG msg="Hľadanie študenta" "registration number"=1130728 "exam ID"=12
time=2026-05-18T16:16:14.431+02:00 level=DEBUG msg="Študent nebol nájdený" "student registration number"=1130728 exam_id=12
time=2026-05-18T16:16:14.431+02:00 level=DEBUG msg="Vytváranie študenta" name=Vanesa surname=Siváková "registration number"=1130728
time=2026-05-18T16:16:14.439+02:00 level=DEBUG msg="Hľadanie študenta" "registration number"=243728 "exam ID"=12
time=2026-05-18T16:16:14.440+02:00 level=DEBUG msg="Študent nebol nájdený" "student registration number"=243728 exam_id=12
time=2026-05-18T16:16:14.440+02:00 level=DEBUG msg="Vytváranie študenta" name=Yurii surname=Skrypachenko "registration number"=243728
time=2026-05-18T16:16:14.448+02:00 level=DEBUG msg="Hľadanie študenta" "registration number"=481728 "exam ID"=12
time=2026-05-18T16:16:14.448+02:00 level=DEBUG msg="Študent nebol nájdený" "student registration number"=481728 exam_id=12
time=2026-05-18T16:16:14.448+02:00 level=DEBUG msg="Vytváranie študenta" name=Jakub surname=Skýpala "registration number"=481728
time=2026-05-18T16:16:14.456+02:00 level=DEBUG msg="Hľadanie študenta" "registration number"=111728 "exam ID"=12
time=2026-05-18T16:16:14.456+02:00 level=DEBUG msg="Študent nebol nájdený" "student registration number"=111728 exam_id=12
time=2026-05-18T16:16:14.456+02:00 level=DEBUG msg="Vytváranie študenta" name=Jakub surname=Slebodník "registration number"=111728
time=2026-05-18T16:16:14.464+02:00 level=DEBUG msg="Hľadanie študenta" "registration number"=628728 "exam ID"=12
time=2026-05-18T16:16:14.465+02:00 level=DEBUG msg="Študent nebol nájdený" "student registration number"=628728 exam_id=12
time=2026-05-18T16:16:14.465+02:00 level=DEBUG msg="Vytváranie študenta" name=Dominik surname=Slovak "registration number"=628728
time=2026-05-18T16:16:14.472+02:00 level=DEBUG msg="Hľadanie študenta" "registration number"=629728 "exam ID"=12
time=2026-05-18T16:16:14.473+02:00 level=DEBUG msg="Študent nebol nájdený" "student registration number"=629728 exam_id=12
time=2026-05-18T16:16:14.473+02:00 level=DEBUG msg="Vytváranie študenta" name=Maksym surname=Smirnov "registration number"=629728
time=2026-05-18T16:16:14.481+02:00 level=DEBUG msg="Hľadanie študenta" "registration number"=592728 "exam ID"=12
time=2026-05-18T16:16:14.481+02:00 level=DEBUG msg="Študent nebol nájdený" "student registration number"=592728 exam_id=12
time=2026-05-18T16:16:14.481+02:00 level=DEBUG msg="Vytváranie študenta" name=Samuel surname=Sobčák "registration number"=592728
time=2026-05-18T16:16:14.489+02:00 level=DEBUG msg="Hľadanie študenta" "registration number"=112728 "exam ID"=12
time=2026-05-18T16:16:14.489+02:00 level=DEBUG msg="Študent nebol nájdený" "student registration number"=112728 exam_id=12
time=2026-05-18T16:16:14.489+02:00 level=DEBUG msg="Vytváranie študenta" name=Savelii surname=Sobol "registration number"=112728
time=2026-05-18T16:16:14.497+02:00 level=DEBUG msg="Hľadanie študenta" "registration number"=113728 "exam ID"=12
time=2026-05-18T16:16:14.498+02:00 level=DEBUG msg="Študent nebol nájdený" "student registration number"=113728 exam_id=12
time=2026-05-18T16:16:14.498+02:00 level=DEBUG msg="Vytváranie študenta" name=Roman surname=Soják "registration number"=113728
time=2026-05-18T16:16:14.505+02:00 level=DEBUG msg="Hľadanie študenta" "registration number"=1277728 "exam ID"=12
time=2026-05-18T16:16:14.506+02:00 level=DEBUG msg="Študent nebol nájdený" "student registration number"=1277728 exam_id=12
time=2026-05-18T16:16:14.506+02:00 level=DEBUG msg="Vytváranie študenta" name=Viktoriia surname=Sokolova "registration number"=1277728
time=2026-05-18T16:16:14.513+02:00 level=DEBUG msg="Hľadanie študenta" "registration number"=1131728 "exam ID"=12
time=2026-05-18T16:16:14.514+02:00 level=DEBUG msg="Študent nebol nájdený" "student registration number"=1131728 exam_id=12
time=2026-05-18T16:16:14.514+02:00 level=DEBUG msg="Vytváranie študenta" name=Jozef surname=Solymosy "registration number"=1131728
time=2026-05-18T16:16:14.525+02:00 level=DEBUG msg="Hľadanie študenta" "registration number"=630728 "exam ID"=12
time=2026-05-18T16:16:14.526+02:00 level=DEBUG msg="Študent nebol nájdený" "student registration number"=630728 exam_id=12
time=2026-05-18T16:16:14.526+02:00 level=DEBUG msg="Vytváranie študenta" name=Adrián surname=Somogyi "registration number"=630728
time=2026-05-18T16:16:14.533+02:00 level=DEBUG msg="Hľadanie študenta" "registration number"=1132728 "exam ID"=12
time=2026-05-18T16:16:14.534+02:00 level=DEBUG msg="Študent nebol nájdený" "student registration number"=1132728 exam_id=12
time=2026-05-18T16:16:14.534+02:00 level=DEBUG msg="Vytváranie študenta" name=Adrián surname=Somogyi "registration number"=1132728
time=2026-05-18T16:16:14.542+02:00 level=DEBUG msg="Hľadanie študenta" "registration number"=724728 "exam ID"=12
time=2026-05-18T16:16:14.542+02:00 level=DEBUG msg="Študent nebol nájdený" "student registration number"=724728 exam_id=12
time=2026-05-18T16:16:14.542+02:00 level=DEBUG msg="Vytváranie študenta" name=Dominik surname=Soós "registration number"=724728
time=2026-05-18T16:16:14.550+02:00 level=DEBUG msg="Hľadanie študenta" "registration number"=482728 "exam ID"=12
time=2026-05-18T16:16:14.551+02:00 level=DEBUG msg="Študent nebol nájdený" "student registration number"=482728 exam_id=12
time=2026-05-18T16:16:14.551+02:00 level=DEBUG msg="Vytváranie študenta" name=Vladyslav surname=Soroka "registration number"=482728
time=2026-05-18T16:16:14.560+02:00 level=DEBUG msg="Hľadanie študenta" "registration number"=839728 "exam ID"=12
time=2026-05-18T16:16:14.560+02:00 level=DEBUG msg="Študent nebol nájdený" "student registration number"=839728 exam_id=12
time=2026-05-18T16:16:14.560+02:00 level=DEBUG msg="Vytváranie študenta" name=Vadym surname=Spiridonov "registration number"=839728
time=2026-05-18T16:16:14.568+02:00 level=DEBUG msg="Hľadanie študenta" "registration number"=761728 "exam ID"=12
time=2026-05-18T16:16:14.568+02:00 level=DEBUG msg="Študent nebol nájdený" "student registration number"=761728 exam_id=12
time=2026-05-18T16:16:14.568+02:00 level=DEBUG msg="Vytváranie študenta" name=Peter surname=Stadtrucker "registration number"=761728
time=2026-05-18T16:16:14.577+02:00 level=DEBUG msg="Hľadanie študenta" "registration number"=1133728 "exam ID"=12
time=2026-05-18T16:16:14.578+02:00 level=DEBUG msg="Študent nebol nájdený" "student registration number"=1133728 exam_id=12
time=2026-05-18T16:16:14.578+02:00 level=DEBUG msg="Vytváranie študenta" name=Adam surname=Stemnický "registration number"=1133728
time=2026-05-18T16:16:14.586+02:00 level=DEBUG msg="Hľadanie študenta" "registration number"=513728 "exam ID"=12
time=2026-05-18T16:16:14.587+02:00 level=DEBUG msg="Študent nebol nájdený" "student registration number"=513728 exam_id=12
time=2026-05-18T16:16:14.587+02:00 level=DEBUG msg="Vytváranie študenta" name=Jakub surname=Stopjak "registration number"=513728
time=2026-05-18T16:16:14.595+02:00 level=DEBUG msg="Hľadanie študenta" "registration number"=114728 "exam ID"=12
time=2026-05-18T16:16:14.595+02:00 level=DEBUG msg="Študent nebol nájdený" "student registration number"=114728 exam_id=12
time=2026-05-18T16:16:14.595+02:00 level=DEBUG msg="Vytváranie študenta" name=Peter surname=Straka "registration number"=114728
time=2026-05-18T16:16:14.604+02:00 level=DEBUG msg="Hľadanie študenta" "registration number"=115728 "exam ID"=12
time=2026-05-18T16:16:14.604+02:00 level=DEBUG msg="Študent nebol nájdený" "student registration number"=115728 exam_id=12
time=2026-05-18T16:16:14.604+02:00 level=DEBUG msg="Vytváranie študenta" name="Jonáš Ján" surname=Strelinger "registration number"=115728
time=2026-05-18T16:16:14.612+02:00 level=DEBUG msg="Hľadanie študenta" "registration number"=594728 "exam ID"=12
time=2026-05-18T16:16:14.613+02:00 level=DEBUG msg="Študent nebol nájdený" "student registration number"=594728 exam_id=12
time=2026-05-18T16:16:14.613+02:00 level=DEBUG msg="Vytváranie študenta" name=Yurii surname=Striuk "registration number"=594728
time=2026-05-18T16:16:14.621+02:00 level=DEBUG msg="Hľadanie študenta" "registration number"=632728 "exam ID"=12
time=2026-05-18T16:16:14.621+02:00 level=DEBUG msg="Študent nebol nájdený" "student registration number"=632728 exam_id=12
time=2026-05-18T16:16:14.621+02:00 level=DEBUG msg="Vytváranie študenta" name=Alan surname=Struhár "registration number"=632728
time=2026-05-18T16:16:14.631+02:00 level=DEBUG msg="Hľadanie študenta" "registration number"=116728 "exam ID"=12
time=2026-05-18T16:16:14.632+02:00 level=DEBUG msg="Študent nebol nájdený" "student registration number"=116728 exam_id=12
time=2026-05-18T16:16:14.632+02:00 level=DEBUG msg="Vytváranie študenta" name=Ján surname=Stupák "registration number"=116728
time=2026-05-18T16:16:14.639+02:00 level=DEBUG msg="Hľadanie študenta" "registration number"=117728 "exam ID"=12
time=2026-05-18T16:16:14.639+02:00 level=DEBUG msg="Študent nebol nájdený" "student registration number"=117728 exam_id=12
time=2026-05-18T16:16:14.639+02:00 level=DEBUG msg="Vytváranie študenta" name=Samuel surname=Sučanský "registration number"=117728
time=2026-05-18T16:16:14.650+02:00 level=DEBUG msg="Hľadanie študenta" "registration number"=483728 "exam ID"=12
time=2026-05-18T16:16:14.650+02:00 level=DEBUG msg="Študent nebol nájdený" "student registration number"=483728 exam_id=12
time=2026-05-18T16:16:14.650+02:00 level=DEBUG msg="Vytváranie študenta" name=Michaela surname=Suchová "registration number"=483728
time=2026-05-18T16:16:14.658+02:00 level=DEBUG msg="Hľadanie študenta" "registration number"=484728 "exam ID"=12
time=2026-05-18T16:16:14.659+02:00 level=DEBUG msg="Študent nebol nájdený" "student registration number"=484728 exam_id=12
time=2026-05-18T16:16:14.659+02:00 level=DEBUG msg="Vytváranie študenta" name=Michaela surname=Suránová "registration number"=484728
time=2026-05-18T16:16:14.667+02:00 level=DEBUG msg="Hľadanie študenta" "registration number"=170728 "exam ID"=12
time=2026-05-18T16:16:14.667+02:00 level=DEBUG msg="Študent nebol nájdený" "student registration number"=170728 exam_id=12
time=2026-05-18T16:16:14.667+02:00 level=DEBUG msg="Vytváranie študenta" name=Daniel surname=Svitaň "registration number"=170728
time=2026-05-18T16:16:14.677+02:00 level=DEBUG msg="Hľadanie študenta" "registration number"=485728 "exam ID"=12
time=2026-05-18T16:16:14.678+02:00 level=DEBUG msg="Študent nebol nájdený" "student registration number"=485728 exam_id=12
time=2026-05-18T16:16:14.678+02:00 level=DEBUG msg="Vytváranie študenta" name=Tymofii surname=Sytko "registration number"=485728
time=2026-05-18T16:16:14.687+02:00 level=DEBUG msg="Hľadanie študenta" "registration number"=726728 "exam ID"=12
time=2026-05-18T16:16:14.687+02:00 level=DEBUG msg="Študent nebol nájdený" "student registration number"=726728 exam_id=12
time=2026-05-18T16:16:14.687+02:00 level=DEBUG msg="Vytváranie študenta" name=Kostiantyn surname=Sytnov "registration number"=726728
time=2026-05-18T16:16:14.696+02:00 level=DEBUG msg="Hľadanie študenta" "registration number"=728728 "exam ID"=12
time=2026-05-18T16:16:14.696+02:00 level=DEBUG msg="Študent nebol nájdený" "student registration number"=728728 exam_id=12
time=2026-05-18T16:16:14.696+02:00 level=DEBUG msg="Vytváranie študenta" name=Oleksandr surname=Syzon "registration number"=728728
time=2026-05-18T16:16:14.706+02:00 level=DEBUG msg="Hľadanie študenta" "registration number"=118728 "exam ID"=12
time=2026-05-18T16:16:14.707+02:00 level=DEBUG msg="Študent nebol nájdený" "student registration number"=118728 exam_id=12
time=2026-05-18T16:16:14.707+02:00 level=DEBUG msg="Vytváranie študenta" name=Samuel surname=Szabó "registration number"=118728
time=2026-05-18T16:16:14.715+02:00 level=DEBUG msg="Hľadanie študenta" "registration number"=119728 "exam ID"=12
time=2026-05-18T16:16:14.716+02:00 level=DEBUG msg="Študent nebol nájdený" "student registration number"=119728 exam_id=12
time=2026-05-18T16:16:14.716+02:00 level=DEBUG msg="Vytváranie študenta" name=Victor surname=Szalay "registration number"=119728
time=2026-05-18T16:16:14.725+02:00 level=DEBUG msg="Hľadanie študenta" "registration number"=1070728 "exam ID"=12
time=2026-05-18T16:16:14.726+02:00 level=DEBUG msg="Študent nebol nájdený" "student registration number"=1070728 exam_id=12
time=2026-05-18T16:16:14.726+02:00 level=DEBUG msg="Vytváranie študenta" name=Martin surname=Szaszák "registration number"=1070728
time=2026-05-18T16:16:14.736+02:00 level=DEBUG msg="Hľadanie študenta" "registration number"=840728 "exam ID"=12
time=2026-05-18T16:16:14.736+02:00 level=DEBUG msg="Študent nebol nájdený" "student registration number"=840728 exam_id=12
time=2026-05-18T16:16:14.736+02:00 level=DEBUG msg="Vytváranie študenta" name=Kevin surname=Szőllősi "registration number"=840728
time=2026-05-18T16:16:14.746+02:00 level=DEBUG msg="Hľadanie študenta" "registration number"=120728 "exam ID"=12
time=2026-05-18T16:16:14.747+02:00 level=DEBUG msg="Študent nebol nájdený" "student registration number"=120728 exam_id=12
time=2026-05-18T16:16:14.747+02:00 level=DEBUG msg="Vytváranie študenta" name="Andrea Alžbeta" surname=Šályová "registration number"=120728
time=2026-05-18T16:16:14.756+02:00 level=DEBUG msg="Hľadanie študenta" "registration number"=435728 "exam ID"=12
time=2026-05-18T16:16:14.757+02:00 level=DEBUG msg="Študent nebol nájdený" "student registration number"=435728 exam_id=12
time=2026-05-18T16:16:14.757+02:00 level=DEBUG msg="Vytváranie študenta" name=David surname=Šarkezi "registration number"=435728
time=2026-05-18T16:16:14.766+02:00 level=DEBUG msg="Hľadanie študenta" "registration number"=121728 "exam ID"=12
time=2026-05-18T16:16:14.766+02:00 level=DEBUG msg="Študent nebol nájdený" "student registration number"=121728 exam_id=12
time=2026-05-18T16:16:14.766+02:00 level=DEBUG msg="Vytváranie študenta" name=Martin surname=Šaro "registration number"=121728
time=2026-05-18T16:16:14.775+02:00 level=DEBUG msg="Hľadanie študenta" "registration number"=1135728 "exam ID"=12
time=2026-05-18T16:16:14.775+02:00 level=DEBUG msg="Študent nebol nájdený" "student registration number"=1135728 exam_id=12
time=2026-05-18T16:16:14.775+02:00 level=DEBUG msg="Vytváranie študenta" name=Monika surname=Šoltysová "registration number"=1135728
time=2026-05-18T16:16:14.783+02:00 level=DEBUG msg="Hľadanie študenta" "registration number"=1136728 "exam ID"=12
time=2026-05-18T16:16:14.784+02:00 level=DEBUG msg="Študent nebol nájdený" "student registration number"=1136728 exam_id=12
time=2026-05-18T16:16:14.784+02:00 level=DEBUG msg="Vytváranie študenta" name="Filip Milan" surname=Špánik "registration number"=1136728
time=2026-05-18T16:16:14.792+02:00 level=DEBUG msg="Hľadanie študenta" "registration number"=1071728 "exam ID"=12
time=2026-05-18T16:16:14.793+02:00 level=DEBUG msg="Študent nebol nájdený" "student registration number"=1071728 exam_id=12
time=2026-05-18T16:16:14.793+02:00 level=DEBUG msg="Vytváranie študenta" name=Dominik surname=Štec "registration number"=1071728
time=2026-05-18T16:16:14.801+02:00 level=DEBUG msg="Hľadanie študenta" "registration number"=841728 "exam ID"=12
time=2026-05-18T16:16:14.802+02:00 level=DEBUG msg="Študent nebol nájdený" "student registration number"=841728 exam_id=12
time=2026-05-18T16:16:14.802+02:00 level=DEBUG msg="Vytváranie študenta" name="David Kristián" surname=Štefo "registration number"=841728
time=2026-05-18T16:16:14.810+02:00 level=DEBUG msg="Hľadanie študenta" "registration number"=1001728 "exam ID"=12
time=2026-05-18T16:16:14.811+02:00 level=DEBUG msg="Študent nebol nájdený" "student registration number"=1001728 exam_id=12
time=2026-05-18T16:16:14.811+02:00 level=DEBUG msg="Vytváranie študenta" name=Erik surname=Štickner "registration number"=1001728
time=2026-05-18T16:16:14.820+02:00 level=DEBUG msg="Hľadanie študenta" "registration number"=1072728 "exam ID"=12
time=2026-05-18T16:16:14.820+02:00 level=DEBUG msg="Študent nebol nájdený" "student registration number"=1072728 exam_id=12
time=2026-05-18T16:16:14.820+02:00 level=DEBUG msg="Vytváranie študenta" name=Oliver surname=Šutara "registration number"=1072728
time=2026-05-18T16:16:14.831+02:00 level=DEBUG msg="Hľadanie študenta" "registration number"=729728 "exam ID"=12
time=2026-05-18T16:16:14.832+02:00 level=DEBUG msg="Študent nebol nájdený" "student registration number"=729728 exam_id=12
time=2026-05-18T16:16:14.832+02:00 level=DEBUG msg="Vytváranie študenta" name=Matúš surname=Švagerko "registration number"=729728
time=2026-05-18T16:16:14.840+02:00 level=DEBUG msg="Hľadanie študenta" "registration number"=730728 "exam ID"=12
time=2026-05-18T16:16:14.840+02:00 level=DEBUG msg="Študent nebol nájdený" "student registration number"=730728 exam_id=12
time=2026-05-18T16:16:14.840+02:00 level=DEBUG msg="Vytváranie študenta" name=Jakub surname=Švec "registration number"=730728
time=2026-05-18T16:16:14.848+02:00 level=DEBUG msg="Hľadanie študenta" "registration number"=371728 "exam ID"=12
time=2026-05-18T16:16:14.848+02:00 level=DEBUG msg="Študent nebol nájdený" "student registration number"=371728 exam_id=12
time=2026-05-18T16:16:14.848+02:00 level=DEBUG msg="Vytváranie študenta" name=Patrik surname=Švikruha "registration number"=371728
time=2026-05-18T16:16:14.857+02:00 level=DEBUG msg="Hľadanie študenta" "registration number"=422728 "exam ID"=12
time=2026-05-18T16:16:14.857+02:00 level=DEBUG msg="Študent nebol nájdený" "student registration number"=422728 exam_id=12
time=2026-05-18T16:16:14.857+02:00 level=DEBUG msg="Vytváranie študenta" name=Daniel surname=Takáč "registration number"=422728
time=2026-05-18T16:16:14.866+02:00 level=DEBUG msg="Hľadanie študenta" "registration number"=1073728 "exam ID"=12
time=2026-05-18T16:16:14.867+02:00 level=DEBUG msg="Študent nebol nájdený" "student registration number"=1073728 exam_id=12
time=2026-05-18T16:16:14.867+02:00 level=DEBUG msg="Vytváranie študenta" name=Matej surname=Takáč "registration number"=1073728
time=2026-05-18T16:16:14.875+02:00 level=DEBUG msg="Hľadanie študenta" "registration number"=244728 "exam ID"=12
time=2026-05-18T16:16:14.876+02:00 level=DEBUG msg="Študent nebol nájdený" "student registration number"=244728 exam_id=12
time=2026-05-18T16:16:14.876+02:00 level=DEBUG msg="Vytváranie študenta" name=Matej surname=Teplanský "registration number"=244728
time=2026-05-18T16:16:14.886+02:00 level=DEBUG msg="Hľadanie študenta" "registration number"=1137728 "exam ID"=12
time=2026-05-18T16:16:14.887+02:00 level=DEBUG msg="Študent nebol nájdený" "student registration number"=1137728 exam_id=12
time=2026-05-18T16:16:14.887+02:00 level=DEBUG msg="Vytváranie študenta" name=Štefan surname=Tepličanec "registration number"=1137728
time=2026-05-18T16:16:14.895+02:00 level=DEBUG msg="Hľadanie študenta" "registration number"=595728 "exam ID"=12
time=2026-05-18T16:16:14.896+02:00 level=DEBUG msg="Študent nebol nájdený" "student registration number"=595728 exam_id=12
time=2026-05-18T16:16:14.896+02:00 level=DEBUG msg="Vytváranie študenta" name=Alžbeta surname=Thüringerová "registration number"=595728
time=2026-05-18T16:16:14.905+02:00 level=DEBUG msg="Hľadanie študenta" "registration number"=1278728 "exam ID"=12
time=2026-05-18T16:16:14.905+02:00 level=DEBUG msg="Študent nebol nájdený" "student registration number"=1278728 exam_id=12
time=2026-05-18T16:16:14.905+02:00 level=DEBUG msg="Vytváranie študenta" name=Jakub surname=Thurský "registration number"=1278728
time=2026-05-18T16:16:14.917+02:00 level=DEBUG msg="Hľadanie študenta" "registration number"=733728 "exam ID"=12
time=2026-05-18T16:16:14.917+02:00 level=DEBUG msg="Študent nebol nájdený" "student registration number"=733728 exam_id=12
time=2026-05-18T16:16:14.917+02:00 level=DEBUG msg="Vytváranie študenta" name=Štefan surname=Tisucký "registration number"=733728
time=2026-05-18T16:16:14.926+02:00 level=DEBUG msg="Hľadanie študenta" "registration number"=1074728 "exam ID"=12
time=2026-05-18T16:16:14.926+02:00 level=DEBUG msg="Študent nebol nájdený" "student registration number"=1074728 exam_id=12
time=2026-05-18T16:16:14.926+02:00 level=DEBUG msg="Vytváranie študenta" name=Michal surname=Tkáčik "registration number"=1074728
time=2026-05-18T16:16:14.936+02:00 level=DEBUG msg="Hľadanie študenta" "registration number"=123728 "exam ID"=12
time=2026-05-18T16:16:14.937+02:00 level=DEBUG msg="Študent nebol nájdený" "student registration number"=123728 exam_id=12
time=2026-05-18T16:16:14.937+02:00 level=DEBUG msg="Vytváranie študenta" name=Kyryl surname=Tkachenko "registration number"=123728
time=2026-05-18T16:16:14.946+02:00 level=DEBUG msg="Hľadanie študenta" "registration number"=1075728 "exam ID"=12
time=2026-05-18T16:16:14.946+02:00 level=DEBUG msg="Študent nebol nájdený" "student registration number"=1075728 exam_id=12
time=2026-05-18T16:16:14.946+02:00 level=DEBUG msg="Vytváranie študenta" name=Daniel surname=Tlučko "registration number"=1075728
time=2026-05-18T16:16:14.955+02:00 level=DEBUG msg="Hľadanie študenta" "registration number"=337728 "exam ID"=12
time=2026-05-18T16:16:14.956+02:00 level=DEBUG msg="Študent nebol nájdený" "student registration number"=337728 exam_id=12
time=2026-05-18T16:16:14.956+02:00 level=DEBUG msg="Vytváranie študenta" name=Artur surname=Toba "registration number"=337728
time=2026-05-18T16:16:14.964+02:00 level=DEBUG msg="Hľadanie študenta" "registration number"=1138728 "exam ID"=12
time=2026-05-18T16:16:14.965+02:00 level=DEBUG msg="Študent nebol nájdený" "student registration number"=1138728 exam_id=12
time=2026-05-18T16:16:14.965+02:00 level=DEBUG msg="Vytváranie študenta" name=Mykola surname=Todorov "registration number"=1138728
time=2026-05-18T16:16:14.973+02:00 level=DEBUG msg="Hľadanie študenta" "registration number"=734728 "exam ID"=12
time=2026-05-18T16:16:14.974+02:00 level=DEBUG msg="Študent nebol nájdený" "student registration number"=734728 exam_id=12
time=2026-05-18T16:16:14.974+02:00 level=DEBUG msg="Vytváranie študenta" name=Tomáš surname=Topalov "registration number"=734728
time=2026-05-18T16:16:14.983+02:00 level=DEBUG msg="Hľadanie študenta" "registration number"=1076728 "exam ID"=12
time=2026-05-18T16:16:14.983+02:00 level=DEBUG msg="Študent nebol nájdený" "student registration number"=1076728 exam_id=12
time=2026-05-18T16:16:14.983+02:00 level=DEBUG msg="Vytváranie študenta" name=Daniel surname=Tóth "registration number"=1076728
time=2026-05-18T16:16:14.991+02:00 level=DEBUG msg="Hľadanie študenta" "registration number"=1279728 "exam ID"=12
time=2026-05-18T16:16:14.992+02:00 level=DEBUG msg="Študent nebol nájdený" "student registration number"=1279728 exam_id=12
time=2026-05-18T16:16:14.992+02:00 level=DEBUG msg="Vytváranie študenta" name=Gabriela surname=Tovarňáková "registration number"=1279728
time=2026-05-18T16:16:15.000+02:00 level=DEBUG msg="Hľadanie študenta" "registration number"=338728 "exam ID"=12
time=2026-05-18T16:16:15.000+02:00 level=DEBUG msg="Študent nebol nájdený" "student registration number"=338728 exam_id=12
time=2026-05-18T16:16:15.000+02:00 level=DEBUG msg="Vytváranie študenta" name="Max Jozef" surname=Trizma "registration number"=338728
time=2026-05-18T16:16:15.009+02:00 level=DEBUG msg="Hľadanie študenta" "registration number"=339728 "exam ID"=12
time=2026-05-18T16:16:15.009+02:00 level=DEBUG msg="Študent nebol nájdený" "student registration number"=339728 exam_id=12
time=2026-05-18T16:16:15.009+02:00 level=DEBUG msg="Vytváranie študenta" name=Alexander surname=Trnavský "registration number"=339728
time=2026-05-18T16:16:15.018+02:00 level=DEBUG msg="Hľadanie študenta" "registration number"=354728 "exam ID"=12
time=2026-05-18T16:16:15.018+02:00 level=DEBUG msg="Študent nebol nájdený" "student registration number"=354728 exam_id=12
time=2026-05-18T16:16:15.018+02:00 level=DEBUG msg="Vytváranie študenta" name=Denys surname=Trubenok "registration number"=354728
time=2026-05-18T16:16:15.027+02:00 level=DEBUG msg="Hľadanie študenta" "registration number"=843728 "exam ID"=12
time=2026-05-18T16:16:15.027+02:00 level=DEBUG msg="Študent nebol nájdený" "student registration number"=843728 exam_id=12
time=2026-05-18T16:16:15.027+02:00 level=DEBUG msg="Vytváranie študenta" name=Daniil surname=Tsurkan "registration number"=843728
time=2026-05-18T16:16:15.035+02:00 level=DEBUG msg="Hľadanie študenta" "registration number"=735728 "exam ID"=12
time=2026-05-18T16:16:15.035+02:00 level=DEBUG msg="Študent nebol nájdený" "student registration number"=735728 exam_id=12
time=2026-05-18T16:16:15.035+02:00 level=DEBUG msg="Vytváranie študenta" name=Timotej surname=Tupý "registration number"=735728
time=2026-05-18T16:16:15.044+02:00 level=DEBUG msg="Hľadanie študenta" "registration number"=247728 "exam ID"=12
time=2026-05-18T16:16:15.044+02:00 level=DEBUG msg="Študent nebol nájdený" "student registration number"=247728 exam_id=12
time=2026-05-18T16:16:15.044+02:00 level=DEBUG msg="Vytváranie študenta" name=Marek surname=Turňa "registration number"=247728
time=2026-05-18T16:16:15.053+02:00 level=DEBUG msg="Hľadanie študenta" "registration number"=124728 "exam ID"=12
time=2026-05-18T16:16:15.054+02:00 level=DEBUG msg="Študent nebol nájdený" "student registration number"=124728 exam_id=12
time=2026-05-18T16:16:15.054+02:00 level=DEBUG msg="Vytváranie študenta" name=Denys surname=Tyshchenko "registration number"=124728
time=2026-05-18T16:16:15.062+02:00 level=DEBUG msg="Hľadanie študenta" "registration number"=1002728 "exam ID"=12
time=2026-05-18T16:16:15.062+02:00 level=DEBUG msg="Študent nebol nájdený" "student registration number"=1002728 exam_id=12
time=2026-05-18T16:16:15.062+02:00 level=DEBUG msg="Vytváranie študenta" name=Michal surname=Urban "registration number"=1002728
time=2026-05-18T16:16:15.071+02:00 level=DEBUG msg="Hľadanie študenta" "registration number"=486728 "exam ID"=12
time=2026-05-18T16:16:15.071+02:00 level=DEBUG msg="Študent nebol nájdený" "student registration number"=486728 exam_id=12
time=2026-05-18T16:16:15.071+02:00 level=DEBUG msg="Vytváranie študenta" name=Timotej surname=Urban "registration number"=486728
time=2026-05-18T16:16:15.079+02:00 level=DEBUG msg="Hľadanie študenta" "registration number"=736728 "exam ID"=12
time=2026-05-18T16:16:15.080+02:00 level=DEBUG msg="Študent nebol nájdený" "student registration number"=736728 exam_id=12
time=2026-05-18T16:16:15.080+02:00 level=DEBUG msg="Vytváranie študenta" name=Viktor surname=Vacho "registration number"=736728
time=2026-05-18T16:16:15.088+02:00 level=DEBUG msg="Hľadanie študenta" "registration number"=202728 "exam ID"=12
time=2026-05-18T16:16:15.089+02:00 level=DEBUG msg="Študent nebol nájdený" "student registration number"=202728 exam_id=12
time=2026-05-18T16:16:15.089+02:00 level=DEBUG msg="Vytváranie študenta" name=Tomáš surname=Vajda "registration number"=202728
time=2026-05-18T16:16:15.097+02:00 level=DEBUG msg="Hľadanie študenta" "registration number"=1140728 "exam ID"=12
time=2026-05-18T16:16:15.097+02:00 level=DEBUG msg="Študent nebol nájdený" "student registration number"=1140728 exam_id=12
time=2026-05-18T16:16:15.097+02:00 level=DEBUG msg="Vytváranie študenta" name=Michal surname=Valo "registration number"=1140728
time=2026-05-18T16:16:15.106+02:00 level=DEBUG msg="Hľadanie študenta" "registration number"=1139728 "exam ID"=12
time=2026-05-18T16:16:15.106+02:00 level=DEBUG msg="Študent nebol nájdený" "student registration number"=1139728 exam_id=12
time=2026-05-18T16:16:15.106+02:00 level=DEBUG msg="Vytváranie študenta" name=David surname=Valocsay "registration number"=1139728
time=2026-05-18T16:16:15.115+02:00 level=DEBUG msg="Hľadanie študenta" "registration number"=355728 "exam ID"=12
time=2026-05-18T16:16:15.116+02:00 level=DEBUG msg="Študent nebol nájdený" "student registration number"=355728 exam_id=12
time=2026-05-18T16:16:15.116+02:00 level=DEBUG msg="Vytváranie študenta" name=Šimon surname=Vančík "registration number"=355728
time=2026-05-18T16:16:15.124+02:00 level=DEBUG msg="Hľadanie študenta" "registration number"=597728 "exam ID"=12
time=2026-05-18T16:16:15.125+02:00 level=DEBUG msg="Študent nebol nájdený" "student registration number"=597728 exam_id=12
time=2026-05-18T16:16:15.125+02:00 level=DEBUG msg="Vytváranie študenta" name="Eva Mária" surname=Váradyová "registration number"=597728
time=2026-05-18T16:16:15.133+02:00 level=DEBUG msg="Hľadanie študenta" "registration number"=844728 "exam ID"=12
time=2026-05-18T16:16:15.134+02:00 level=DEBUG msg="Študent nebol nájdený" "student registration number"=844728 exam_id=12
time=2026-05-18T16:16:15.134+02:00 level=DEBUG msg="Vytváranie študenta" name=Peter surname=Varecha "registration number"=844728
time=2026-05-18T16:16:15.143+02:00 level=DEBUG msg="Hľadanie študenta" "registration number"=340728 "exam ID"=12
time=2026-05-18T16:16:15.143+02:00 level=DEBUG msg="Študent nebol nájdený" "student registration number"=340728 exam_id=12
time=2026-05-18T16:16:15.143+02:00 level=DEBUG msg="Vytváranie študenta" name=Ján surname=Varga "registration number"=340728
time=2026-05-18T16:16:15.151+02:00 level=DEBUG msg="Hľadanie študenta" "registration number"=125728 "exam ID"=12
time=2026-05-18T16:16:15.152+02:00 level=DEBUG msg="Študent nebol nájdený" "student registration number"=125728 exam_id=12
time=2026-05-18T16:16:15.152+02:00 level=DEBUG msg="Vytváranie študenta" name=Jana surname=Varcholová "registration number"=125728
time=2026-05-18T16:16:15.160+02:00 level=DEBUG msg="Hľadanie študenta" "registration number"=248728 "exam ID"=12
time=2026-05-18T16:16:15.160+02:00 level=DEBUG msg="Študent nebol nájdený" "student registration number"=248728 exam_id=12
time=2026-05-18T16:16:15.160+02:00 level=DEBUG msg="Vytváranie študenta" name=Sandra surname=Varivová "registration number"=248728
time=2026-05-18T16:16:15.169+02:00 level=DEBUG msg="Hľadanie študenta" "registration number"=424728 "exam ID"=12
time=2026-05-18T16:16:15.170+02:00 level=DEBUG msg="Študent nebol nájdený" "student registration number"=424728 exam_id=12
time=2026-05-18T16:16:15.170+02:00 level=DEBUG msg="Vytváranie študenta" name=Vojtech surname=Váry "registration number"=424728
time=2026-05-18T16:16:15.179+02:00 level=DEBUG msg="Hľadanie študenta" "registration number"=1077728 "exam ID"=12
time=2026-05-18T16:16:15.179+02:00 level=DEBUG msg="Študent nebol nájdený" "student registration number"=1077728 exam_id=12
time=2026-05-18T16:16:15.179+02:00 level=DEBUG msg="Vytváranie študenta" name=Mark surname=Vash "registration number"=1077728
time=2026-05-18T16:16:15.187+02:00 level=DEBUG msg="Hľadanie študenta" "registration number"=487728 "exam ID"=12
time=2026-05-18T16:16:15.187+02:00 level=DEBUG msg="Študent nebol nájdený" "student registration number"=487728 exam_id=12
time=2026-05-18T16:16:15.187+02:00 level=DEBUG msg="Vytváranie študenta" name=Semen surname=Vasilchenko "registration number"=487728
time=2026-05-18T16:16:15.195+02:00 level=DEBUG msg="Hľadanie študenta" "registration number"=762728 "exam ID"=12
time=2026-05-18T16:16:15.196+02:00 level=DEBUG msg="Študent nebol nájdený" "student registration number"=762728 exam_id=12
time=2026-05-18T16:16:15.196+02:00 level=DEBUG msg="Vytváranie študenta" name=Tomáš surname=Vaštík "registration number"=762728
time=2026-05-18T16:16:15.205+02:00 level=DEBUG msg="Hľadanie študenta" "registration number"=737728 "exam ID"=12
time=2026-05-18T16:16:15.205+02:00 level=DEBUG msg="Študent nebol nájdený" "student registration number"=737728 exam_id=12
time=2026-05-18T16:16:15.205+02:00 level=DEBUG msg="Vytváranie študenta" name=Emil surname=Vavriňák "registration number"=737728
time=2026-05-18T16:16:15.213+02:00 level=DEBUG msg="Hľadanie študenta" "registration number"=488728 "exam ID"=12
time=2026-05-18T16:16:15.214+02:00 level=DEBUG msg="Študent nebol nájdený" "student registration number"=488728 exam_id=12
time=2026-05-18T16:16:15.214+02:00 level=DEBUG msg="Vytváranie študenta" name=Michaela surname=Vavrová "registration number"=488728
time=2026-05-18T16:16:15.222+02:00 level=DEBUG msg="Hľadanie študenta" "registration number"=739728 "exam ID"=12
time=2026-05-18T16:16:15.223+02:00 level=DEBUG msg="Študent nebol nájdený" "student registration number"=739728 exam_id=12
time=2026-05-18T16:16:15.223+02:00 level=DEBUG msg="Vytváranie študenta" name=Benjamín surname=Veňarský "registration number"=739728
time=2026-05-18T16:16:15.231+02:00 level=DEBUG msg="Hľadanie študenta" "registration number"=173728 "exam ID"=12
time=2026-05-18T16:16:15.232+02:00 level=DEBUG msg="Študent nebol nájdený" "student registration number"=173728 exam_id=12
time=2026-05-18T16:16:15.232+02:00 level=DEBUG msg="Vytváranie študenta" name=Danijel surname=Venjarski "registration number"=173728
time=2026-05-18T16:16:15.240+02:00 level=DEBUG msg="Hľadanie študenta" "registration number"=216728 "exam ID"=12
time=2026-05-18T16:16:15.241+02:00 level=DEBUG msg="Študent nebol nájdený" "student registration number"=216728 exam_id=12
time=2026-05-18T16:16:15.241+02:00 level=DEBUG msg="Vytváranie študenta" name=Filip surname=Vereš "registration number"=216728
time=2026-05-18T16:16:15.249+02:00 level=DEBUG msg="Hľadanie študenta" "registration number"=489728 "exam ID"=12
time=2026-05-18T16:16:15.250+02:00 level=DEBUG msg="Študent nebol nájdený" "student registration number"=489728 exam_id=12
time=2026-05-18T16:16:15.250+02:00 level=DEBUG msg="Vytváranie študenta" name=Marek surname=Veselý "registration number"=489728
time=2026-05-18T16:16:15.258+02:00 level=DEBUG msg="Hľadanie študenta" "registration number"=490728 "exam ID"=12
time=2026-05-18T16:16:15.258+02:00 level=DEBUG msg="Študent nebol nájdený" "student registration number"=490728 exam_id=12
time=2026-05-18T16:16:15.258+02:00 level=DEBUG msg="Vytváranie študenta" name=Nina surname=Vidová "registration number"=490728
time=2026-05-18T16:16:15.270+02:00 level=DEBUG msg="Hľadanie študenta" "registration number"=1280728 "exam ID"=12
time=2026-05-18T16:16:15.271+02:00 level=DEBUG msg="Študent nebol nájdený" "student registration number"=1280728 exam_id=12
time=2026-05-18T16:16:15.271+02:00 level=DEBUG msg="Vytváranie študenta" name=Jakub surname=Vigoda "registration number"=1280728
time=2026-05-18T16:16:15.279+02:00 level=DEBUG msg="Hľadanie študenta" "registration number"=1282728 "exam ID"=12
time=2026-05-18T16:16:15.279+02:00 level=DEBUG msg="Študent nebol nájdený" "student registration number"=1282728 exam_id=12
time=2026-05-18T16:16:15.279+02:00 level=DEBUG msg="Vytváranie študenta" name=Simon surname=Vita "registration number"=1282728
time=2026-05-18T16:16:15.288+02:00 level=DEBUG msg="Hľadanie študenta" "registration number"=126728 "exam ID"=12
time=2026-05-18T16:16:15.288+02:00 level=DEBUG msg="Študent nebol nájdený" "student registration number"=126728 exam_id=12
time=2026-05-18T16:16:15.288+02:00 level=DEBUG msg="Vytváranie študenta" name=Patrik surname=Vivodík "registration number"=126728
time=2026-05-18T16:16:15.303+02:00 level=DEBUG msg="Hľadanie študenta" "registration number"=740728 "exam ID"=12
time=2026-05-18T16:16:15.303+02:00 level=DEBUG msg="Študent nebol nájdený" "student registration number"=740728 exam_id=12
time=2026-05-18T16:16:15.303+02:00 level=DEBUG msg="Vytváranie študenta" name=Anastasiia surname=Vozniuk "registration number"=740728
time=2026-05-18T16:16:15.315+02:00 level=DEBUG msg="Hľadanie študenta" "registration number"=127728 "exam ID"=12
time=2026-05-18T16:16:15.315+02:00 level=DEBUG msg="Študent nebol nájdený" "student registration number"=127728 exam_id=12
time=2026-05-18T16:16:15.315+02:00 level=DEBUG msg="Vytváranie študenta" name=Alex surname=Vyšný "registration number"=127728
time=2026-05-18T16:16:15.324+02:00 level=DEBUG msg="Hľadanie študenta" "registration number"=1078728 "exam ID"=12
time=2026-05-18T16:16:15.325+02:00 level=DEBUG msg="Študent nebol nájdený" "student registration number"=1078728 exam_id=12
time=2026-05-18T16:16:15.325+02:00 level=DEBUG msg="Vytváranie študenta" name=Dáša surname=Wágnerová "registration number"=1078728
time=2026-05-18T16:16:15.333+02:00 level=DEBUG msg="Hľadanie študenta" "registration number"=174728 "exam ID"=12
time=2026-05-18T16:16:15.334+02:00 level=DEBUG msg="Študent nebol nájdený" "student registration number"=174728 exam_id=12
time=2026-05-18T16:16:15.334+02:00 level=DEBUG msg="Vytváranie študenta" name=Danylo surname=Yakovenko "registration number"=174728
time=2026-05-18T16:16:15.343+02:00 level=DEBUG msg="Hľadanie študenta" "registration number"=846728 "exam ID"=12
time=2026-05-18T16:16:15.344+02:00 level=DEBUG msg="Študent nebol nájdený" "student registration number"=846728 exam_id=12
time=2026-05-18T16:16:15.344+02:00 level=DEBUG msg="Vytváranie študenta" name=Olga surname=Yashenkina "registration number"=846728
time=2026-05-18T16:16:15.353+02:00 level=DEBUG msg="Hľadanie študenta" "registration number"=1003728 "exam ID"=12
time=2026-05-18T16:16:15.354+02:00 level=DEBUG msg="Študent nebol nájdený" "student registration number"=1003728 exam_id=12
time=2026-05-18T16:16:15.354+02:00 level=DEBUG msg="Vytváranie študenta" name=Tymur surname=Yukhnovets "registration number"=1003728
time=2026-05-18T16:16:15.363+02:00 level=DEBUG msg="Hľadanie študenta" "registration number"=175728 "exam ID"=12
time=2026-05-18T16:16:15.363+02:00 level=DEBUG msg="Študent nebol nájdený" "student registration number"=175728 exam_id=12
time=2026-05-18T16:16:15.363+02:00 level=DEBUG msg="Vytváranie študenta" name=Vladyslav surname=Zadyrko "registration number"=175728
time=2026-05-18T16:16:15.373+02:00 level=DEBUG msg="Hľadanie študenta" "registration number"=1141728 "exam ID"=12
time=2026-05-18T16:16:15.374+02:00 level=DEBUG msg="Študent nebol nájdený" "student registration number"=1141728 exam_id=12
time=2026-05-18T16:16:15.374+02:00 level=DEBUG msg="Vytváranie študenta" name=Pavol surname=Zagrapan "registration number"=1141728
time=2026-05-18T16:16:15.383+02:00 level=DEBUG msg="Hľadanie študenta" "registration number"=524728 "exam ID"=12
time=2026-05-18T16:16:15.383+02:00 level=DEBUG msg="Študent nebol nájdený" "student registration number"=524728 exam_id=12
time=2026-05-18T16:16:15.383+02:00 level=DEBUG msg="Vytváranie študenta" name=Peter surname=Záhora "registration number"=524728
time=2026-05-18T16:16:15.393+02:00 level=DEBUG msg="Hľadanie študenta" "registration number"=525728 "exam ID"=12
time=2026-05-18T16:16:15.393+02:00 level=DEBUG msg="Študent nebol nájdený" "student registration number"=525728 exam_id=12
time=2026-05-18T16:16:15.393+02:00 level=DEBUG msg="Vytváranie študenta" name=Peter surname=Záhora "registration number"=525728
time=2026-05-18T16:16:15.405+02:00 level=DEBUG msg="Hľadanie študenta" "registration number"=129728 "exam ID"=12
time=2026-05-18T16:16:15.406+02:00 level=DEBUG msg="Študent nebol nájdený" "student registration number"=129728 exam_id=12
time=2026-05-18T16:16:15.406+02:00 level=DEBUG msg="Vytváranie študenta" name=Oleksii surname=Zaitsev "registration number"=129728
time=2026-05-18T16:16:15.415+02:00 level=DEBUG msg="Hľadanie študenta" "registration number"=741728 "exam ID"=12
time=2026-05-18T16:16:15.415+02:00 level=DEBUG msg="Študent nebol nájdený" "student registration number"=741728 exam_id=12
time=2026-05-18T16:16:15.415+02:00 level=DEBUG msg="Vytváranie študenta" name=Tymofii surname=Zakharov "registration number"=741728
time=2026-05-18T16:16:15.423+02:00 level=DEBUG msg="Hľadanie študenta" "registration number"=598728 "exam ID"=12
time=2026-05-18T16:16:15.424+02:00 level=DEBUG msg="Študent nebol nájdený" "student registration number"=598728 exam_id=12
time=2026-05-18T16:16:15.424+02:00 level=DEBUG msg="Vytváranie študenta" name=Fedor surname=Zaplatin "registration number"=598728
time=2026-05-18T16:16:15.433+02:00 level=DEBUG msg="Hľadanie študenta" "registration number"=130728 "exam ID"=12
time=2026-05-18T16:16:15.433+02:00 level=DEBUG msg="Študent nebol nájdený" "student registration number"=130728 exam_id=12
time=2026-05-18T16:16:15.433+02:00 level=DEBUG msg="Vytváranie študenta" name=Matúš surname=Zaťko "registration number"=130728
time=2026-05-18T16:16:15.443+02:00 level=DEBUG msg="Hľadanie študenta" "registration number"=436728 "exam ID"=12
time=2026-05-18T16:16:15.443+02:00 level=DEBUG msg="Študent nebol nájdený" "student registration number"=436728 exam_id=12
time=2026-05-18T16:16:15.443+02:00 level=DEBUG msg="Vytváranie študenta" name=Leonid surname=Zavhorodnii "registration number"=436728
time=2026-05-18T16:16:15.452+02:00 level=DEBUG msg="Hľadanie študenta" "registration number"=847728 "exam ID"=12
time=2026-05-18T16:16:15.453+02:00 level=DEBUG msg="Študent nebol nájdený" "student registration number"=847728 exam_id=12
time=2026-05-18T16:16:15.453+02:00 level=DEBUG msg="Vytváranie študenta" name="Jakub Benjamín" surname=Zeleňák "registration number"=847728
time=2026-05-18T16:16:15.461+02:00 level=DEBUG msg="Hľadanie študenta" "registration number"=176728 "exam ID"=12
time=2026-05-18T16:16:15.462+02:00 level=DEBUG msg="Študent nebol nájdený" "student registration number"=176728 exam_id=12
time=2026-05-18T16:16:15.462+02:00 level=DEBUG msg="Vytváranie študenta" name=Natália surname=Zimová "registration number"=176728
time=2026-05-18T16:16:15.470+02:00 level=DEBUG msg="Hľadanie študenta" "registration number"=599728 "exam ID"=12
time=2026-05-18T16:16:15.470+02:00 level=DEBUG msg="Študent nebol nájdený" "student registration number"=599728 exam_id=12
time=2026-05-18T16:16:15.470+02:00 level=DEBUG msg="Vytváranie študenta" name=Roman surname=Zinenko "registration number"=599728
time=2026-05-18T16:16:15.478+02:00 level=DEBUG msg="Hľadanie študenta" "registration number"=132728 "exam ID"=12
time=2026-05-18T16:16:15.478+02:00 level=DEBUG msg="Študent nebol nájdený" "student registration number"=132728 exam_id=12
time=2026-05-18T16:16:15.478+02:00 level=DEBUG msg="Vytváranie študenta" name=Viktória surname=Zsírosová "registration number"=132728
time=2026-05-18T16:16:15.486+02:00 level=DEBUG msg="Hľadanie študenta" "registration number"=1143728 "exam ID"=12
time=2026-05-18T16:16:15.486+02:00 level=DEBUG msg="Študent nebol nájdený" "student registration number"=1143728 exam_id=12
time=2026-05-18T16:16:15.486+02:00 level=DEBUG msg="Vytváranie študenta" name="Timotej Philip" surname=Zumrík "registration number"=1143728
time=2026-05-18T16:16:15.494+02:00 level=DEBUG msg="Hľadanie študenta" "registration number"=600728 "exam ID"=12
time=2026-05-18T16:16:15.494+02:00 level=DEBUG msg="Študent nebol nájdený" "student registration number"=600728 exam_id=12
time=2026-05-18T16:16:15.494+02:00 level=DEBUG msg="Vytváranie študenta" name=Oliver surname=Zverko "registration number"=600728
time=2026-05-18T16:16:15.504+02:00 level=DEBUG msg="Hľadanie študenta" "registration number"=133728 "exam ID"=12
time=2026-05-18T16:16:15.504+02:00 level=DEBUG msg="Študent nebol nájdený" "student registration number"=133728 exam_id=12
time=2026-05-18T16:16:15.504+02:00 level=DEBUG msg="Vytváranie študenta" name=Peter surname=Želiezka "registration number"=133728
time=2026-05-18T16:16:15.512+02:00 level=DEBUG msg="Hľadanie študenta" "registration number"=177728 "exam ID"=12
time=2026-05-18T16:16:15.513+02:00 level=DEBUG msg="Študent nebol nájdený" "student registration number"=177728 exam_id=12
time=2026-05-18T16:16:15.513+02:00 level=DEBUG msg="Vytváranie študenta" name=Jakub surname=Žovinec "registration number"=177728
time=2026-05-18T16:16:15.521+02:00 level=INFO msg="Full CSV import dokončený" imported=595
time=2026-05-18T16:17:22.484+02:00 level=DEBUG msg="Pripájam sa k databáze..."
time=2026-05-18T16:17:22.490+02:00 level=DEBUG msg="Používam databázu" path=/home/vbox/Downloads/ScanEvalApp-WithCsv/database/scan-eval-db.db
time=2026-05-18T16:17:22.493+02:00 level=DEBUG msg="Spúšťam migrácie..."
time=2026-05-18T16:17:22.532+02:00 level=INFO msg="Migrácia databázy úspešne dokončená"
time=2026-05-18T16:18:32.971+02:00 level=DEBUG msg="Vytváranie testu" test=prij2 cas=2025/26
time=2026-05-18T16:18:32.995+02:00 level=DEBUG msg="Hľadanie testu" "ID testu"=13
time=2026-05-18T16:18:33.000+02:00 level=DEBUG msg="Test bol nájdený" test=prij2 year=2025/26
time=2026-05-18T16:18:33.000+02:00 level=DEBUG msg="Hľadanie študenta" "registration number"=743728 "exam ID"=13
time=2026-05-18T16:18:33.044+02:00 level=DEBUG msg="Študent nebol nájdený" "student registration number"=743728 exam_id=13
time=2026-05-18T16:18:33.044+02:00 level=DEBUG msg="Vytváranie študenta" name=Matúš surname=Adamec "registration number"=743728
time=2026-05-18T16:18:33.093+02:00 level=DEBUG msg="Hľadanie študenta" "registration number"=1005728 "exam ID"=13
time=2026-05-18T16:18:33.094+02:00 level=DEBUG msg="Študent nebol nájdený" "student registration number"=1005728 exam_id=13
time=2026-05-18T16:18:33.094+02:00 level=DEBUG msg="Vytváranie študenta" name=Tomáš surname=Adamec "registration number"=1005728
time=2026-05-18T16:18:33.111+02:00 level=DEBUG msg="Hľadanie študenta" "registration number"=217728 "exam ID"=13
time=2026-05-18T16:18:33.116+02:00 level=DEBUG msg="Študent nebol nájdený" "student registration number"=217728 exam_id=13
time=2026-05-18T16:18:33.116+02:00 level=DEBUG msg="Vytváranie študenta" name=Daria surname=Adamovych "registration number"=217728
time=2026-05-18T16:18:33.127+02:00 level=DEBUG msg="Hľadanie študenta" "registration number"=1728 "exam ID"=13
time=2026-05-18T16:18:33.127+02:00 level=DEBUG msg="Študent nebol nájdený" "student registration number"=1728 exam_id=13
time=2026-05-18T16:18:33.127+02:00 level=DEBUG msg="Vytváranie študenta" name=Maksym surname=Afanasiev "registration number"=1728
time=2026-05-18T16:18:33.136+02:00 level=DEBUG msg="Hľadanie študenta" "registration number"=1082728 "exam ID"=13
time=2026-05-18T16:18:33.136+02:00 level=DEBUG msg="Študent nebol nájdený" "student registration number"=1082728 exam_id=13
time=2026-05-18T16:18:33.136+02:00 level=DEBUG msg="Vytváranie študenta" name=Maksym surname=Ahafonov "registration number"=1082728
time=2026-05-18T16:18:33.145+02:00 level=DEBUG msg="Hľadanie študenta" "registration number"=682728 "exam ID"=13
time=2026-05-18T16:18:33.145+02:00 level=DEBUG msg="Študent nebol nájdený" "student registration number"=682728 exam_id=13
time=2026-05-18T16:18:33.145+02:00 level=DEBUG msg="Vytváranie študenta" name=Alina surname=Akhmetova "registration number"=682728
time=2026-05-18T16:18:33.154+02:00 level=DEBUG msg="Hľadanie študenta" "registration number"=744728 "exam ID"=13
time=2026-05-18T16:18:33.155+02:00 level=DEBUG msg="Študent nebol nájdený" "student registration number"=744728 exam_id=13
time=2026-05-18T16:18:33.155+02:00 level=DEBUG msg="Vytváranie študenta" name=Rand surname=Alali "registration number"=744728
time=2026-05-18T16:18:33.164+02:00 level=DEBUG msg="Hľadanie študenta" "registration number"=1006728 "exam ID"=13
time=2026-05-18T16:18:33.164+02:00 level=DEBUG msg="Študent nebol nájdený" "student registration number"=1006728 exam_id=13
time=2026-05-18T16:18:33.164+02:00 level=DEBUG msg="Vytváranie študenta" name=Szilárd surname=Angyal "registration number"=1006728
time=2026-05-18T16:18:33.176+02:00 level=DEBUG msg="Hľadanie študenta" "registration number"=2728 "exam ID"=13
time=2026-05-18T16:18:33.176+02:00 level=DEBUG msg="Študent nebol nájdený" "student registration number"=2728 exam_id=13
time=2026-05-18T16:18:33.176+02:00 level=DEBUG msg="Vytváranie študenta" name=Yaroslav surname=Apolonin "registration number"=2728
time=2026-05-18T16:18:33.185+02:00 level=DEBUG msg="Hľadanie študenta" "registration number"=3728 "exam ID"=13
time=2026-05-18T16:18:33.186+02:00 level=DEBUG msg="Študent nebol nájdený" "student registration number"=3728 exam_id=13
time=2026-05-18T16:18:33.186+02:00 level=DEBUG msg="Vytváranie študenta" name=Alica surname=Arendáčová "registration number"=3728
time=2026-05-18T16:18:33.194+02:00 level=DEBUG msg="Hľadanie študenta" "registration number"=5728 "exam ID"=13
time=2026-05-18T16:18:33.194+02:00 level=DEBUG msg="Študent nebol nájdený" "student registration number"=5728 exam_id=13
time=2026-05-18T16:18:33.195+02:00 level=DEBUG msg="Vytváranie študenta" name=Alexander surname=Assad "registration number"=5728
time=2026-05-18T16:18:33.203+02:00 level=DEBUG msg="Hľadanie študenta" "registration number"=683728 "exam ID"=13
time=2026-05-18T16:18:33.204+02:00 level=DEBUG msg="Študent nebol nájdený" "student registration number"=683728 exam_id=13
time=2026-05-18T16:18:33.204+02:00 level=DEBUG msg="Vytváranie študenta" name=Oliver surname=Aufricht "registration number"=683728
time=2026-05-18T16:18:33.213+02:00 level=DEBUG msg="Hľadanie študenta" "registration number"=807728 "exam ID"=13
time=2026-05-18T16:18:33.213+02:00 level=DEBUG msg="Študent nebol nájdený" "student registration number"=807728 exam_id=13
time=2026-05-18T16:18:33.213+02:00 level=DEBUG msg="Vytváranie študenta" name=Alexander surname=Augustín "registration number"=807728
time=2026-05-18T16:18:33.221+02:00 level=DEBUG msg="Hľadanie študenta" "registration number"=6728 "exam ID"=13
time=2026-05-18T16:18:33.222+02:00 level=DEBUG msg="Študent nebol nájdený" "student registration number"=6728 exam_id=13
time=2026-05-18T16:18:33.222+02:00 level=DEBUG msg="Vytváranie študenta" name=Aris surname=Avgoustis "registration number"=6728
time=2026-05-18T16:18:33.231+02:00 level=DEBUG msg="Hľadanie študenta" "registration number"=1386728 "exam ID"=13
time=2026-05-18T16:18:33.231+02:00 level=DEBUG msg="Študent nebol nájdený" "student registration number"=1386728 exam_id=13
time=2026-05-18T16:18:33.231+02:00 level=DEBUG msg="Vytváranie študenta" name=Marek surname=Ažaltovič "registration number"=1386728
time=2026-05-18T16:18:33.240+02:00 level=DEBUG msg="Hľadanie študenta" "registration number"=1083728 "exam ID"=13
time=2026-05-18T16:18:33.240+02:00 level=DEBUG msg="Študent nebol nájdený" "student registration number"=1083728 exam_id=13
time=2026-05-18T16:18:33.241+02:00 level=DEBUG msg="Vytváranie študenta" name=Martin surname=Babala "registration number"=1083728
time=2026-05-18T16:18:33.249+02:00 level=DEBUG msg="Hľadanie študenta" "registration number"=1007728 "exam ID"=13
time=2026-05-18T16:18:33.250+02:00 level=DEBUG msg="Študent nebol nájdený" "student registration number"=1007728 exam_id=13
time=2026-05-18T16:18:33.250+02:00 level=DEBUG msg="Vytváranie študenta" name=Michal surname=Babala "registration number"=1007728
time=2026-05-18T16:18:33.259+02:00 level=DEBUG msg="Hľadanie študenta" "registration number"=808728 "exam ID"=13
time=2026-05-18T16:18:33.259+02:00 level=DEBUG msg="Študent nebol nájdený" "student registration number"=808728 exam_id=13
time=2026-05-18T16:18:33.259+02:00 level=DEBUG msg="Vytváranie študenta" name=Simon surname=Babčan "registration number"=808728
time=2026-05-18T16:18:33.267+02:00 level=DEBUG msg="Hľadanie študenta" "registration number"=7728 "exam ID"=13
time=2026-05-18T16:18:33.268+02:00 level=DEBUG msg="Študent nebol nájdený" "student registration number"=7728 exam_id=13
time=2026-05-18T16:18:33.268+02:00 level=DEBUG msg="Vytváranie študenta" name=Matej surname=Babic "registration number"=7728
time=2026-05-18T16:18:33.277+02:00 level=DEBUG msg="Hľadanie študenta" "registration number"=1084728 "exam ID"=13
time=2026-05-18T16:18:33.277+02:00 level=DEBUG msg="Študent nebol nájdený" "student registration number"=1084728 exam_id=13
time=2026-05-18T16:18:33.277+02:00 level=DEBUG msg="Vytváranie študenta" name=Martin surname=Bagin "registration number"=1084728
time=2026-05-18T16:18:33.286+02:00 level=DEBUG msg="Hľadanie študenta" "registration number"=745728 "exam ID"=13
time=2026-05-18T16:18:33.286+02:00 level=DEBUG msg="Študent nebol nájdený" "student registration number"=745728 exam_id=13
time=2026-05-18T16:18:33.286+02:00 level=DEBUG msg="Vytváranie študenta" name=Gréta surname=Bahnová "registration number"=745728
time=2026-05-18T16:18:33.295+02:00 level=DEBUG msg="Hľadanie študenta" "registration number"=449728 "exam ID"=13
time=2026-05-18T16:18:33.296+02:00 level=DEBUG msg="Študent nebol nájdený" "student registration number"=449728 exam_id=13
time=2026-05-18T16:18:33.296+02:00 level=DEBUG msg="Vytváranie študenta" name=Matej surname=Bajla "registration number"=449728
time=2026-05-18T16:18:33.304+02:00 level=DEBUG msg="Hľadanie študenta" "registration number"=8728 "exam ID"=13
time=2026-05-18T16:18:33.305+02:00 level=DEBUG msg="Študent nebol nájdený" "student registration number"=8728 exam_id=13
time=2026-05-18T16:18:33.305+02:00 level=DEBUG msg="Vytváranie študenta" name=Matúš surname=Bakoš "registration number"=8728
time=2026-05-18T16:18:33.314+02:00 level=DEBUG msg="Hľadanie študenta" "registration number"=514728 "exam ID"=13
time=2026-05-18T16:18:33.314+02:00 level=DEBUG msg="Študent nebol nájdený" "student registration number"=514728 exam_id=13
time=2026-05-18T16:18:33.314+02:00 level=DEBUG msg="Vytváranie študenta" name=Richard surname=Balara "registration number"=514728
time=2026-05-18T16:18:33.323+02:00 level=DEBUG msg="Hľadanie študenta" "registration number"=684728 "exam ID"=13
time=2026-05-18T16:18:33.324+02:00 level=DEBUG msg="Študent nebol nájdený" "student registration number"=684728 exam_id=13
time=2026-05-18T16:18:33.324+02:00 level=DEBUG msg="Vytváranie študenta" name=Ivan surname=Balta "registration number"=684728
time=2026-05-18T16:18:33.332+02:00 level=DEBUG msg="Hľadanie študenta" "registration number"=614728 "exam ID"=13
time=2026-05-18T16:18:33.333+02:00 level=DEBUG msg="Študent nebol nájdený" "student registration number"=614728 exam_id=13
time=2026-05-18T16:18:33.333+02:00 level=DEBUG msg="Vytváranie študenta" name=Nazar surname=Baraban "registration number"=614728
time=2026-05-18T16:18:33.342+02:00 level=DEBUG msg="Hľadanie študenta" "registration number"=1008728 "exam ID"=13
time=2026-05-18T16:18:33.343+02:00 level=DEBUG msg="Študent nebol nájdený" "student registration number"=1008728 exam_id=13
time=2026-05-18T16:18:33.343+02:00 level=DEBUG msg="Vytváranie študenta" name=Sebastián surname=Baránek "registration number"=1008728
time=2026-05-18T16:18:33.352+02:00 level=DEBUG msg="Hľadanie študenta" "registration number"=136728 "exam ID"=13
time=2026-05-18T16:18:33.352+02:00 level=DEBUG msg="Študent nebol nájdený" "student registration number"=136728 exam_id=13
time=2026-05-18T16:18:33.352+02:00 level=DEBUG msg="Vytváranie študenta" name=Martin surname=Baraník "registration number"=136728
time=2026-05-18T16:18:33.361+02:00 level=DEBUG msg="Hľadanie študenta" "registration number"=746728 "exam ID"=13
time=2026-05-18T16:18:33.362+02:00 level=DEBUG msg="Študent nebol nájdený" "student registration number"=746728 exam_id=13
time=2026-05-18T16:18:33.362+02:00 level=DEBUG msg="Vytváranie študenta" name=Nino surname=Barát "registration number"=746728
time=2026-05-18T16:18:33.371+02:00 level=DEBUG msg="Hľadanie študenta" "registration number"=9728 "exam ID"=13
time=2026-05-18T16:18:33.372+02:00 level=DEBUG msg="Študent nebol nájdený" "student registration number"=9728 exam_id=13
time=2026-05-18T16:18:33.372+02:00 level=DEBUG msg="Vytváranie študenta" name=Daniela surname=Bárczyová "registration number"=9728
time=2026-05-18T16:18:33.381+02:00 level=DEBUG msg="Hľadanie študenta" "registration number"=685728 "exam ID"=13
time=2026-05-18T16:18:33.382+02:00 level=DEBUG msg="Študent nebol nájdený" "student registration number"=685728 exam_id=13
time=2026-05-18T16:18:33.382+02:00 level=DEBUG msg="Vytváranie študenta" name=Robert surname=Barok "registration number"=685728
time=2026-05-18T16:18:33.391+02:00 level=DEBUG msg="Hľadanie študenta" "registration number"=747728 "exam ID"=13
time=2026-05-18T16:18:33.391+02:00 level=DEBUG msg="Študent nebol nájdený" "student registration number"=747728 exam_id=13
time=2026-05-18T16:18:33.391+02:00 level=DEBUG msg="Vytváranie študenta" name=Patrik surname=Baroš "registration number"=747728
time=2026-05-18T16:18:33.400+02:00 level=DEBUG msg="Hľadanie študenta" "registration number"=218728 "exam ID"=13
time=2026-05-18T16:18:33.401+02:00 level=DEBUG msg="Študent nebol nájdený" "student registration number"=218728 exam_id=13
time=2026-05-18T16:18:33.401+02:00 level=DEBUG msg="Vytváranie študenta" name=Patrik surname=Baroš "registration number"=218728
time=2026-05-18T16:18:33.410+02:00 level=DEBUG msg="Hľadanie študenta" "registration number"=1243728 "exam ID"=13
time=2026-05-18T16:18:33.411+02:00 level=DEBUG msg="Študent nebol nájdený" "student registration number"=1243728 exam_id=13
time=2026-05-18T16:18:33.411+02:00 level=DEBUG msg="Vytváranie študenta" name=Martin surname=Bartko "registration number"=1243728
time=2026-05-18T16:18:33.420+02:00 level=DEBUG msg="Hľadanie študenta" "registration number"=1085728 "exam ID"=13
time=2026-05-18T16:18:33.421+02:00 level=DEBUG msg="Študent nebol nájdený" "student registration number"=1085728 exam_id=13
time=2026-05-18T16:18:33.421+02:00 level=DEBUG msg="Vytváranie študenta" name=Gabriel surname=Baška "registration number"=1085728
time=2026-05-18T16:18:33.429+02:00 level=DEBUG msg="Hľadanie študenta" "registration number"=564728 "exam ID"=13
time=2026-05-18T16:18:33.430+02:00 level=DEBUG msg="Študent nebol nájdený" "student registration number"=564728 exam_id=13
time=2026-05-18T16:18:33.430+02:00 level=DEBUG msg="Vytváranie študenta" name=Nikita surname=Belousov "registration number"=564728
time=2026-05-18T16:18:33.438+02:00 level=DEBUG msg="Hľadanie študenta" "registration number"=179728 "exam ID"=13
time=2026-05-18T16:18:33.439+02:00 level=DEBUG msg="Študent nebol nájdený" "student registration number"=179728 exam_id=13
time=2026-05-18T16:18:33.439+02:00 level=DEBUG msg="Vytváranie študenta" name=Kristián surname=Benč "registration number"=179728
time=2026-05-18T16:18:33.447+02:00 level=DEBUG msg="Hľadanie študenta" "registration number"=1086728 "exam ID"=13
time=2026-05-18T16:18:33.447+02:00 level=DEBUG msg="Študent nebol nájdený" "student registration number"=1086728 exam_id=13
time=2026-05-18T16:18:33.447+02:00 level=DEBUG msg="Vytváranie študenta" name=Mathias surname=Bergmann "registration number"=1086728
time=2026-05-18T16:18:33.458+02:00 level=DEBUG msg="Hľadanie študenta" "registration number"=1009728 "exam ID"=13
time=2026-05-18T16:18:33.459+02:00 level=DEBUG msg="Študent nebol nájdený" "student registration number"=1009728 exam_id=13
time=2026-05-18T16:18:33.459+02:00 level=DEBUG msg="Vytváranie študenta" name=Anton surname=Berko "registration number"=1009728
time=2026-05-18T16:18:33.467+02:00 level=DEBUG msg="Hľadanie študenta" "registration number"=401728 "exam ID"=13
time=2026-05-18T16:18:33.467+02:00 level=DEBUG msg="Študent nebol nájdený" "student registration number"=401728 exam_id=13
time=2026-05-18T16:18:33.467+02:00 level=DEBUG msg="Vytváranie študenta" name=Adam surname=Bezák "registration number"=401728
time=2026-05-18T16:18:33.482+02:00 level=DEBUG msg="Hľadanie študenta" "registration number"=180728 "exam ID"=13
time=2026-05-18T16:18:33.485+02:00 level=DEBUG msg="Študent nebol nájdený" "student registration number"=180728 exam_id=13
time=2026-05-18T16:18:33.485+02:00 level=DEBUG msg="Vytváranie študenta" name=Marek surname=Bičár "registration number"=180728
time=2026-05-18T16:18:33.506+02:00 level=DEBUG msg="Hľadanie študenta" "registration number"=219728 "exam ID"=13
time=2026-05-18T16:18:33.510+02:00 level=DEBUG msg="Študent nebol nájdený" "student registration number"=219728 exam_id=13
time=2026-05-18T16:18:33.510+02:00 level=DEBUG msg="Vytváranie študenta" name=Samuel surname=Bičkay "registration number"=219728
time=2026-05-18T16:18:33.530+02:00 level=DEBUG msg="Hľadanie študenta" "registration number"=809728 "exam ID"=13
time=2026-05-18T16:18:33.531+02:00 level=DEBUG msg="Študent nebol nájdený" "student registration number"=809728 exam_id=13
time=2026-05-18T16:18:33.532+02:00 level=DEBUG msg="Vytváranie študenta" name=Sebastián surname=Bláha "registration number"=809728
time=2026-05-18T16:18:33.556+02:00 level=DEBUG msg="Hľadanie študenta" "registration number"=1010728 "exam ID"=13
time=2026-05-18T16:18:33.560+02:00 level=DEBUG msg="Študent nebol nájdený" "student registration number"=1010728 exam_id=13
time=2026-05-18T16:18:33.560+02:00 level=DEBUG msg="Vytváranie študenta" name=Mykyta surname=Bodnar "registration number"=1010728
time=2026-05-18T16:18:33.576+02:00 level=DEBUG msg="Hľadanie študenta" "registration number"=810728 "exam ID"=13
time=2026-05-18T16:18:33.576+02:00 level=DEBUG msg="Študent nebol nájdený" "student registration number"=810728 exam_id=13
time=2026-05-18T16:18:33.576+02:00 level=DEBUG msg="Vytváranie študenta" name=Matej surname=Boďo "registration number"=810728
time=2026-05-18T16:18:33.595+02:00 level=DEBUG msg="Hľadanie študenta" "registration number"=452728 "exam ID"=13
time=2026-05-18T16:18:33.597+02:00 level=DEBUG msg="Študent nebol nájdený" "student registration number"=452728 exam_id=13
time=2026-05-18T16:18:33.597+02:00 level=DEBUG msg="Vytváranie študenta" name=Daniel surname=Boháč "registration number"=452728
time=2026-05-18T16:18:33.614+02:00 level=DEBUG msg="Hľadanie študenta" "registration number"=1245728 "exam ID"=13
time=2026-05-18T16:18:33.615+02:00 level=DEBUG msg="Študent nebol nájdený" "student registration number"=1245728 exam_id=13
time=2026-05-18T16:18:33.615+02:00 level=DEBUG msg="Vytváranie študenta" name=Daniel surname=Boháček "registration number"=1245728
time=2026-05-18T16:18:33.629+02:00 level=DEBUG msg="Hľadanie študenta" "registration number"=10728 "exam ID"=13
time=2026-05-18T16:18:33.630+02:00 level=DEBUG msg="Študent nebol nájdený" "student registration number"=10728 exam_id=13
time=2026-05-18T16:18:33.630+02:00 level=DEBUG msg="Vytváranie študenta" name=Artur surname=Boiko "registration number"=10728
time=2026-05-18T16:18:33.642+02:00 level=DEBUG msg="Hľadanie študenta" "registration number"=358728 "exam ID"=13
time=2026-05-18T16:18:33.642+02:00 level=DEBUG msg="Študent nebol nájdený" "student registration number"=358728 exam_id=13
time=2026-05-18T16:18:33.642+02:00 level=DEBUG msg="Vytváranie študenta" name=Andrej surname=Bojczún "registration number"=358728
time=2026-05-18T16:18:33.652+02:00 level=DEBUG msg="Hľadanie študenta" "registration number"=565728 "exam ID"=13
time=2026-05-18T16:18:33.653+02:00 level=DEBUG msg="Študent nebol nájdený" "student registration number"=565728 exam_id=13
time=2026-05-18T16:18:33.653+02:00 level=DEBUG msg="Vytváranie študenta" name="Pavol Martin" surname=Boleček "registration number"=565728
time=2026-05-18T16:18:33.674+02:00 level=DEBUG msg="Hľadanie študenta" "registration number"=138728 "exam ID"=13
time=2026-05-18T16:18:33.675+02:00 level=DEBUG msg="Študent nebol nájdený" "student registration number"=138728 exam_id=13
time=2026-05-18T16:18:33.675+02:00 level=DEBUG msg="Vytváranie študenta" name="Marius Sebastian" surname=Borisov "registration number"=138728
time=2026-05-18T16:18:33.733+02:00 level=DEBUG msg="Hľadanie študenta" "registration number"=932728 "exam ID"=13
time=2026-05-18T16:18:33.734+02:00 level=DEBUG msg="Študent nebol nájdený" "student registration number"=932728 exam_id=13
time=2026-05-18T16:18:33.734+02:00 level=DEBUG msg="Vytváranie študenta" name=Alexandra surname=Borovičková "registration number"=932728
time=2026-05-18T16:18:33.744+02:00 level=DEBUG msg="Hľadanie študenta" "registration number"=811728 "exam ID"=13
time=2026-05-18T16:18:33.781+02:00 level=DEBUG msg="Študent nebol nájdený" "student registration number"=811728 exam_id=13
time=2026-05-18T16:18:33.781+02:00 level=DEBUG msg="Vytváranie študenta" name=Andrii surname=Boyko "registration number"=811728
time=2026-05-18T16:18:33.817+02:00 level=DEBUG msg="Hľadanie študenta" "registration number"=11728 "exam ID"=13
time=2026-05-18T16:18:33.847+02:00 level=DEBUG msg="Študent nebol nájdený" "student registration number"=11728 exam_id=13
time=2026-05-18T16:18:33.847+02:00 level=DEBUG msg="Vytváranie študenta" name=Denis surname=Bučko "registration number"=11728
time=2026-05-18T16:18:33.865+02:00 level=DEBUG msg="Hľadanie študenta" "registration number"=139728 "exam ID"=13
time=2026-05-18T16:18:33.867+02:00 level=DEBUG msg="Študent nebol nájdený" "student registration number"=139728 exam_id=13
time=2026-05-18T16:18:33.868+02:00 level=DEBUG msg="Vytváranie študenta" name=Samuel surname=Bugoš "registration number"=139728
time=2026-05-18T16:18:33.888+02:00 level=DEBUG msg="Hľadanie študenta" "registration number"=1011728 "exam ID"=13
time=2026-05-18T16:18:33.888+02:00 level=DEBUG msg="Študent nebol nájdený" "student registration number"=1011728 exam_id=13
time=2026-05-18T16:18:33.888+02:00 level=DEBUG msg="Vytváranie študenta" name="Viet Anh" surname="Bui Anh" "registration number"=1011728
time=2026-05-18T16:18:33.899+02:00 level=DEBUG msg="Hľadanie študenta" "registration number"=12728 "exam ID"=13
time=2026-05-18T16:18:33.904+02:00 level=DEBUG msg="Študent nebol nájdený" "student registration number"=12728 exam_id=13
time=2026-05-18T16:18:33.904+02:00 level=DEBUG msg="Vytváranie študenta" name=Oleksii surname=Buinytskyi "registration number"=12728
time=2026-05-18T16:18:33.914+02:00 level=DEBUG msg="Hľadanie študenta" "registration number"=566728 "exam ID"=13
time=2026-05-18T16:18:33.914+02:00 level=DEBUG msg="Študent nebol nájdený" "student registration number"=566728 exam_id=13
time=2026-05-18T16:18:33.914+02:00 level=DEBUG msg="Vytváranie študenta" name=Maksym surname=Bulat "registration number"=566728
time=2026-05-18T16:18:33.929+02:00 level=DEBUG msg="Hľadanie študenta" "registration number"=1014728 "exam ID"=13
time=2026-05-18T16:18:33.929+02:00 level=DEBUG msg="Študent nebol nájdený" "student registration number"=1014728 exam_id=13
time=2026-05-18T16:18:33.929+02:00 level=DEBUG msg="Vytváranie študenta" name=Ivan surname=Cabaj "registration number"=1014728
time=2026-05-18T16:18:33.945+02:00 level=DEBUG msg="Hľadanie študenta" "registration number"=1246728 "exam ID"=13
time=2026-05-18T16:18:33.946+02:00 level=DEBUG msg="Študent nebol nájdený" "student registration number"=1246728 exam_id=13
time=2026-05-18T16:18:33.946+02:00 level=DEBUG msg="Vytváranie študenta" name=Matúš surname=Cesnak "registration number"=1246728
time=2026-05-18T16:18:33.958+02:00 level=DEBUG msg="Hľadanie študenta" "registration number"=567728 "exam ID"=13
time=2026-05-18T16:18:33.958+02:00 level=DEBUG msg="Študent nebol nájdený" "student registration number"=567728 exam_id=13
time=2026-05-18T16:18:33.958+02:00 level=DEBUG msg="Vytváranie študenta" name=Berat surname=Cinaroglu "registration number"=567728
time=2026-05-18T16:18:33.982+02:00 level=DEBUG msg="Hľadanie študenta" "registration number"=933728 "exam ID"=13
time=2026-05-18T16:18:33.983+02:00 level=DEBUG msg="Študent nebol nájdený" "student registration number"=933728 exam_id=13
time=2026-05-18T16:18:33.983+02:00 level=DEBUG msg="Vytváranie študenta" name=Samuel surname=Čambálik "registration number"=933728
time=2026-05-18T16:18:34.034+02:00 level=DEBUG msg="Hľadanie študenta" "registration number"=1247728 "exam ID"=13
time=2026-05-18T16:18:34.034+02:00 level=DEBUG msg="Študent nebol nájdený" "student registration number"=1247728 exam_id=13
time=2026-05-18T16:18:34.034+02:00 level=DEBUG msg="Vytváranie študenta" name=Martin surname=Čapkovič "registration number"=1247728
time=2026-05-18T16:18:34.055+02:00 level=DEBUG msg="Hľadanie študenta" "registration number"=1016728 "exam ID"=13
time=2026-05-18T16:18:34.055+02:00 level=DEBUG msg="Študent nebol nájdený" "student registration number"=1016728 exam_id=13
time=2026-05-18T16:18:34.056+02:00 level=DEBUG msg="Vytváranie študenta" name=Matúš surname=Čiernik "registration number"=1016728
time=2026-05-18T16:18:34.108+02:00 level=DEBUG msg="Hľadanie študenta" "registration number"=13728 "exam ID"=13
time=2026-05-18T16:18:34.109+02:00 level=DEBUG msg="Študent nebol nájdený" "student registration number"=13728 exam_id=13
time=2026-05-18T16:18:34.109+02:00 level=DEBUG msg="Vytváranie študenta" name=Maxim surname=Čokina "registration number"=13728
time=2026-05-18T16:18:34.166+02:00 level=DEBUG msg="Hľadanie študenta" "registration number"=1017728 "exam ID"=13
time=2026-05-18T16:18:34.171+02:00 level=DEBUG msg="Študent nebol nájdený" "student registration number"=1017728 exam_id=13
time=2026-05-18T16:18:34.171+02:00 level=DEBUG msg="Vytváranie študenta" name=Dominik surname=Čurgó "registration number"=1017728
time=2026-05-18T16:18:34.217+02:00 level=DEBUG msg="Hľadanie študenta" "registration number"=14728 "exam ID"=13
time=2026-05-18T16:18:34.217+02:00 level=DEBUG msg="Študent nebol nájdený" "student registration number"=14728 exam_id=13
time=2026-05-18T16:18:34.217+02:00 level=DEBUG msg="Vytváranie študenta" name=Sinem surname=Dalgac "registration number"=14728
time=2026-05-18T16:18:34.240+02:00 level=DEBUG msg="Hľadanie študenta" "registration number"=15728 "exam ID"=13
time=2026-05-18T16:18:34.240+02:00 level=DEBUG msg="Študent nebol nájdený" "student registration number"=15728 exam_id=13
time=2026-05-18T16:18:34.240+02:00 level=DEBUG msg="Vytváranie študenta" name=Sudenaz surname=Dalgac "registration number"=15728
time=2026-05-18T16:18:34.253+02:00 level=DEBUG msg="Hľadanie študenta" "registration number"=569728 "exam ID"=13
time=2026-05-18T16:18:34.253+02:00 level=DEBUG msg="Študent nebol nájdený" "student registration number"=569728 exam_id=13
time=2026-05-18T16:18:34.253+02:00 level=DEBUG msg="Vytváranie študenta" name=Radovan surname=Danács "registration number"=569728
time=2026-05-18T16:18:34.276+02:00 level=DEBUG msg="Hľadanie študenta" "registration number"=16728 "exam ID"=13
time=2026-05-18T16:18:34.277+02:00 level=DEBUG msg="Študent nebol nájdený" "student registration number"=16728 exam_id=13
time=2026-05-18T16:18:34.277+02:00 level=DEBUG msg="Vytváranie študenta" name=Andrej surname=Dančo "registration number"=16728
time=2026-05-18T16:18:34.333+02:00 level=DEBUG msg="Hľadanie študenta" "registration number"=1089728 "exam ID"=13
time=2026-05-18T16:18:34.333+02:00 level=DEBUG msg="Študent nebol nájdený" "student registration number"=1089728 exam_id=13
time=2026-05-18T16:18:34.333+02:00 level=DEBUG msg="Vytváranie študenta" name=Oskar surname=Ďanovský "registration number"=1089728
time=2026-05-18T16:18:34.344+02:00 level=DEBUG msg="Hľadanie študenta" "registration number"=998728 "exam ID"=13
time=2026-05-18T16:18:34.344+02:00 level=DEBUG msg="Študent nebol nájdený" "student registration number"=998728 exam_id=13
time=2026-05-18T16:18:34.344+02:00 level=DEBUG msg="Vytváranie študenta" name=Yehor surname=Danylenko "registration number"=998728
time=2026-05-18T16:18:34.356+02:00 level=DEBUG msg="Hľadanie študenta" "registration number"=17728 "exam ID"=13
time=2026-05-18T16:18:34.357+02:00 level=DEBUG msg="Študent nebol nájdený" "student registration number"=17728 exam_id=13
time=2026-05-18T16:18:34.357+02:00 level=DEBUG msg="Vytváranie študenta" name=Peter surname=Debnár "registration number"=17728
time=2026-05-18T16:18:34.414+02:00 level=DEBUG msg="Hľadanie študenta" "registration number"=359728 "exam ID"=13
time=2026-05-18T16:18:34.415+02:00 level=DEBUG msg="Študent nebol nájdený" "student registration number"=359728 exam_id=13
time=2026-05-18T16:18:34.415+02:00 level=DEBUG msg="Vytváranie študenta" name=Yevhenii surname=Demianchuk "registration number"=359728
time=2026-05-18T16:18:34.426+02:00 level=DEBUG msg="Hľadanie študenta" "registration number"=687728 "exam ID"=13
time=2026-05-18T16:18:34.426+02:00 level=DEBUG msg="Študent nebol nájdený" "student registration number"=687728 exam_id=13
time=2026-05-18T16:18:34.426+02:00 level=DEBUG msg="Vytváranie študenta" name=Oleksii surname=Demydchenko "registration number"=687728
time=2026-05-18T16:18:34.478+02:00 level=DEBUG msg="Hľadanie študenta" "registration number"=18728 "exam ID"=13
time=2026-05-18T16:18:34.479+02:00 level=DEBUG msg="Študent nebol nájdený" "student registration number"=18728 exam_id=13
time=2026-05-18T16:18:34.479+02:00 level=DEBUG msg="Vytváranie študenta" name=Myroslav surname=Derbak "registration number"=18728
time=2026-05-18T16:18:34.498+02:00 level=DEBUG msg="Hľadanie študenta" "registration number"=141728 "exam ID"=13
time=2026-05-18T16:18:34.498+02:00 level=DEBUG msg="Študent nebol nájdený" "student registration number"=141728 exam_id=13
time=2026-05-18T16:18:34.498+02:00 level=DEBUG msg="Vytváranie študenta" name=Oleksandr surname=Derkach "registration number"=141728
time=2026-05-18T16:18:34.517+02:00 level=DEBUG msg="Hľadanie študenta" "registration number"=19728 "exam ID"=13
time=2026-05-18T16:18:34.517+02:00 level=DEBUG msg="Študent nebol nájdený" "student registration number"=19728 exam_id=13
time=2026-05-18T16:18:34.517+02:00 level=DEBUG msg="Vytváranie študenta" name=Oleksii surname=Didenko "registration number"=19728
time=2026-05-18T16:18:34.538+02:00 level=DEBUG msg="Hľadanie študenta" "registration number"=1018728 "exam ID"=13
time=2026-05-18T16:18:34.538+02:00 level=DEBUG msg="Študent nebol nájdený" "student registration number"=1018728 exam_id=13
time=2026-05-18T16:18:34.538+02:00 level=DEBUG msg="Vytváranie študenta" name=Adam surname=Dobrovolský "registration number"=1018728
time=2026-05-18T16:18:34.558+02:00 level=DEBUG msg="Hľadanie študenta" "registration number"=20728 "exam ID"=13
time=2026-05-18T16:18:34.558+02:00 level=DEBUG msg="Študent nebol nájdený" "student registration number"=20728 exam_id=13
time=2026-05-18T16:18:34.558+02:00 level=DEBUG msg="Vytváranie študenta" name=Mykyta surname=Dobrovolskyi "registration number"=20728
time=2026-05-18T16:18:34.608+02:00 level=DEBUG msg="Hľadanie študenta" "registration number"=814728 "exam ID"=13
time=2026-05-18T16:18:34.613+02:00 level=DEBUG msg="Študent nebol nájdený" "student registration number"=814728 exam_id=13
time=2026-05-18T16:18:34.613+02:00 level=DEBUG msg="Vytváranie študenta" name=Richard surname=Drinka "registration number"=814728
time=2026-05-18T16:18:34.638+02:00 level=DEBUG msg="Hľadanie študenta" "registration number"=1249728 "exam ID"=13
time=2026-05-18T16:18:34.638+02:00 level=DEBUG msg="Študent nebol nájdený" "student registration number"=1249728 exam_id=13
time=2026-05-18T16:18:34.638+02:00 level=DEBUG msg="Vytváranie študenta" name=Dávid surname=Druska "registration number"=1249728
time=2026-05-18T16:18:34.686+02:00 level=DEBUG msg="Hľadanie študenta" "registration number"=454728 "exam ID"=13
time=2026-05-18T16:18:34.686+02:00 level=DEBUG msg="Študent nebol nájdený" "student registration number"=454728 exam_id=13
time=2026-05-18T16:18:34.686+02:00 level=DEBUG msg="Vytváranie študenta" name=Yana surname=Dubrova "registration number"=454728
time=2026-05-18T16:18:34.699+02:00 level=DEBUG msg="Hľadanie študenta" "registration number"=1019728 "exam ID"=13
time=2026-05-18T16:18:34.699+02:00 level=DEBUG msg="Študent nebol nájdený" "student registration number"=1019728 exam_id=13
time=2026-05-18T16:18:34.699+02:00 level=DEBUG msg="Vytváranie študenta" name=Kevin surname=Dulický "registration number"=1019728
time=2026-05-18T16:18:34.714+02:00 level=DEBUG msg="Hľadanie študenta" "registration number"=1090728 "exam ID"=13
time=2026-05-18T16:18:34.715+02:00 level=DEBUG msg="Študent nebol nájdený" "student registration number"=1090728 exam_id=13
time=2026-05-18T16:18:34.715+02:00 level=DEBUG msg="Vytváranie študenta" name=Tomáš surname=Dundek "registration number"=1090728
time=2026-05-18T16:18:34.727+02:00 level=DEBUG msg="Hľadanie študenta" "registration number"=360728 "exam ID"=13
time=2026-05-18T16:18:34.729+02:00 level=DEBUG msg="Študent nebol nájdený" "student registration number"=360728 exam_id=13
time=2026-05-18T16:18:34.729+02:00 level=DEBUG msg="Vytváranie študenta" name=Kristína surname=Ďurišová "registration number"=360728
time=2026-05-18T16:18:34.741+02:00 level=DEBUG msg="Hľadanie študenta" "registration number"=21728 "exam ID"=13
time=2026-05-18T16:18:34.741+02:00 level=DEBUG msg="Študent nebol nájdený" "student registration number"=21728 exam_id=13
time=2026-05-18T16:18:34.741+02:00 level=DEBUG msg="Vytváranie študenta" name=Mykhailo surname=Dyshkant "registration number"=21728
time=2026-05-18T16:18:34.758+02:00 level=DEBUG msg="Hľadanie študenta" "registration number"=22728 "exam ID"=13
time=2026-05-18T16:18:34.759+02:00 level=DEBUG msg="Študent nebol nájdený" "student registration number"=22728 exam_id=13
time=2026-05-18T16:18:34.759+02:00 level=DEBUG msg="Vytváranie študenta" name=Alexandra surname=Džačovská "registration number"=22728
time=2026-05-18T16:18:34.810+02:00 level=DEBUG msg="Hľadanie študenta" "registration number"=749728 "exam ID"=13
time=2026-05-18T16:18:34.810+02:00 level=DEBUG msg="Študent nebol nájdený" "student registration number"=749728 exam_id=13
time=2026-05-18T16:18:34.810+02:00 level=DEBUG msg="Vytváranie študenta" name=Adam surname=Dzúrik "registration number"=749728
time=2026-05-18T16:18:34.827+02:00 level=DEBUG msg="Hľadanie študenta" "registration number"=1250728 "exam ID"=13
time=2026-05-18T16:18:34.828+02:00 level=DEBUG msg="Študent nebol nájdený" "student registration number"=1250728 exam_id=13
time=2026-05-18T16:18:34.828+02:00 level=DEBUG msg="Vytváranie študenta" name=Adam surname=Dzuriš "registration number"=1250728
time=2026-05-18T16:18:34.879+02:00 level=DEBUG msg="Hľadanie študenta" "registration number"=23728 "exam ID"=13
time=2026-05-18T16:18:34.879+02:00 level=DEBUG msg="Študent nebol nájdený" "student registration number"=23728 exam_id=13
time=2026-05-18T16:18:34.879+02:00 level=DEBUG msg="Vytváranie študenta" name=Lukáš surname=Eliaš "registration number"=23728
time=2026-05-18T16:18:34.911+02:00 level=DEBUG msg="Hľadanie študenta" "registration number"=1252728 "exam ID"=13
time=2026-05-18T16:18:34.912+02:00 level=DEBUG msg="Študent nebol nájdený" "student registration number"=1252728 exam_id=13
time=2026-05-18T16:18:34.912+02:00 level=DEBUG msg="Vytváranie študenta" name=Jakub surname=Faizi "registration number"=1252728
time=2026-05-18T16:18:34.995+02:00 level=DEBUG msg="Hľadanie študenta" "registration number"=203728 "exam ID"=13
time=2026-05-18T16:18:34.998+02:00 level=DEBUG msg="Študent nebol nájdený" "student registration number"=203728 exam_id=13
time=2026-05-18T16:18:34.998+02:00 level=DEBUG msg="Vytváranie študenta" name=Farhad surname=Farajpour "registration number"=203728
time=2026-05-18T16:18:35.014+02:00 level=DEBUG msg="Hľadanie študenta" "registration number"=221728 "exam ID"=13
time=2026-05-18T16:18:35.014+02:00 level=DEBUG msg="Študent nebol nájdený" "student registration number"=221728 exam_id=13
time=2026-05-18T16:18:35.014+02:00 level=DEBUG msg="Vytváranie študenta" name=Farhad surname=Farajpour "registration number"=221728
time=2026-05-18T16:18:35.075+02:00 level=DEBUG msg="Hľadanie študenta" "registration number"=688728 "exam ID"=13
time=2026-05-18T16:18:35.081+02:00 level=DEBUG msg="Študent nebol nájdený" "student registration number"=688728 exam_id=13
time=2026-05-18T16:18:35.081+02:00 level=DEBUG msg="Vytváranie študenta" name=Michal surname=Fekete "registration number"=688728
time=2026-05-18T16:18:35.093+02:00 level=DEBUG msg="Hľadanie študenta" "registration number"=508728 "exam ID"=13
time=2026-05-18T16:18:35.120+02:00 level=DEBUG msg="Študent nebol nájdený" "student registration number"=508728 exam_id=13
time=2026-05-18T16:18:35.120+02:00 level=DEBUG msg="Vytváranie študenta" name=Soňa surname=Feketeová "registration number"=508728
time=2026-05-18T16:18:35.171+02:00 level=DEBUG msg="Hľadanie študenta" "registration number"=1020728 "exam ID"=13
time=2026-05-18T16:18:35.171+02:00 level=DEBUG msg="Študent nebol nájdený" "student registration number"=1020728 exam_id=13
time=2026-05-18T16:18:35.171+02:00 level=DEBUG msg="Vytváranie študenta" name=Adam surname=Feník "registration number"=1020728
time=2026-05-18T16:18:35.182+02:00 level=DEBUG msg="Hľadanie študenta" "registration number"=1091728 "exam ID"=13
time=2026-05-18T16:18:35.182+02:00 level=DEBUG msg="Študent nebol nájdený" "student registration number"=1091728 exam_id=13
time=2026-05-18T16:18:35.182+02:00 level=DEBUG msg="Vytváranie študenta" name=Natália surname=Ferajová "registration number"=1091728
time=2026-05-18T16:18:35.191+02:00 level=DEBUG msg="Hľadanie študenta" "registration number"=1021728 "exam ID"=13
time=2026-05-18T16:18:35.192+02:00 level=DEBUG msg="Študent nebol nájdený" "student registration number"=1021728 exam_id=13
time=2026-05-18T16:18:35.192+02:00 level=DEBUG msg="Vytváranie študenta" name=Alexandra surname=Ferrara "registration number"=1021728
time=2026-05-18T16:18:35.201+02:00 level=DEBUG msg="Hľadanie študenta" "registration number"=24728 "exam ID"=13
time=2026-05-18T16:18:35.202+02:00 level=DEBUG msg="Študent nebol nájdený" "student registration number"=24728 exam_id=13
time=2026-05-18T16:18:35.202+02:00 level=DEBUG msg="Vytváranie študenta" name=Michaela surname=Fidlerová "registration number"=24728
time=2026-05-18T16:18:35.210+02:00 level=DEBUG msg="Hľadanie študenta" "registration number"=25728 "exam ID"=13
time=2026-05-18T16:18:35.211+02:00 level=DEBUG msg="Študent nebol nájdený" "student registration number"=25728 exam_id=13
time=2026-05-18T16:18:35.211+02:00 level=DEBUG msg="Vytváranie študenta" name=Maximilián surname=Fridrich "registration number"=25728
time=2026-05-18T16:18:35.219+02:00 level=DEBUG msg="Hľadanie študenta" "registration number"=1092728 "exam ID"=13
time=2026-05-18T16:18:35.220+02:00 level=DEBUG msg="Študent nebol nájdený" "student registration number"=1092728 exam_id=13
time=2026-05-18T16:18:35.220+02:00 level=DEBUG msg="Vytváranie študenta" name=Isabella surname=Frincu "registration number"=1092728
time=2026-05-18T16:18:35.228+02:00 level=DEBUG msg="Hľadanie študenta" "registration number"=26728 "exam ID"=13
time=2026-05-18T16:18:35.229+02:00 level=DEBUG msg="Študent nebol nájdený" "student registration number"=26728 exam_id=13
time=2026-05-18T16:18:35.229+02:00 level=DEBUG msg="Vytváranie študenta" name=Maxim surname=Frühwald "registration number"=26728
time=2026-05-18T16:18:35.241+02:00 level=DEBUG msg="Hľadanie študenta" "registration number"=570728 "exam ID"=13
time=2026-05-18T16:18:35.241+02:00 level=DEBUG msg="Študent nebol nájdený" "student registration number"=570728 exam_id=13
time=2026-05-18T16:18:35.241+02:00 level=DEBUG msg="Vytváranie študenta" name=Richard surname=Fuchs "registration number"=570728
time=2026-05-18T16:18:35.250+02:00 level=DEBUG msg="Hľadanie študenta" "registration number"=1093728 "exam ID"=13
time=2026-05-18T16:18:35.251+02:00 level=DEBUG msg="Študent nebol nájdený" "student registration number"=1093728 exam_id=13
time=2026-05-18T16:18:35.251+02:00 level=DEBUG msg="Vytváranie študenta" name="Kamil Emil" surname=Gaidoš "registration number"=1093728
time=2026-05-18T16:18:35.259+02:00 level=DEBUG msg="Hľadanie študenta" "registration number"=143728 "exam ID"=13
time=2026-05-18T16:18:35.260+02:00 level=DEBUG msg="Študent nebol nájdený" "student registration number"=143728 exam_id=13
time=2026-05-18T16:18:35.260+02:00 level=DEBUG msg="Vytváranie študenta" name=Patrik surname=Gajdošík "registration number"=143728
time=2026-05-18T16:18:35.268+02:00 level=DEBUG msg="Hľadanie študenta" "registration number"=144728 "exam ID"=13
time=2026-05-18T16:18:35.268+02:00 level=DEBUG msg="Študent nebol nájdený" "student registration number"=144728 exam_id=13
time=2026-05-18T16:18:35.268+02:00 level=DEBUG msg="Vytváranie študenta" name=Samuel surname=Gálik "registration number"=144728
time=2026-05-18T16:18:35.276+02:00 level=DEBUG msg="Hľadanie študenta" "registration number"=456728 "exam ID"=13
time=2026-05-18T16:18:35.277+02:00 level=DEBUG msg="Študent nebol nájdený" "student registration number"=456728 exam_id=13
time=2026-05-18T16:18:35.277+02:00 level=DEBUG msg="Vytváranie študenta" name=Svorad surname=Gemza "registration number"=456728
time=2026-05-18T16:18:35.286+02:00 level=DEBUG msg="Hľadanie študenta" "registration number"=28728 "exam ID"=13
time=2026-05-18T16:18:35.287+02:00 level=DEBUG msg="Študent nebol nájdený" "student registration number"=28728 exam_id=13
time=2026-05-18T16:18:35.287+02:00 level=DEBUG msg="Vytváranie študenta" name=Samuel surname=Gereg "registration number"=28728
time=2026-05-18T16:18:35.296+02:00 level=DEBUG msg="Hľadanie študenta" "registration number"=311728 "exam ID"=13
time=2026-05-18T16:18:35.297+02:00 level=DEBUG msg="Študent nebol nájdený" "student registration number"=311728 exam_id=13
time=2026-05-18T16:18:35.297+02:00 level=DEBUG msg="Vytváranie študenta" name=Andrii surname=Gladushka "registration number"=311728
time=2026-05-18T16:18:35.305+02:00 level=DEBUG msg="Hľadanie študenta" "registration number"=223728 "exam ID"=13
time=2026-05-18T16:18:35.306+02:00 level=DEBUG msg="Študent nebol nájdený" "student registration number"=223728 exam_id=13
time=2026-05-18T16:18:35.306+02:00 level=DEBUG msg="Vytváranie študenta" name=Filip surname=Golian "registration number"=223728
time=2026-05-18T16:18:35.314+02:00 level=DEBUG msg="Hľadanie študenta" "registration number"=457728 "exam ID"=13
time=2026-05-18T16:18:35.315+02:00 level=DEBUG msg="Študent nebol nájdený" "student registration number"=457728 exam_id=13
time=2026-05-18T16:18:35.315+02:00 level=DEBUG msg="Vytváranie študenta" name=Martin surname=Gombár "registration number"=457728
time=2026-05-18T16:18:35.323+02:00 level=DEBUG msg="Hľadanie študenta" "registration number"=934728 "exam ID"=13
time=2026-05-18T16:18:35.324+02:00 level=DEBUG msg="Študent nebol nájdený" "student registration number"=934728 exam_id=13
time=2026-05-18T16:18:35.324+02:00 level=DEBUG msg="Vytváranie študenta" name=Peter surname=Gomboš "registration number"=934728
time=2026-05-18T16:18:35.332+02:00 level=DEBUG msg="Hľadanie študenta" "registration number"=426728 "exam ID"=13
time=2026-05-18T16:18:35.332+02:00 level=DEBUG msg="Študent nebol nájdený" "student registration number"=426728 exam_id=13
time=2026-05-18T16:18:35.332+02:00 level=DEBUG msg="Vytváranie študenta" name=Kirill surname=Goriakin "registration number"=426728
time=2026-05-18T16:18:35.342+02:00 level=DEBUG msg="Hľadanie študenta" "registration number"=1022728 "exam ID"=13
time=2026-05-18T16:18:35.343+02:00 level=DEBUG msg="Študent nebol nájdený" "student registration number"=1022728 exam_id=13
time=2026-05-18T16:18:35.343+02:00 level=DEBUG msg="Vytváranie študenta" name=Samuel surname=Grabczak "registration number"=1022728
time=2026-05-18T16:18:35.351+02:00 level=DEBUG msg="Hľadanie študenta" "registration number"=1095728 "exam ID"=13
time=2026-05-18T16:18:35.352+02:00 level=DEBUG msg="Študent nebol nájdený" "student registration number"=1095728 exam_id=13
time=2026-05-18T16:18:35.352+02:00 level=DEBUG msg="Vytváranie študenta" name=Nikita surname=Gregušová "registration number"=1095728
time=2026-05-18T16:18:35.362+02:00 level=DEBUG msg="Hľadanie študenta" "registration number"=690728 "exam ID"=13
time=2026-05-18T16:18:35.362+02:00 level=DEBUG msg="Študent nebol nájdený" "student registration number"=690728 exam_id=13
time=2026-05-18T16:18:35.362+02:00 level=DEBUG msg="Vytváranie študenta" name=Adam surname=Grman "registration number"=690728
time=2026-05-18T16:18:35.372+02:00 level=DEBUG msg="Hľadanie študenta" "registration number"=1096728 "exam ID"=13
time=2026-05-18T16:18:35.372+02:00 level=DEBUG msg="Študent nebol nájdený" "student registration number"=1096728 exam_id=13
time=2026-05-18T16:18:35.372+02:00 level=DEBUG msg="Vytváranie študenta" name="Adam Eduard" surname=Grman "registration number"=1096728
time=2026-05-18T16:18:35.380+02:00 level=DEBUG msg="Hľadanie študenta" "registration number"=1024728 "exam ID"=13
time=2026-05-18T16:18:35.381+02:00 level=DEBUG msg="Študent nebol nájdený" "student registration number"=1024728 exam_id=13
time=2026-05-18T16:18:35.381+02:00 level=DEBUG msg="Vytváranie študenta" name=Lenka surname=Grocká "registration number"=1024728
time=2026-05-18T16:18:35.389+02:00 level=DEBUG msg="Hľadanie študenta" "registration number"=750728 "exam ID"=13
time=2026-05-18T16:18:35.389+02:00 level=DEBUG msg="Študent nebol nájdený" "student registration number"=750728 exam_id=13
time=2026-05-18T16:18:35.389+02:00 level=DEBUG msg="Vytváranie študenta" name=Gabriel surname=Grotkovský "registration number"=750728
time=2026-05-18T16:18:35.400+02:00 level=DEBUG msg="Hľadanie študenta" "registration number"=145728 "exam ID"=13
time=2026-05-18T16:18:35.401+02:00 level=DEBUG msg="Študent nebol nájdený" "student registration number"=145728 exam_id=13
time=2026-05-18T16:18:35.401+02:00 level=DEBUG msg="Vytváranie študenta" name=Lukáš surname=Gudanek "registration number"=145728
time=2026-05-18T16:18:35.410+02:00 level=DEBUG msg="Hľadanie študenta" "registration number"=516728 "exam ID"=13
time=2026-05-18T16:18:35.410+02:00 level=DEBUG msg="Študent nebol nájdený" "student registration number"=516728 exam_id=13
time=2026-05-18T16:18:35.410+02:00 level=DEBUG msg="Vytváranie študenta" name=Tomáš surname=Guldan "registration number"=516728
time=2026-05-18T16:18:35.418+02:00 level=DEBUG msg="Hľadanie študenta" "registration number"=30728 "exam ID"=13
time=2026-05-18T16:18:35.418+02:00 level=DEBUG msg="Študent nebol nájdený" "student registration number"=30728 exam_id=13
time=2026-05-18T16:18:35.418+02:00 level=DEBUG msg="Vytváranie študenta" name=Daniel surname=Gulyás "registration number"=30728
time=2026-05-18T16:18:35.428+02:00 level=DEBUG msg="Hľadanie študenta" "registration number"=458728 "exam ID"=13
time=2026-05-18T16:18:35.428+02:00 level=DEBUG msg="Študent nebol nájdený" "student registration number"=458728 exam_id=13
time=2026-05-18T16:18:35.428+02:00 level=DEBUG msg="Vytváranie študenta" name=Tomáš surname=Hakáč "registration number"=458728
time=2026-05-18T16:18:35.436+02:00 level=DEBUG msg="Hľadanie študenta" "registration number"=571728 "exam ID"=13
time=2026-05-18T16:18:35.437+02:00 level=DEBUG msg="Študent nebol nájdený" "student registration number"=571728 exam_id=13
time=2026-05-18T16:18:35.437+02:00 level=DEBUG msg="Vytváranie študenta" name=Daniela surname=Hanušniaková "registration number"=571728
time=2026-05-18T16:18:35.445+02:00 level=DEBUG msg="Hľadanie študenta" "registration number"=31728 "exam ID"=13
time=2026-05-18T16:18:35.446+02:00 level=DEBUG msg="Študent nebol nájdený" "student registration number"=31728 exam_id=13
time=2026-05-18T16:18:35.446+02:00 level=DEBUG msg="Vytváranie študenta" name=Samuel surname=Harvan "registration number"=31728
time=2026-05-18T16:18:35.454+02:00 level=DEBUG msg="Hľadanie študenta" "registration number"=1100728 "exam ID"=13
time=2026-05-18T16:18:35.455+02:00 level=DEBUG msg="Študent nebol nájdený" "student registration number"=1100728 exam_id=13
time=2026-05-18T16:18:35.455+02:00 level=DEBUG msg="Vytváranie študenta" name=Vasyl surname=Hasynets "registration number"=1100728
time=2026-05-18T16:18:35.463+02:00 level=DEBUG msg="Hľadanie študenta" "registration number"=1101728 "exam ID"=13
time=2026-05-18T16:18:35.464+02:00 level=DEBUG msg="Študent nebol nájdený" "student registration number"=1101728 exam_id=13
time=2026-05-18T16:18:35.464+02:00 level=DEBUG msg="Vytváranie študenta" name=Matej surname=Hašuk "registration number"=1101728
time=2026-05-18T16:18:35.472+02:00 level=DEBUG msg="Hľadanie študenta" "registration number"=146728 "exam ID"=13
time=2026-05-18T16:18:35.473+02:00 level=DEBUG msg="Študent nebol nájdený" "student registration number"=146728 exam_id=13
time=2026-05-18T16:18:35.473+02:00 level=DEBUG msg="Vytváranie študenta" name=Šimon surname=Haviernik "registration number"=146728
time=2026-05-18T16:18:35.481+02:00 level=DEBUG msg="Hľadanie študenta" "registration number"=182728 "exam ID"=13
time=2026-05-18T16:18:35.482+02:00 level=DEBUG msg="Študent nebol nájdený" "student registration number"=182728 exam_id=13
time=2026-05-18T16:18:35.482+02:00 level=DEBUG msg="Vytváranie študenta" name=Maxim surname=Hegely "registration number"=182728
time=2026-05-18T16:18:35.490+02:00 level=DEBUG msg="Hľadanie študenta" "registration number"=615728 "exam ID"=13
time=2026-05-18T16:18:35.491+02:00 level=DEBUG msg="Študent nebol nájdený" "student registration number"=615728 exam_id=13
time=2026-05-18T16:18:35.491+02:00 level=DEBUG msg="Vytváranie študenta" name=Filip surname=Henkeľ "registration number"=615728
time=2026-05-18T16:18:35.499+02:00 level=DEBUG msg="Hľadanie študenta" "registration number"=691728 "exam ID"=13
time=2026-05-18T16:18:35.500+02:00 level=DEBUG msg="Študent nebol nájdený" "student registration number"=691728 exam_id=13
time=2026-05-18T16:18:35.500+02:00 level=DEBUG msg="Vytváranie študenta" name=Stanislav surname=Hera "registration number"=691728
time=2026-05-18T16:18:35.508+02:00 level=DEBUG msg="Hľadanie študenta" "registration number"=817728 "exam ID"=13
time=2026-05-18T16:18:35.509+02:00 level=DEBUG msg="Študent nebol nájdený" "student registration number"=817728 exam_id=13
time=2026-05-18T16:18:35.509+02:00 level=DEBUG msg="Vytváranie študenta" name=Natália surname=Heráková "registration number"=817728
time=2026-05-18T16:18:35.517+02:00 level=DEBUG msg="Hľadanie študenta" "registration number"=147728 "exam ID"=13
time=2026-05-18T16:18:35.517+02:00 level=DEBUG msg="Študent nebol nájdený" "student registration number"=147728 exam_id=13
time=2026-05-18T16:18:35.517+02:00 level=DEBUG msg="Vytváranie študenta" name="Leonard julius" surname=Heriban "registration number"=147728
time=2026-05-18T16:18:35.527+02:00 level=DEBUG msg="Hľadanie študenta" "registration number"=935728 "exam ID"=13
time=2026-05-18T16:18:35.527+02:00 level=DEBUG msg="Študent nebol nájdený" "student registration number"=935728 exam_id=13
time=2026-05-18T16:18:35.527+02:00 level=DEBUG msg="Vytváranie študenta" name=Maksym surname=Hirchenko "registration number"=935728
time=2026-05-18T16:18:35.536+02:00 level=DEBUG msg="Hľadanie študenta" "registration number"=818728 "exam ID"=13
time=2026-05-18T16:18:35.536+02:00 level=DEBUG msg="Študent nebol nájdený" "student registration number"=818728 exam_id=13
time=2026-05-18T16:18:35.536+02:00 level=DEBUG msg="Vytváranie študenta" name="Adam Jakub" surname=Hladný "registration number"=818728
time=2026-05-18T16:18:35.546+02:00 level=DEBUG msg="Hľadanie študenta" "registration number"=692728 "exam ID"=13
time=2026-05-18T16:18:35.546+02:00 level=DEBUG msg="Študent nebol nájdený" "student registration number"=692728 exam_id=13
time=2026-05-18T16:18:35.546+02:00 level=DEBUG msg="Vytváranie študenta" name=Timotej surname=Hlavatý "registration number"=692728
time=2026-05-18T16:18:35.555+02:00 level=DEBUG msg="Hľadanie študenta" "registration number"=32728 "exam ID"=13
time=2026-05-18T16:18:35.556+02:00 level=DEBUG msg="Študent nebol nájdený" "student registration number"=32728 exam_id=13
time=2026-05-18T16:18:35.556+02:00 level=DEBUG msg="Vytváranie študenta" name=Volodymyr surname=Hnatiuk "registration number"=32728
time=2026-05-18T16:18:35.565+02:00 level=DEBUG msg="Hľadanie študenta" "registration number"=1253728 "exam ID"=13
time=2026-05-18T16:18:35.566+02:00 level=DEBUG msg="Študent nebol nájdený" "student registration number"=1253728 exam_id=13
time=2026-05-18T16:18:35.566+02:00 level=DEBUG msg="Vytváranie študenta" name=Richard surname=Hodák "registration number"=1253728
time=2026-05-18T16:18:35.577+02:00 level=DEBUG msg="Hľadanie študenta" "registration number"=1025728 "exam ID"=13
time=2026-05-18T16:18:35.577+02:00 level=DEBUG msg="Študent nebol nájdený" "student registration number"=1025728 exam_id=13
time=2026-05-18T16:18:35.577+02:00 level=DEBUG msg="Vytváranie študenta" name=Jakub surname=Holp "registration number"=1025728
time=2026-05-18T16:18:35.587+02:00 level=DEBUG msg="Hľadanie študenta" "registration number"=1254728 "exam ID"=13
time=2026-05-18T16:18:35.588+02:00 level=DEBUG msg="Študent nebol nájdený" "student registration number"=1254728 exam_id=13
time=2026-05-18T16:18:35.588+02:00 level=DEBUG msg="Vytváranie študenta" name=Nicolas surname=Homola "registration number"=1254728
time=2026-05-18T16:18:35.598+02:00 level=DEBUG msg="Hľadanie študenta" "registration number"=149728 "exam ID"=13
time=2026-05-18T16:18:35.598+02:00 level=DEBUG msg="Študent nebol nájdený" "student registration number"=149728 exam_id=13
time=2026-05-18T16:18:35.598+02:00 level=DEBUG msg="Vytváranie študenta" name=Ruslan surname=Honcharov "registration number"=149728
time=2026-05-18T16:18:35.607+02:00 level=DEBUG msg="Hľadanie študenta" "registration number"=33728 "exam ID"=13
time=2026-05-18T16:18:35.607+02:00 level=DEBUG msg="Študent nebol nájdený" "student registration number"=33728 exam_id=13
time=2026-05-18T16:18:35.607+02:00 level=DEBUG msg="Vytváranie študenta" name=Patrik surname=Horáček "registration number"=33728
time=2026-05-18T16:18:35.616+02:00 level=DEBUG msg="Hľadanie študenta" "registration number"=450728 "exam ID"=13
time=2026-05-18T16:18:35.616+02:00 level=DEBUG msg="Študent nebol nájdený" "student registration number"=450728 exam_id=13
time=2026-05-18T16:18:35.616+02:00 level=DEBUG msg="Vytváranie študenta" name=Diana surname=Horpinchenko "registration number"=450728
time=2026-05-18T16:18:35.625+02:00 level=DEBUG msg="Hľadanie študenta" "registration number"=459728 "exam ID"=13
time=2026-05-18T16:18:35.625+02:00 level=DEBUG msg="Študent nebol nájdený" "student registration number"=459728 exam_id=13
time=2026-05-18T16:18:35.625+02:00 level=DEBUG msg="Vytváranie študenta" name=Filip surname=Host "registration number"=459728
time=2026-05-18T16:18:35.634+02:00 level=DEBUG msg="Hľadanie študenta" "registration number"=35728 "exam ID"=13
time=2026-05-18T16:18:35.634+02:00 level=DEBUG msg="Študent nebol nájdený" "student registration number"=35728 exam_id=13
time=2026-05-18T16:18:35.634+02:00 level=DEBUG msg="Vytváranie študenta" name=Kamil surname=Hovanec "registration number"=35728
time=2026-05-18T16:18:35.643+02:00 level=DEBUG msg="Hľadanie študenta" "registration number"=460728 "exam ID"=13
time=2026-05-18T16:18:35.644+02:00 level=DEBUG msg="Študent nebol nájdený" "student registration number"=460728 exam_id=13
time=2026-05-18T16:18:35.644+02:00 level=DEBUG msg="Vytváranie študenta" name=Matej surname=Hrabala "registration number"=460728
time=2026-05-18T16:18:35.652+02:00 level=DEBUG msg="Hľadanie študenta" "registration number"=517728 "exam ID"=13
time=2026-05-18T16:18:35.653+02:00 level=DEBUG msg="Študent nebol nájdený" "student registration number"=517728 exam_id=13
time=2026-05-18T16:18:35.653+02:00 level=DEBUG msg="Vytváranie študenta" name=Marek surname=Hrachovský "registration number"=517728
time=2026-05-18T16:18:35.662+02:00 level=DEBUG msg="Hľadanie študenta" "registration number"=36728 "exam ID"=13
time=2026-05-18T16:18:35.662+02:00 level=DEBUG msg="Študent nebol nájdený" "student registration number"=36728 exam_id=13
time=2026-05-18T16:18:35.662+02:00 level=DEBUG msg="Vytváranie študenta" name=Teodor surname=Hrdina "registration number"=36728
time=2026-05-18T16:18:35.671+02:00 level=DEBUG msg="Hľadanie študenta" "registration number"=37728 "exam ID"=13
time=2026-05-18T16:18:35.671+02:00 level=DEBUG msg="Študent nebol nájdený" "student registration number"=37728 exam_id=13
time=2026-05-18T16:18:35.671+02:00 level=DEBUG msg="Vytváranie študenta" name=Samuel surname=Hrdlička "registration number"=37728
time=2026-05-18T16:18:35.681+02:00 level=DEBUG msg="Hľadanie študenta" "registration number"=819728 "exam ID"=13
time=2026-05-18T16:18:35.681+02:00 level=DEBUG msg="Študent nebol nájdený" "student registration number"=819728 exam_id=13
time=2026-05-18T16:18:35.681+02:00 level=DEBUG msg="Vytváranie študenta" name=Martin surname=Hricišin "registration number"=819728
time=2026-05-18T16:18:35.690+02:00 level=DEBUG msg="Hľadanie študenta" "registration number"=936728 "exam ID"=13
time=2026-05-18T16:18:35.690+02:00 level=DEBUG msg="Študent nebol nájdený" "student registration number"=936728 exam_id=13
time=2026-05-18T16:18:35.690+02:00 level=DEBUG msg="Vytváranie študenta" name=Samuel surname=Hrnčár "registration number"=936728
time=2026-05-18T16:18:35.699+02:00 level=DEBUG msg="Hľadanie študenta" "registration number"=38728 "exam ID"=13
time=2026-05-18T16:18:35.700+02:00 level=DEBUG msg="Študent nebol nájdený" "student registration number"=38728 exam_id=13
time=2026-05-18T16:18:35.700+02:00 level=DEBUG msg="Vytváranie študenta" name=Yaroslav surname=Hrushevskyi "registration number"=38728
time=2026-05-18T16:18:35.709+02:00 level=DEBUG msg="Hľadanie študenta" "registration number"=39728 "exam ID"=13
time=2026-05-18T16:18:35.710+02:00 level=DEBUG msg="Študent nebol nájdený" "student registration number"=39728 exam_id=13
time=2026-05-18T16:18:35.710+02:00 level=DEBUG msg="Vytváranie študenta" name=Maksym surname=Hubar "registration number"=39728
time=2026-05-18T16:18:35.719+02:00 level=DEBUG msg="Hľadanie študenta" "registration number"=1255728 "exam ID"=13
time=2026-05-18T16:18:35.720+02:00 level=DEBUG msg="Študent nebol nájdený" "student registration number"=1255728 exam_id=13
time=2026-05-18T16:18:35.720+02:00 level=DEBUG msg="Vytváranie študenta" name=Andrej surname=Hudačko "registration number"=1255728
time=2026-05-18T16:18:35.729+02:00 level=DEBUG msg="Hľadanie študenta" "registration number"=573728 "exam ID"=13
time=2026-05-18T16:18:35.729+02:00 level=DEBUG msg="Študent nebol nájdený" "student registration number"=573728 exam_id=13
time=2026-05-18T16:18:35.729+02:00 level=DEBUG msg="Vytváranie študenta" name=Sára surname=Hudecová "registration number"=573728
time=2026-05-18T16:18:35.737+02:00 level=DEBUG msg="Hľadanie študenta" "registration number"=350728 "exam ID"=13
time=2026-05-18T16:18:35.738+02:00 level=DEBUG msg="Študent nebol nájdený" "student registration number"=350728 exam_id=13
time=2026-05-18T16:18:35.738+02:00 level=DEBUG msg="Vytváranie študenta" name=Artur surname=Huk "registration number"=350728
time=2026-05-18T16:18:35.746+02:00 level=DEBUG msg="Hľadanie študenta" "registration number"=183728 "exam ID"=13
time=2026-05-18T16:18:35.747+02:00 level=DEBUG msg="Študent nebol nájdený" "student registration number"=183728 exam_id=13
time=2026-05-18T16:18:35.747+02:00 level=DEBUG msg="Vytváranie študenta" name=Volodymyr surname=Huk "registration number"=183728
time=2026-05-18T16:18:35.755+02:00 level=DEBUG msg="Hľadanie študenta" "registration number"=937728 "exam ID"=13
time=2026-05-18T16:18:35.755+02:00 level=DEBUG msg="Študent nebol nájdený" "student registration number"=937728 exam_id=13
time=2026-05-18T16:18:35.755+02:00 level=DEBUG msg="Vytváranie študenta" name=Roman surname=Hulina "registration number"=937728
time=2026-05-18T16:18:35.765+02:00 level=DEBUG msg="Hľadanie študenta" "registration number"=938728 "exam ID"=13
time=2026-05-18T16:18:35.765+02:00 level=DEBUG msg="Študent nebol nájdený" "student registration number"=938728 exam_id=13
time=2026-05-18T16:18:35.765+02:00 level=DEBUG msg="Vytváranie študenta" name=Adam surname=Huraj "registration number"=938728
time=2026-05-18T16:18:35.776+02:00 level=DEBUG msg="Hľadanie študenta" "registration number"=939728 "exam ID"=13
time=2026-05-18T16:18:35.777+02:00 level=DEBUG msg="Študent nebol nájdený" "student registration number"=939728 exam_id=13
time=2026-05-18T16:18:35.777+02:00 level=DEBUG msg="Vytváranie študenta" name=Štefan surname=Husár "registration number"=939728
time=2026-05-18T16:18:35.786+02:00 level=DEBUG msg="Hľadanie študenta" "registration number"=40728 "exam ID"=13
time=2026-05-18T16:18:35.787+02:00 level=DEBUG msg="Študent nebol nájdený" "student registration number"=40728 exam_id=13
time=2026-05-18T16:18:35.787+02:00 level=DEBUG msg="Vytváranie študenta" name=Branislav surname=Húska "registration number"=40728
time=2026-05-18T16:18:35.800+02:00 level=DEBUG msg="Hľadanie študenta" "registration number"=361728 "exam ID"=13
time=2026-05-18T16:18:35.801+02:00 level=DEBUG msg="Študent nebol nájdený" "student registration number"=361728 exam_id=13
time=2026-05-18T16:18:35.801+02:00 level=DEBUG msg="Vytváranie študenta" name=Peter surname=Hvišč "registration number"=361728
time=2026-05-18T16:18:35.812+02:00 level=DEBUG msg="Hľadanie študenta" "registration number"=362728 "exam ID"=13
time=2026-05-18T16:18:35.812+02:00 level=DEBUG msg="Študent nebol nájdený" "student registration number"=362728 exam_id=13
time=2026-05-18T16:18:35.812+02:00 level=DEBUG msg="Vytváranie študenta" name=Seulchan surname=Hwang "registration number"=362728
time=2026-05-18T16:18:35.826+02:00 level=DEBUG msg="Hľadanie študenta" "registration number"=406728 "exam ID"=13
time=2026-05-18T16:18:35.827+02:00 level=DEBUG msg="Študent nebol nájdený" "student registration number"=406728 exam_id=13
time=2026-05-18T16:18:35.827+02:00 level=DEBUG msg="Vytváranie študenta" name=Kateryna surname=Cheketa "registration number"=406728
time=2026-05-18T16:18:35.838+02:00 level=DEBUG msg="Hľadanie študenta" "registration number"=1026728 "exam ID"=13
time=2026-05-18T16:18:35.838+02:00 level=DEBUG msg="Študent nebol nájdený" "student registration number"=1026728 exam_id=13
time=2026-05-18T16:18:35.838+02:00 level=DEBUG msg="Vytváranie študenta" name=Dmytro surname=Cherniuk "registration number"=1026728
time=2026-05-18T16:18:35.851+02:00 level=DEBUG msg="Hľadanie študenta" "registration number"=313728 "exam ID"=13
time=2026-05-18T16:18:35.852+02:00 level=DEBUG msg="Študent nebol nájdený" "student registration number"=313728 exam_id=13
time=2026-05-18T16:18:35.852+02:00 level=DEBUG msg="Vytváranie študenta" name=Christian surname=Chobot "registration number"=313728
time=2026-05-18T16:18:35.868+02:00 level=DEBUG msg="Hľadanie študenta" "registration number"=345728 "exam ID"=13
time=2026-05-18T16:18:35.870+02:00 level=DEBUG msg="Študent nebol nájdený" "student registration number"=345728 exam_id=13
time=2026-05-18T16:18:35.870+02:00 level=DEBUG msg="Vytváranie študenta" name=Gordii surname=Chornyi "registration number"=345728
time=2026-05-18T16:18:35.889+02:00 level=DEBUG msg="Hľadanie študenta" "registration number"=1102728 "exam ID"=13
time=2026-05-18T16:18:35.889+02:00 level=DEBUG msg="Študent nebol nájdený" "student registration number"=1102728 exam_id=13
time=2026-05-18T16:18:35.889+02:00 level=DEBUG msg="Vytváranie študenta" name=Zakhar surname=Chornyi "registration number"=1102728
time=2026-05-18T16:18:35.946+02:00 level=DEBUG msg="Hľadanie študenta" "registration number"=694728 "exam ID"=13
time=2026-05-18T16:18:35.946+02:00 level=DEBUG msg="Študent nebol nájdený" "student registration number"=694728 exam_id=13
time=2026-05-18T16:18:35.946+02:00 level=DEBUG msg="Vytváranie študenta" name=Maroš surname=Chromčík "registration number"=694728
time=2026-05-18T16:18:35.988+02:00 level=DEBUG msg="Hľadanie študenta" "registration number"=1103728 "exam ID"=13
time=2026-05-18T16:18:35.989+02:00 level=DEBUG msg="Študent nebol nájdený" "student registration number"=1103728 exam_id=13
time=2026-05-18T16:18:35.989+02:00 level=DEBUG msg="Vytváranie študenta" name=Filip surname=Chromík "registration number"=1103728
time=2026-05-18T16:18:36.004+02:00 level=DEBUG msg="Hľadanie študenta" "registration number"=575728 "exam ID"=13
time=2026-05-18T16:18:36.004+02:00 level=DEBUG msg="Študent nebol nájdený" "student registration number"=575728 exam_id=13
time=2026-05-18T16:18:36.004+02:00 level=DEBUG msg="Vytváranie študenta" name=Ondrej surname=Chromík "registration number"=575728
time=2026-05-18T16:18:36.016+02:00 level=DEBUG msg="Hľadanie študenta" "registration number"=314728 "exam ID"=13
time=2026-05-18T16:18:36.016+02:00 level=DEBUG msg="Študent nebol nájdený" "student registration number"=314728 exam_id=13
time=2026-05-18T16:18:36.016+02:00 level=DEBUG msg="Vytváranie študenta" name=Andrii surname=Chuhuivets "registration number"=314728
time=2026-05-18T16:18:36.025+02:00 level=DEBUG msg="Hľadanie študenta" "registration number"=820728 "exam ID"=13
time=2026-05-18T16:18:36.026+02:00 level=DEBUG msg="Študent nebol nájdený" "student registration number"=820728 exam_id=13
time=2026-05-18T16:18:36.026+02:00 level=DEBUG msg="Vytváranie študenta" name=Peter surname=Chvalník "registration number"=820728
time=2026-05-18T16:18:36.035+02:00 level=DEBUG msg="Hľadanie študenta" "registration number"=205728 "exam ID"=13
time=2026-05-18T16:18:36.035+02:00 level=DEBUG msg="Študent nebol nájdený" "student registration number"=205728 exam_id=13
time=2026-05-18T16:18:36.035+02:00 level=DEBUG msg="Vytváranie študenta" name=Patrik surname=Chvostik "registration number"=205728
time=2026-05-18T16:18:36.046+02:00 level=DEBUG msg="Hľadanie študenta" "registration number"=696728 "exam ID"=13
time=2026-05-18T16:18:36.046+02:00 level=DEBUG msg="Študent nebol nájdený" "student registration number"=696728 exam_id=13
time=2026-05-18T16:18:36.046+02:00 level=DEBUG msg="Vytváranie študenta" name=Roman surname=Ihnativ "registration number"=696728
time=2026-05-18T16:18:36.055+02:00 level=DEBUG msg="Hľadanie študenta" "registration number"=1256728 "exam ID"=13
time=2026-05-18T16:18:36.056+02:00 level=DEBUG msg="Študent nebol nájdený" "student registration number"=1256728 exam_id=13
time=2026-05-18T16:18:36.056+02:00 level=DEBUG msg="Vytváranie študenta" name=Alexandra surname=Ilenčíková "registration number"=1256728
time=2026-05-18T16:18:36.064+02:00 level=DEBUG msg="Hľadanie študenta" "registration number"=41728 "exam ID"=13
time=2026-05-18T16:18:36.065+02:00 level=DEBUG msg="Študent nebol nájdený" "student registration number"=41728 exam_id=13
time=2026-05-18T16:18:36.065+02:00 level=DEBUG msg="Vytváranie študenta" name=Kristián surname=Iozefic "registration number"=41728
time=2026-05-18T16:18:36.073+02:00 level=DEBUG msg="Hľadanie študenta" "registration number"=576728 "exam ID"=13
time=2026-05-18T16:18:36.073+02:00 level=DEBUG msg="Študent nebol nájdený" "student registration number"=576728 exam_id=13
time=2026-05-18T16:18:36.073+02:00 level=DEBUG msg="Vytváranie študenta" name=Iskhak surname=Isakov "registration number"=576728
time=2026-05-18T16:18:36.082+02:00 level=DEBUG msg="Hľadanie študenta" "registration number"=407728 "exam ID"=13
time=2026-05-18T16:18:36.083+02:00 level=DEBUG msg="Študent nebol nájdený" "student registration number"=407728 exam_id=13
time=2026-05-18T16:18:36.083+02:00 level=DEBUG msg="Vytváranie študenta" name=Mykola surname=Ishchuk "registration number"=407728
time=2026-05-18T16:18:36.092+02:00 level=DEBUG msg="Hľadanie študenta" "registration number"=184728 "exam ID"=13
time=2026-05-18T16:18:36.093+02:00 level=DEBUG msg="Študent nebol nájdený" "student registration number"=184728 exam_id=13
time=2026-05-18T16:18:36.093+02:00 level=DEBUG msg="Vytváranie študenta" name=Nikita surname=Ishmuratov "registration number"=184728
time=2026-05-18T16:18:36.102+02:00 level=DEBUG msg="Hľadanie študenta" "registration number"=315728 "exam ID"=13
time=2026-05-18T16:18:36.102+02:00 level=DEBUG msg="Študent nebol nájdený" "student registration number"=315728 exam_id=13
time=2026-05-18T16:18:36.102+02:00 level=DEBUG msg="Vytváranie študenta" name=Viliam surname=Jadroň "registration number"=315728
time=2026-05-18T16:18:36.111+02:00 level=DEBUG msg="Hľadanie študenta" "registration number"=225728 "exam ID"=13
time=2026-05-18T16:18:36.112+02:00 level=DEBUG msg="Študent nebol nájdený" "student registration number"=225728 exam_id=13
time=2026-05-18T16:18:36.112+02:00 level=DEBUG msg="Vytváranie študenta" name=Nicolas surname=Janček "registration number"=225728
time=2026-05-18T16:18:36.120+02:00 level=DEBUG msg="Hľadanie študenta" "registration number"=43728 "exam ID"=13
time=2026-05-18T16:18:36.121+02:00 level=DEBUG msg="Študent nebol nájdený" "student registration number"=43728 exam_id=13
time=2026-05-18T16:18:36.121+02:00 level=DEBUG msg="Vytváranie študenta" name=Nina surname=Jančišinová "registration number"=43728
time=2026-05-18T16:18:36.130+02:00 level=DEBUG msg="Hľadanie študenta" "registration number"=316728 "exam ID"=13
time=2026-05-18T16:18:36.130+02:00 level=DEBUG msg="Študent nebol nájdený" "student registration number"=316728 exam_id=13
time=2026-05-18T16:18:36.130+02:00 level=DEBUG msg="Vytváranie študenta" name=Mikuláš surname=Janko "registration number"=316728
time=2026-05-18T16:18:36.139+02:00 level=DEBUG msg="Hľadanie študenta" "registration number"=226728 "exam ID"=13
time=2026-05-18T16:18:36.140+02:00 level=DEBUG msg="Študent nebol nájdený" "student registration number"=226728 exam_id=13
time=2026-05-18T16:18:36.140+02:00 level=DEBUG msg="Vytváranie študenta" name=Matej surname=Jánoš "registration number"=226728
time=2026-05-18T16:18:36.148+02:00 level=DEBUG msg="Hľadanie študenta" "registration number"=1028728 "exam ID"=13
time=2026-05-18T16:18:36.149+02:00 level=DEBUG msg="Študent nebol nájdený" "student registration number"=1028728 exam_id=13
time=2026-05-18T16:18:36.149+02:00 level=DEBUG msg="Vytváranie študenta" name=Radovan surname=Javor "registration number"=1028728
time=2026-05-18T16:18:36.157+02:00 level=DEBUG msg="Hľadanie študenta" "registration number"=578728 "exam ID"=13
time=2026-05-18T16:18:36.158+02:00 level=DEBUG msg="Študent nebol nájdený" "student registration number"=578728 exam_id=13
time=2026-05-18T16:18:36.158+02:00 level=DEBUG msg="Vytváranie študenta" name=Tomáš surname=Ježík "registration number"=578728
time=2026-05-18T16:18:36.166+02:00 level=DEBUG msg="Hľadanie študenta" "registration number"=649728 "exam ID"=13
time=2026-05-18T16:18:36.167+02:00 level=DEBUG msg="Študent nebol nájdený" "student registration number"=649728 exam_id=13
time=2026-05-18T16:18:36.167+02:00 level=DEBUG msg="Vytváranie študenta" name=Martin surname=Jileček "registration number"=649728
time=2026-05-18T16:18:36.175+02:00 level=DEBUG msg="Hľadanie študenta" "registration number"=800728 "exam ID"=13
time=2026-05-18T16:18:36.176+02:00 level=DEBUG msg="Študent nebol nájdený" "student registration number"=800728 exam_id=13
time=2026-05-18T16:18:36.176+02:00 level=DEBUG msg="Vytváranie študenta" name="Samuel Chinonso" surname=John "registration number"=800728
time=2026-05-18T16:18:36.184+02:00 level=DEBUG msg="Hľadanie študenta" "registration number"=697728 "exam ID"=13
time=2026-05-18T16:18:36.185+02:00 level=DEBUG msg="Študent nebol nájdený" "student registration number"=697728 exam_id=13
time=2026-05-18T16:18:36.185+02:00 level=DEBUG msg="Vytváranie študenta" name=Tomáš surname=Jurčík "registration number"=697728
time=2026-05-18T16:18:36.195+02:00 level=DEBUG msg="Hľadanie študenta" "registration number"=317728 "exam ID"=13
time=2026-05-18T16:18:36.197+02:00 level=DEBUG msg="Študent nebol nájdený" "student registration number"=317728 exam_id=13
time=2026-05-18T16:18:36.197+02:00 level=DEBUG msg="Vytváranie študenta" name=Michal surname=Juriš "registration number"=317728
time=2026-05-18T16:18:36.217+02:00 level=DEBUG msg="Hľadanie študenta" "registration number"=228728 "exam ID"=13
time=2026-05-18T16:18:36.218+02:00 level=DEBUG msg="Študent nebol nájdený" "student registration number"=228728 exam_id=13
time=2026-05-18T16:18:36.218+02:00 level=DEBUG msg="Vytváranie študenta" name=Adrián surname=Káčer "registration number"=228728
time=2026-05-18T16:18:36.236+02:00 level=DEBUG msg="Hľadanie študenta" "registration number"=363728 "exam ID"=13
time=2026-05-18T16:18:36.236+02:00 level=DEBUG msg="Študent nebol nájdený" "student registration number"=363728 exam_id=13
time=2026-05-18T16:18:36.236+02:00 level=DEBUG msg="Vytváranie študenta" name=Aleksei surname=Kachkurkin "registration number"=363728
time=2026-05-18T16:18:36.245+02:00 level=DEBUG msg="Hľadanie študenta" "registration number"=999728 "exam ID"=13
time=2026-05-18T16:18:36.246+02:00 level=DEBUG msg="Študent nebol nájdený" "student registration number"=999728 exam_id=13
time=2026-05-18T16:18:36.246+02:00 level=DEBUG msg="Vytváranie študenta" name=Yelyzaveta surname=Kalchuk "registration number"=999728
time=2026-05-18T16:18:36.254+02:00 level=DEBUG msg="Hľadanie študenta" "registration number"=45728 "exam ID"=13
time=2026-05-18T16:18:36.255+02:00 level=DEBUG msg="Študent nebol nájdený" "student registration number"=45728 exam_id=13
time=2026-05-18T16:18:36.255+02:00 level=DEBUG msg="Vytváranie študenta" name=Igor surname=Karas "registration number"=45728
time=2026-05-18T16:18:36.263+02:00 level=DEBUG msg="Hľadanie študenta" "registration number"=46728 "exam ID"=13
time=2026-05-18T16:18:36.264+02:00 level=DEBUG msg="Študent nebol nájdený" "student registration number"=46728 exam_id=13
time=2026-05-18T16:18:36.264+02:00 level=DEBUG msg="Vytváranie študenta" name=Mykyta surname=Kasianenko "registration number"=46728
time=2026-05-18T16:18:36.272+02:00 level=DEBUG msg="Hľadanie študenta" "registration number"=821728 "exam ID"=13
time=2026-05-18T16:18:36.273+02:00 level=DEBUG msg="Študent nebol nájdený" "student registration number"=821728 exam_id=13
time=2026-05-18T16:18:36.273+02:00 level=DEBUG msg="Vytváranie študenta" name=Ján surname=Katkovčin "registration number"=821728
time=2026-05-18T16:18:36.281+02:00 level=DEBUG msg="Hľadanie študenta" "registration number"=47728 "exam ID"=13
time=2026-05-18T16:18:36.282+02:00 level=DEBUG msg="Študent nebol nájdený" "student registration number"=47728 exam_id=13
time=2026-05-18T16:18:36.282+02:00 level=DEBUG msg="Vytváranie študenta" name=Rustam surname=Kazakov "registration number"=47728
time=2026-05-18T16:18:36.290+02:00 level=DEBUG msg="Hľadanie študenta" "registration number"=48728 "exam ID"=13
time=2026-05-18T16:18:36.290+02:00 level=DEBUG msg="Študent nebol nájdený" "student registration number"=48728 exam_id=13
time=2026-05-18T16:18:36.291+02:00 level=DEBUG msg="Vytváranie študenta" name=Dmytro surname=Kazban "registration number"=48728
time=2026-05-18T16:18:36.299+02:00 level=DEBUG msg="Hľadanie študenta" "registration number"=752728 "exam ID"=13
time=2026-05-18T16:18:36.300+02:00 level=DEBUG msg="Študent nebol nájdený" "student registration number"=752728 exam_id=13
time=2026-05-18T16:18:36.300+02:00 level=DEBUG msg="Vytváranie študenta" name=Richard surname=Kecskés "registration number"=752728
time=2026-05-18T16:18:36.308+02:00 level=DEBUG msg="Hľadanie študenta" "registration number"=409728 "exam ID"=13
time=2026-05-18T16:18:36.308+02:00 level=DEBUG msg="Študent nebol nájdený" "student registration number"=409728 exam_id=13
time=2026-05-18T16:18:36.308+02:00 level=DEBUG msg="Vytváranie študenta" name=Arsenii surname=Kerman "registration number"=409728
time=2026-05-18T16:18:36.317+02:00 level=DEBUG msg="Hľadanie študenta" "registration number"=1029728 "exam ID"=13
time=2026-05-18T16:18:36.318+02:00 level=DEBUG msg="Študent nebol nájdený" "student registration number"=1029728 exam_id=13
time=2026-05-18T16:18:36.318+02:00 level=DEBUG msg="Vytváranie študenta" name=Máté surname=Keve "registration number"=1029728
time=2026-05-18T16:18:36.326+02:00 level=DEBUG msg="Hľadanie študenta" "registration number"=49728 "exam ID"=13
time=2026-05-18T16:18:36.327+02:00 level=DEBUG msg="Študent nebol nájdený" "student registration number"=49728 exam_id=13
time=2026-05-18T16:18:36.327+02:00 level=DEBUG msg="Vytváranie študenta" name=Ihor surname=Kharenko "registration number"=49728
time=2026-05-18T16:18:36.336+02:00 level=DEBUG msg="Hľadanie študenta" "registration number"=153728 "exam ID"=13
time=2026-05-18T16:18:36.336+02:00 level=DEBUG msg="Študent nebol nájdený" "student registration number"=153728 exam_id=13
time=2026-05-18T16:18:36.336+02:00 level=DEBUG msg="Vytváranie študenta" name=Yaroslav surname=Kharchenko "registration number"=153728
time=2026-05-18T16:18:36.345+02:00 level=DEBUG msg="Hľadanie študenta" "registration number"=319728 "exam ID"=13
time=2026-05-18T16:18:36.346+02:00 level=DEBUG msg="Študent nebol nájdený" "student registration number"=319728 exam_id=13
time=2026-05-18T16:18:36.346+02:00 level=DEBUG msg="Vytváranie študenta" name=Hlib surname=Kharuta "registration number"=319728
time=2026-05-18T16:18:36.355+02:00 level=DEBUG msg="Hľadanie študenta" "registration number"=50728 "exam ID"=13
time=2026-05-18T16:18:36.355+02:00 level=DEBUG msg="Študent nebol nájdený" "student registration number"=50728 exam_id=13
time=2026-05-18T16:18:36.355+02:00 level=DEBUG msg="Vytváranie študenta" name=Mykhailo surname=Kharyna "registration number"=50728
time=2026-05-18T16:18:36.364+02:00 level=DEBUG msg="Hľadanie študenta" "registration number"=154728 "exam ID"=13
time=2026-05-18T16:18:36.364+02:00 level=DEBUG msg="Študent nebol nájdený" "student registration number"=154728 exam_id=13
time=2026-05-18T16:18:36.364+02:00 level=DEBUG msg="Vytváranie študenta" name=Yurii surname=Khlytsov "registration number"=154728
time=2026-05-18T16:18:36.373+02:00 level=DEBUG msg="Hľadanie študenta" "registration number"=51728 "exam ID"=13
time=2026-05-18T16:18:36.374+02:00 level=DEBUG msg="Študent nebol nájdený" "student registration number"=51728 exam_id=13
time=2026-05-18T16:18:36.374+02:00 level=DEBUG msg="Vytváranie študenta" name=Oleksandra surname=Khovpei "registration number"=51728
time=2026-05-18T16:18:36.382+02:00 level=DEBUG msg="Hľadanie študenta" "registration number"=1106728 "exam ID"=13
time=2026-05-18T16:18:36.383+02:00 level=DEBUG msg="Študent nebol nájdený" "student registration number"=1106728 exam_id=13
time=2026-05-18T16:18:36.383+02:00 level=DEBUG msg="Vytváranie študenta" name=Patrik surname=Kleinert "registration number"=1106728
time=2026-05-18T16:18:36.391+02:00 level=DEBUG msg="Hľadanie študenta" "registration number"=462728 "exam ID"=13
time=2026-05-18T16:18:36.392+02:00 level=DEBUG msg="Študent nebol nájdený" "student registration number"=462728 exam_id=13
time=2026-05-18T16:18:36.392+02:00 level=DEBUG msg="Vytváranie študenta" name=Ondrej surname=Klobucnik "registration number"=462728
time=2026-05-18T16:18:36.400+02:00 level=DEBUG msg="Hľadanie študenta" "registration number"=52728 "exam ID"=13
time=2026-05-18T16:18:36.401+02:00 level=DEBUG msg="Študent nebol nájdený" "student registration number"=52728 exam_id=13
time=2026-05-18T16:18:36.401+02:00 level=DEBUG msg="Vytváranie študenta" name=Vladyslav surname=Klopotun "registration number"=52728
time=2026-05-18T16:18:36.411+02:00 level=DEBUG msg="Hľadanie študenta" "registration number"=463728 "exam ID"=13
time=2026-05-18T16:18:36.411+02:00 level=DEBUG msg="Študent nebol nájdený" "student registration number"=463728 exam_id=13
time=2026-05-18T16:18:36.411+02:00 level=DEBUG msg="Vytváranie študenta" name=Peter surname=Kocian "registration number"=463728
time=2026-05-18T16:18:36.419+02:00 level=DEBUG msg="Hľadanie študenta" "registration number"=54728 "exam ID"=13
time=2026-05-18T16:18:36.420+02:00 level=DEBUG msg="Študent nebol nájdený" "student registration number"=54728 exam_id=13
time=2026-05-18T16:18:36.420+02:00 level=DEBUG msg="Vytváranie študenta" name=Tomáš surname=Kocúr "registration number"=54728
time=2026-05-18T16:18:36.428+02:00 level=DEBUG msg="Hľadanie študenta" "registration number"=823728 "exam ID"=13
time=2026-05-18T16:18:36.428+02:00 level=DEBUG msg="Študent nebol nájdený" "student registration number"=823728 exam_id=13
time=2026-05-18T16:18:36.428+02:00 level=DEBUG msg="Vytváranie študenta" name=Bohdan surname=Kochkin "registration number"=823728
time=2026-05-18T16:18:36.437+02:00 level=DEBUG msg="Hľadanie študenta" "registration number"=155728 "exam ID"=13
time=2026-05-18T16:18:36.438+02:00 level=DEBUG msg="Študent nebol nájdený" "student registration number"=155728 exam_id=13
time=2026-05-18T16:18:36.438+02:00 level=DEBUG msg="Vytváranie študenta" name=Diana surname=Kolářová "registration number"=155728
time=2026-05-18T16:18:36.446+02:00 level=DEBUG msg="Hľadanie študenta" "registration number"=1258728 "exam ID"=13
time=2026-05-18T16:18:36.446+02:00 level=DEBUG msg="Študent nebol nájdený" "student registration number"=1258728 exam_id=13
time=2026-05-18T16:18:36.446+02:00 level=DEBUG msg="Vytváranie študenta" name=Adam surname=Koleň "registration number"=1258728
time=2026-05-18T16:18:36.455+02:00 level=DEBUG msg="Hľadanie študenta" "registration number"=518728 "exam ID"=13
time=2026-05-18T16:18:36.456+02:00 level=DEBUG msg="Študent nebol nájdený" "student registration number"=518728 exam_id=13
time=2026-05-18T16:18:36.456+02:00 level=DEBUG msg="Vytváranie študenta" name=Valeriia surname=Kolisnychenko "registration number"=518728
time=2026-05-18T16:18:36.464+02:00 level=DEBUG msg="Hľadanie študenta" "registration number"=321728 "exam ID"=13
time=2026-05-18T16:18:36.465+02:00 level=DEBUG msg="Študent nebol nájdený" "student registration number"=321728 exam_id=13
time=2026-05-18T16:18:36.465+02:00 level=DEBUG msg="Vytváranie študenta" name=Timotej surname=Kollárik "registration number"=321728
time=2026-05-18T16:18:36.473+02:00 level=DEBUG msg="Hľadanie študenta" "registration number"=322728 "exam ID"=13
time=2026-05-18T16:18:36.473+02:00 level=DEBUG msg="Študent nebol nájdený" "student registration number"=322728 exam_id=13
time=2026-05-18T16:18:36.473+02:00 level=DEBUG msg="Vytváranie študenta" name=Yevhen surname=Komar "registration number"=322728
time=2026-05-18T16:18:36.481+02:00 level=DEBUG msg="Hľadanie študenta" "registration number"=1031728 "exam ID"=13
time=2026-05-18T16:18:36.482+02:00 level=DEBUG msg="Študent nebol nájdený" "student registration number"=1031728 exam_id=13
time=2026-05-18T16:18:36.482+02:00 level=DEBUG msg="Vytváranie študenta" name=Dalibor surname=Kominko "registration number"=1031728
time=2026-05-18T16:18:36.491+02:00 level=DEBUG msg="Hľadanie študenta" "registration number"=1032728 "exam ID"=13
time=2026-05-18T16:18:36.492+02:00 level=DEBUG msg="Študent nebol nájdený" "student registration number"=1032728 exam_id=13
time=2026-05-18T16:18:36.492+02:00 level=DEBUG msg="Vytváranie študenta" name=Ivan surname=Konečný "registration number"=1032728
time=2026-05-18T16:18:36.502+02:00 level=DEBUG msg="Hľadanie študenta" "registration number"=365728 "exam ID"=13
time=2026-05-18T16:18:36.502+02:00 level=DEBUG msg="Študent nebol nájdený" "student registration number"=365728 exam_id=13
time=2026-05-18T16:18:36.502+02:00 level=DEBUG msg="Vytváranie študenta" name=Zuzana surname=Konopová "registration number"=365728
time=2026-05-18T16:18:36.510+02:00 level=DEBUG msg="Hľadanie študenta" "registration number"=579728 "exam ID"=13
time=2026-05-18T16:18:36.511+02:00 level=DEBUG msg="Študent nebol nájdený" "student registration number"=579728 exam_id=13
time=2026-05-18T16:18:36.511+02:00 level=DEBUG msg="Vytváranie študenta" name=Oleksandr surname=Konovaltsev "registration number"=579728
time=2026-05-18T16:18:36.519+02:00 level=DEBUG msg="Hľadanie študenta" "registration number"=700728 "exam ID"=13
time=2026-05-18T16:18:36.519+02:00 level=DEBUG msg="Študent nebol nájdený" "student registration number"=700728 exam_id=13
time=2026-05-18T16:18:36.519+02:00 level=DEBUG msg="Vytváranie študenta" name=Veronika surname=Konôpková "registration number"=700728
time=2026-05-18T16:18:36.529+02:00 level=DEBUG msg="Hľadanie študenta" "registration number"=55728 "exam ID"=13
time=2026-05-18T16:18:36.529+02:00 level=DEBUG msg="Študent nebol nájdený" "student registration number"=55728 exam_id=13
time=2026-05-18T16:18:36.529+02:00 level=DEBUG msg="Vytváranie študenta" name=Barbora surname=Kopálová "registration number"=55728
time=2026-05-18T16:18:36.538+02:00 level=DEBUG msg="Hľadanie študenta" "registration number"=56728 "exam ID"=13
time=2026-05-18T16:18:36.538+02:00 level=DEBUG msg="Študent nebol nájdený" "student registration number"=56728 exam_id=13
time=2026-05-18T16:18:36.538+02:00 level=DEBUG msg="Vytváranie študenta" name=Marek surname=Kopka "registration number"=56728
time=2026-05-18T16:18:36.548+02:00 level=DEBUG msg="Hľadanie študenta" "registration number"=824728 "exam ID"=13
time=2026-05-18T16:18:36.548+02:00 level=DEBUG msg="Študent nebol nájdený" "student registration number"=824728 exam_id=13
time=2026-05-18T16:18:36.548+02:00 level=DEBUG msg="Vytváranie študenta" name=Richard surname=Kormaňák "registration number"=824728
time=2026-05-18T16:18:36.559+02:00 level=DEBUG msg="Hľadanie študenta" "registration number"=57728 "exam ID"=13
time=2026-05-18T16:18:36.559+02:00 level=DEBUG msg="Študent nebol nájdený" "student registration number"=57728 exam_id=13
time=2026-05-18T16:18:36.559+02:00 level=DEBUG msg="Vytváranie študenta" name=Bruno surname=Korp "registration number"=57728
time=2026-05-18T16:18:36.568+02:00 level=DEBUG msg="Hľadanie študenta" "registration number"=941728 "exam ID"=13
time=2026-05-18T16:18:36.568+02:00 level=DEBUG msg="Študent nebol nájdený" "student registration number"=941728 exam_id=13
time=2026-05-18T16:18:36.568+02:00 level=DEBUG msg="Vytváranie študenta" name=Ivan surname=Kost "registration number"=941728
time=2026-05-18T16:18:36.577+02:00 level=DEBUG msg="Hľadanie študenta" "registration number"=58728 "exam ID"=13
time=2026-05-18T16:18:36.577+02:00 level=DEBUG msg="Študent nebol nájdený" "student registration number"=58728 exam_id=13
time=2026-05-18T16:18:36.577+02:00 level=DEBUG msg="Vytváranie študenta" name=Anastasiia surname=Kostiuk "registration number"=58728
time=2026-05-18T16:18:36.585+02:00 level=DEBUG msg="Hľadanie študenta" "registration number"=519728 "exam ID"=13
time=2026-05-18T16:18:36.586+02:00 level=DEBUG msg="Študent nebol nájdený" "student registration number"=519728 exam_id=13
time=2026-05-18T16:18:36.586+02:00 level=DEBUG msg="Vytváranie študenta" name=Filip surname=Košťál "registration number"=519728
time=2026-05-18T16:18:36.595+02:00 level=DEBUG msg="Hľadanie študenta" "registration number"=156728 "exam ID"=13
time=2026-05-18T16:18:36.595+02:00 level=DEBUG msg="Študent nebol nájdený" "student registration number"=156728 exam_id=13
time=2026-05-18T16:18:36.595+02:00 level=DEBUG msg="Vytváranie študenta" name=Denys surname=Kotenko "registration number"=156728
time=2026-05-18T16:18:36.605+02:00 level=DEBUG msg="Hľadanie študenta" "registration number"=1109728 "exam ID"=13
time=2026-05-18T16:18:36.605+02:00 level=DEBUG msg="Študent nebol nájdený" "student registration number"=1109728 exam_id=13
time=2026-05-18T16:18:36.606+02:00 level=DEBUG msg="Vytváranie študenta" name=Richard surname=Koutný "registration number"=1109728
time=2026-05-18T16:18:36.614+02:00 level=DEBUG msg="Hľadanie študenta" "registration number"=229728 "exam ID"=13
time=2026-05-18T16:18:36.615+02:00 level=DEBUG msg="Študent nebol nájdený" "student registration number"=229728 exam_id=13
time=2026-05-18T16:18:36.615+02:00 level=DEBUG msg="Vytváranie študenta" name=Sebastián surname=Kovács "registration number"=229728
time=2026-05-18T16:18:36.624+02:00 level=DEBUG msg="Hľadanie študenta" "registration number"=323728 "exam ID"=13
time=2026-05-18T16:18:36.624+02:00 level=DEBUG msg="Študent nebol nájdený" "student registration number"=323728 exam_id=13
time=2026-05-18T16:18:36.624+02:00 level=DEBUG msg="Vytváranie študenta" name=Jakub surname=Kováč "registration number"=323728
time=2026-05-18T16:18:36.633+02:00 level=DEBUG msg="Hľadanie študenta" "registration number"=1036728 "exam ID"=13
time=2026-05-18T16:18:36.634+02:00 level=DEBUG msg="Študent nebol nájdený" "student registration number"=1036728 exam_id=13
time=2026-05-18T16:18:36.634+02:00 level=DEBUG msg="Vytváranie študenta" name=Sebastián surname=Kováč "registration number"=1036728
time=2026-05-18T16:18:36.642+02:00 level=DEBUG msg="Hľadanie študenta" "registration number"=1034728 "exam ID"=13
time=2026-05-18T16:18:36.643+02:00 level=DEBUG msg="Študent nebol nájdený" "student registration number"=1034728 exam_id=13
time=2026-05-18T16:18:36.643+02:00 level=DEBUG msg="Vytváranie študenta" name=Karin surname=Kováčiková "registration number"=1034728
time=2026-05-18T16:18:36.652+02:00 level=DEBUG msg="Hľadanie študenta" "registration number"=701728 "exam ID"=13
time=2026-05-18T16:18:36.653+02:00 level=DEBUG msg="Študent nebol nájdený" "student registration number"=701728 exam_id=13
time=2026-05-18T16:18:36.653+02:00 level=DEBUG msg="Vytváranie študenta" name=Tomáš surname=Kovačovic "registration number"=701728
time=2026-05-18T16:18:36.662+02:00 level=DEBUG msg="Hľadanie študenta" "registration number"=59728 "exam ID"=13
time=2026-05-18T16:18:36.662+02:00 level=DEBUG msg="Študent nebol nájdený" "student registration number"=59728 exam_id=13
time=2026-05-18T16:18:36.662+02:00 level=DEBUG msg="Vytváranie študenta" name=Maksym surname=Koval "registration number"=59728
time=2026-05-18T16:18:36.670+02:00 level=DEBUG msg="Hľadanie študenta" "registration number"=60728 "exam ID"=13
time=2026-05-18T16:18:36.671+02:00 level=DEBUG msg="Študent nebol nájdený" "student registration number"=60728 exam_id=13
time=2026-05-18T16:18:36.671+02:00 level=DEBUG msg="Vytváranie študenta" name=Nikita surname=Koval "registration number"=60728
time=2026-05-18T16:18:36.680+02:00 level=DEBUG msg="Hľadanie študenta" "registration number"=580728 "exam ID"=13
time=2026-05-18T16:18:36.680+02:00 level=DEBUG msg="Študent nebol nájdený" "student registration number"=580728 exam_id=13
time=2026-05-18T16:18:36.680+02:00 level=DEBUG msg="Vytváranie študenta" name=Nazar surname=Kovtun "registration number"=580728
time=2026-05-18T16:18:36.689+02:00 level=DEBUG msg="Hľadanie študenta" "registration number"=61728 "exam ID"=13
time=2026-05-18T16:18:36.689+02:00 level=DEBUG msg="Študent nebol nájdený" "student registration number"=61728 exam_id=13
time=2026-05-18T16:18:36.689+02:00 level=DEBUG msg="Vytváranie študenta" name=Mykhailo surname=Kovtunov "registration number"=61728
time=2026-05-18T16:18:36.698+02:00 level=DEBUG msg="Hľadanie študenta" "registration number"=942728 "exam ID"=13
time=2026-05-18T16:18:36.699+02:00 level=DEBUG msg="Študent nebol nájdený" "student registration number"=942728 exam_id=13
time=2026-05-18T16:18:36.699+02:00 level=DEBUG msg="Vytváranie študenta" name=Oleksandr surname=Kozakevych "registration number"=942728
time=2026-05-18T16:18:36.708+02:00 level=DEBUG msg="Hľadanie študenta" "registration number"=618728 "exam ID"=13
time=2026-05-18T16:18:36.709+02:00 level=DEBUG msg="Študent nebol nájdený" "student registration number"=618728 exam_id=13
time=2026-05-18T16:18:36.709+02:00 level=DEBUG msg="Vytváranie študenta" name=Andrii surname=Kozar "registration number"=618728
time=2026-05-18T16:18:36.717+02:00 level=DEBUG msg="Hľadanie študenta" "registration number"=702728 "exam ID"=13
time=2026-05-18T16:18:36.718+02:00 level=DEBUG msg="Študent nebol nájdený" "student registration number"=702728 exam_id=13
time=2026-05-18T16:18:36.718+02:00 level=DEBUG msg="Vytváranie študenta" name=Andrej surname=Krajčík "registration number"=702728
time=2026-05-18T16:18:36.726+02:00 level=DEBUG msg="Hľadanie študenta" "registration number"=230728 "exam ID"=13
time=2026-05-18T16:18:36.727+02:00 level=DEBUG msg="Študent nebol nájdený" "student registration number"=230728 exam_id=13
time=2026-05-18T16:18:36.727+02:00 level=DEBUG msg="Vytváranie študenta" name=Gréta surname=Krajčírová "registration number"=230728
time=2026-05-18T16:18:36.735+02:00 level=DEBUG msg="Hľadanie študenta" "registration number"=619728 "exam ID"=13
time=2026-05-18T16:18:36.736+02:00 level=DEBUG msg="Študent nebol nájdený" "student registration number"=619728 exam_id=13
time=2026-05-18T16:18:36.736+02:00 level=DEBUG msg="Vytváranie študenta" name=Marek surname=Krasňan "registration number"=619728
time=2026-05-18T16:18:36.746+02:00 level=DEBUG msg="Hľadanie študenta" "registration number"=944728 "exam ID"=13
time=2026-05-18T16:18:36.747+02:00 level=DEBUG msg="Študent nebol nájdený" "student registration number"=944728 exam_id=13
time=2026-05-18T16:18:36.747+02:00 level=DEBUG msg="Vytváranie študenta" name=Kyryll surname=Krasnikov "registration number"=944728
time=2026-05-18T16:18:36.755+02:00 level=DEBUG msg="Hľadanie študenta" "registration number"=324728 "exam ID"=13
time=2026-05-18T16:18:36.756+02:00 level=DEBUG msg="Študent nebol nájdený" "student registration number"=324728 exam_id=13
time=2026-05-18T16:18:36.756+02:00 level=DEBUG msg="Vytváranie študenta" name=Nikita surname=Krasnov "registration number"=324728
time=2026-05-18T16:18:36.766+02:00 level=DEBUG msg="Hľadanie študenta" "registration number"=509728 "exam ID"=13
time=2026-05-18T16:18:36.766+02:00 level=DEBUG msg="Študent nebol nájdený" "student registration number"=509728 exam_id=13
time=2026-05-18T16:18:36.766+02:00 level=DEBUG msg="Vytváranie študenta" name=Marek surname=Krátky "registration number"=509728
time=2026-05-18T16:18:36.775+02:00 level=DEBUG msg="Hľadanie študenta" "registration number"=427728 "exam ID"=13
time=2026-05-18T16:18:36.776+02:00 level=DEBUG msg="Študent nebol nájdený" "student registration number"=427728 exam_id=13
time=2026-05-18T16:18:36.776+02:00 level=DEBUG msg="Vytváranie študenta" name=Kyrylo surname=Kravets "registration number"=427728
time=2026-05-18T16:18:36.784+02:00 level=DEBUG msg="Hľadanie študenta" "registration number"=231728 "exam ID"=13
time=2026-05-18T16:18:36.785+02:00 level=DEBUG msg="Študent nebol nájdený" "student registration number"=231728 exam_id=13
time=2026-05-18T16:18:36.785+02:00 level=DEBUG msg="Vytváranie študenta" name=Volodymyr surname=Kravchenko "registration number"=231728
time=2026-05-18T16:18:36.793+02:00 level=DEBUG msg="Hľadanie študenta" "registration number"=63728 "exam ID"=13
time=2026-05-18T16:18:36.794+02:00 level=DEBUG msg="Študent nebol nájdený" "student registration number"=63728 exam_id=13
time=2026-05-18T16:18:36.794+02:00 level=DEBUG msg="Vytváranie študenta" name=Jakub surname=Krippel "registration number"=63728
time=2026-05-18T16:18:36.803+02:00 level=DEBUG msg="Hľadanie študenta" "registration number"=1038728 "exam ID"=13
time=2026-05-18T16:18:36.803+02:00 level=DEBUG msg="Študent nebol nájdený" "student registration number"=1038728 exam_id=13
time=2026-05-18T16:18:36.803+02:00 level=DEBUG msg="Vytváranie študenta" name=Andrej surname=Krišica "registration number"=1038728
time=2026-05-18T16:18:36.811+02:00 level=DEBUG msg="Hľadanie študenta" "registration number"=826728 "exam ID"=13
time=2026-05-18T16:18:36.811+02:00 level=DEBUG msg="Študent nebol nájdený" "student registration number"=826728 exam_id=13
time=2026-05-18T16:18:36.811+02:00 level=DEBUG msg="Vytváranie študenta" name=Matej surname=Krištofík "registration number"=826728
time=2026-05-18T16:18:36.821+02:00 level=DEBUG msg="Hľadanie študenta" "registration number"=945728 "exam ID"=13
time=2026-05-18T16:18:36.822+02:00 level=DEBUG msg="Študent nebol nájdený" "student registration number"=945728 exam_id=13
time=2026-05-18T16:18:36.822+02:00 level=DEBUG msg="Vytváranie študenta" name=Sára surname=Krivošíková "registration number"=945728
time=2026-05-18T16:18:36.830+02:00 level=DEBUG msg="Hľadanie študenta" "registration number"=157728 "exam ID"=13
time=2026-05-18T16:18:36.831+02:00 level=DEBUG msg="Študent nebol nájdený" "student registration number"=157728 exam_id=13
time=2026-05-18T16:18:36.831+02:00 level=DEBUG msg="Vytváranie študenta" name=Andrej surname=Krivulcik "registration number"=157728
time=2026-05-18T16:18:36.840+02:00 level=DEBUG msg="Hľadanie študenta" "registration number"=325728 "exam ID"=13
time=2026-05-18T16:18:36.840+02:00 level=DEBUG msg="Študent nebol nájdený" "student registration number"=325728 exam_id=13
time=2026-05-18T16:18:36.840+02:00 level=DEBUG msg="Vytváranie študenta" name=Maxim surname=Kročák "registration number"=325728
time=2026-05-18T16:18:36.848+02:00 level=DEBUG msg="Hľadanie študenta" "registration number"=1039728 "exam ID"=13
time=2026-05-18T16:18:36.849+02:00 level=DEBUG msg="Študent nebol nájdený" "student registration number"=1039728 exam_id=13
time=2026-05-18T16:18:36.849+02:00 level=DEBUG msg="Vytváranie študenta" name=Adam surname=Krumpolec "registration number"=1039728
time=2026-05-18T16:18:36.858+02:00 level=DEBUG msg="Hľadanie študenta" "registration number"=466728 "exam ID"=13
time=2026-05-18T16:18:36.859+02:00 level=DEBUG msg="Študent nebol nájdený" "student registration number"=466728 exam_id=13
time=2026-05-18T16:18:36.859+02:00 level=DEBUG msg="Vytváranie študenta" name=Miroslav surname=Kseňák "registration number"=466728
time=2026-05-18T16:18:36.867+02:00 level=DEBUG msg="Hľadanie študenta" "registration number"=754728 "exam ID"=13
time=2026-05-18T16:18:36.868+02:00 level=DEBUG msg="Študent nebol nájdený" "student registration number"=754728 exam_id=13
time=2026-05-18T16:18:36.868+02:00 level=DEBUG msg="Vytváranie študenta" name=Michal surname=Kubáň "registration number"=754728
time=2026-05-18T16:18:36.876+02:00 level=DEBUG msg="Hľadanie študenta" "registration number"=451728 "exam ID"=13
time=2026-05-18T16:18:36.877+02:00 level=DEBUG msg="Študent nebol nájdený" "student registration number"=451728 exam_id=13
time=2026-05-18T16:18:36.877+02:00 level=DEBUG msg="Vytváranie študenta" name=Anna surname=Kubinová "registration number"=451728
time=2026-05-18T16:18:36.889+02:00 level=DEBUG msg="Hľadanie študenta" "registration number"=1040728 "exam ID"=13
time=2026-05-18T16:18:36.889+02:00 level=DEBUG msg="Študent nebol nájdený" "student registration number"=1040728 exam_id=13
time=2026-05-18T16:18:36.889+02:00 level=DEBUG msg="Vytváranie študenta" name=Zuzana surname=Kubošeková "registration number"=1040728
time=2026-05-18T16:18:36.898+02:00 level=DEBUG msg="Hľadanie študenta" "registration number"=64728 "exam ID"=13
time=2026-05-18T16:18:36.899+02:00 level=DEBUG msg="Študent nebol nájdený" "student registration number"=64728 exam_id=13
time=2026-05-18T16:18:36.899+02:00 level=DEBUG msg="Vytváranie študenta" name=Jakub surname=Kubov "registration number"=64728
time=2026-05-18T16:18:36.908+02:00 level=DEBUG msg="Hľadanie študenta" "registration number"=192728 "exam ID"=13
time=2026-05-18T16:18:36.908+02:00 level=DEBUG msg="Študent nebol nájdený" "student registration number"=192728 exam_id=13
time=2026-05-18T16:18:36.908+02:00 level=DEBUG msg="Vytváranie študenta" name=Maroš surname=Kučera "registration number"=192728
time=2026-05-18T16:18:36.917+02:00 level=DEBUG msg="Hľadanie študenta" "registration number"=946728 "exam ID"=13
time=2026-05-18T16:18:36.917+02:00 level=DEBUG msg="Študent nebol nájdený" "student registration number"=946728 exam_id=13
time=2026-05-18T16:18:36.917+02:00 level=DEBUG msg="Vytváranie študenta" name=Sofiia surname=Kuchko "registration number"=946728
time=2026-05-18T16:18:36.926+02:00 level=DEBUG msg="Hľadanie študenta" "registration number"=411728 "exam ID"=13
time=2026-05-18T16:18:36.927+02:00 level=DEBUG msg="Študent nebol nájdený" "student registration number"=411728 exam_id=13
time=2026-05-18T16:18:36.927+02:00 level=DEBUG msg="Vytváranie študenta" name=Marek surname=Kukučka "registration number"=411728
time=2026-05-18T16:18:36.935+02:00 level=DEBUG msg="Hľadanie študenta" "registration number"=620728 "exam ID"=13
time=2026-05-18T16:18:36.936+02:00 level=DEBUG msg="Študent nebol nájdený" "student registration number"=620728 exam_id=13
time=2026-05-18T16:18:36.936+02:00 level=DEBUG msg="Vytváranie študenta" name=Ilona surname=Kulbitskaya "registration number"=620728
time=2026-05-18T16:18:36.944+02:00 level=DEBUG msg="Hľadanie študenta" "registration number"=510728 "exam ID"=13
time=2026-05-18T16:18:36.945+02:00 level=DEBUG msg="Študent nebol nájdený" "student registration number"=510728 exam_id=13
time=2026-05-18T16:18:36.945+02:00 level=DEBUG msg="Vytváranie študenta" name="Stanislav Aurel" surname=Kuník "registration number"=510728
time=2026-05-18T16:18:36.954+02:00 level=DEBUG msg="Hľadanie študenta" "registration number"=65728 "exam ID"=13
time=2026-05-18T16:18:36.955+02:00 level=DEBUG msg="Študent nebol nájdený" "student registration number"=65728 exam_id=13
time=2026-05-18T16:18:36.955+02:00 level=DEBUG msg="Vytváranie študenta" name=Jakub surname=Kupás "registration number"=65728
time=2026-05-18T16:18:36.963+02:00 level=DEBUG msg="Hľadanie študenta" "registration number"=1042728 "exam ID"=13
time=2026-05-18T16:18:36.964+02:00 level=DEBUG msg="Študent nebol nájdený" "student registration number"=1042728 exam_id=13
time=2026-05-18T16:18:36.964+02:00 level=DEBUG msg="Vytváranie študenta" name=Jakub surname=Kurbel "registration number"=1042728
time=2026-05-18T16:18:36.973+02:00 level=DEBUG msg="Hľadanie študenta" "registration number"=581728 "exam ID"=13
time=2026-05-18T16:18:36.974+02:00 level=DEBUG msg="Študent nebol nájdený" "student registration number"=581728 exam_id=13
time=2026-05-18T16:18:36.974+02:00 level=DEBUG msg="Vytváranie študenta" name=Ivan surname=Kurbetyev "registration number"=581728
time=2026-05-18T16:18:36.982+02:00 level=DEBUG msg="Hľadanie študenta" "registration number"=703728 "exam ID"=13
time=2026-05-18T16:18:36.983+02:00 level=DEBUG msg="Študent nebol nájdený" "student registration number"=703728 exam_id=13
time=2026-05-18T16:18:36.983+02:00 level=DEBUG msg="Vytváranie študenta" name=Artem surname=Kurhan "registration number"=703728
time=2026-05-18T16:18:36.993+02:00 level=DEBUG msg="Hľadanie študenta" "registration number"=351728 "exam ID"=13
time=2026-05-18T16:18:36.994+02:00 level=DEBUG msg="Študent nebol nájdený" "student registration number"=351728 exam_id=13
time=2026-05-18T16:18:36.994+02:00 level=DEBUG msg="Vytváranie študenta" name=Kostiantyn surname=Kuriachenko "registration number"=351728
time=2026-05-18T16:18:37.003+02:00 level=DEBUG msg="Hľadanie študenta" "registration number"=1043728 "exam ID"=13
time=2026-05-18T16:18:37.003+02:00 level=DEBUG msg="Študent nebol nájdený" "student registration number"=1043728 exam_id=13
time=2026-05-18T16:18:37.003+02:00 level=DEBUG msg="Vytváranie študenta" name="Imanuel Samuel" surname=Kuriš "registration number"=1043728
time=2026-05-18T16:18:37.011+02:00 level=DEBUG msg="Hľadanie študenta" "registration number"=326728 "exam ID"=13
time=2026-05-18T16:18:37.012+02:00 level=DEBUG msg="Študent nebol nájdený" "student registration number"=326728 exam_id=13
time=2026-05-18T16:18:37.012+02:00 level=DEBUG msg="Vytváranie študenta" name=Peter surname=Kuruc "registration number"=326728
time=2026-05-18T16:18:37.020+02:00 level=DEBUG msg="Hľadanie študenta" "registration number"=66728 "exam ID"=13
time=2026-05-18T16:18:37.021+02:00 level=DEBUG msg="Študent nebol nájdený" "student registration number"=66728 exam_id=13
time=2026-05-18T16:18:37.021+02:00 level=DEBUG msg="Vytváranie študenta" name=Nikita surname=Kushchenko "registration number"=66728
time=2026-05-18T16:18:37.029+02:00 level=DEBUG msg="Hľadanie študenta" "registration number"=704728 "exam ID"=13
time=2026-05-18T16:18:37.030+02:00 level=DEBUG msg="Študent nebol nájdený" "student registration number"=704728 exam_id=13
time=2026-05-18T16:18:37.030+02:00 level=DEBUG msg="Vytváranie študenta" name=Veronika surname=Kušnírová "registration number"=704728
time=2026-05-18T16:18:37.038+02:00 level=DEBUG msg="Hľadanie študenta" "registration number"=367728 "exam ID"=13
time=2026-05-18T16:18:37.039+02:00 level=DEBUG msg="Študent nebol nájdený" "student registration number"=367728 exam_id=13
time=2026-05-18T16:18:37.039+02:00 level=DEBUG msg="Vytváranie študenta" name=Alexander surname=Kuštan "registration number"=367728
time=2026-05-18T16:18:37.047+02:00 level=DEBUG msg="Hľadanie študenta" "registration number"=67728 "exam ID"=13
time=2026-05-18T16:18:37.048+02:00 level=DEBUG msg="Študent nebol nájdený" "student registration number"=67728 exam_id=13
time=2026-05-18T16:18:37.048+02:00 level=DEBUG msg="Vytváranie študenta" name=Šimon surname=Kutálek "registration number"=67728
time=2026-05-18T16:18:37.056+02:00 level=DEBUG msg="Hľadanie študenta" "registration number"=1110728 "exam ID"=13
time=2026-05-18T16:18:37.057+02:00 level=DEBUG msg="Študent nebol nájdený" "student registration number"=1110728 exam_id=13
time=2026-05-18T16:18:37.057+02:00 level=DEBUG msg="Vytváranie študenta" name=Dmytro surname=Kyrieiev "registration number"=1110728
time=2026-05-18T16:18:37.067+02:00 level=DEBUG msg="Hľadanie študenta" "registration number"=467728 "exam ID"=13
time=2026-05-18T16:18:37.067+02:00 level=DEBUG msg="Študent nebol nájdený" "student registration number"=467728 exam_id=13
time=2026-05-18T16:18:37.067+02:00 level=DEBUG msg="Vytváranie študenta" name=Artem surname=Kyrychenko "registration number"=467728
time=2026-05-18T16:18:37.076+02:00 level=DEBUG msg="Hľadanie študenta" "registration number"=352728 "exam ID"=13
time=2026-05-18T16:18:37.076+02:00 level=DEBUG msg="Študent nebol nájdený" "student registration number"=352728 exam_id=13
time=2026-05-18T16:18:37.076+02:00 level=DEBUG msg="Vytváranie študenta" name=Matej surname=Kyzek "registration number"=352728
time=2026-05-18T16:18:37.085+02:00 level=DEBUG msg="Hľadanie študenta" "registration number"=1260728 "exam ID"=13
time=2026-05-18T16:18:37.086+02:00 level=DEBUG msg="Študent nebol nájdený" "student registration number"=1260728 exam_id=13
time=2026-05-18T16:18:37.086+02:00 level=DEBUG msg="Vytváranie študenta" name=Pavol surname=Labuda "registration number"=1260728
time=2026-05-18T16:18:37.095+02:00 level=DEBUG msg="Hľadanie študenta" "registration number"=1044728 "exam ID"=13
time=2026-05-18T16:18:37.095+02:00 level=DEBUG msg="Študent nebol nájdený" "student registration number"=1044728 exam_id=13
time=2026-05-18T16:18:37.095+02:00 level=DEBUG msg="Vytváranie študenta" name=Oliver surname=Labudík "registration number"=1044728
time=2026-05-18T16:18:37.105+02:00 level=DEBUG msg="Hľadanie študenta" "registration number"=947728 "exam ID"=13
time=2026-05-18T16:18:37.105+02:00 level=DEBUG msg="Študent nebol nájdený" "student registration number"=947728 exam_id=13
time=2026-05-18T16:18:37.105+02:00 level=DEBUG msg="Vytváranie študenta" name=Patrik surname=Labudík "registration number"=947728
time=2026-05-18T16:18:37.113+02:00 level=DEBUG msg="Hľadanie študenta" "registration number"=68728 "exam ID"=13
time=2026-05-18T16:18:37.114+02:00 level=DEBUG msg="Študent nebol nájdený" "student registration number"=68728 exam_id=13
time=2026-05-18T16:18:37.114+02:00 level=DEBUG msg="Vytváranie študenta" name=Daniel surname=Langer "registration number"=68728
time=2026-05-18T16:18:37.122+02:00 level=DEBUG msg="Hľadanie študenta" "registration number"=1045728 "exam ID"=13
time=2026-05-18T16:18:37.123+02:00 level=DEBUG msg="Študent nebol nájdený" "student registration number"=1045728 exam_id=13
time=2026-05-18T16:18:37.123+02:00 level=DEBUG msg="Vytváranie študenta" name=Simon surname=Lapšanský "registration number"=1045728
time=2026-05-18T16:18:37.131+02:00 level=DEBUG msg="Hľadanie študenta" "registration number"=948728 "exam ID"=13
time=2026-05-18T16:18:37.132+02:00 level=DEBUG msg="Študent nebol nájdený" "student registration number"=948728 exam_id=13
time=2026-05-18T16:18:37.132+02:00 level=DEBUG msg="Vytváranie študenta" name=Illia surname=Laptosh "registration number"=948728
time=2026-05-18T16:18:37.140+02:00 level=DEBUG msg="Hľadanie študenta" "registration number"=1112728 "exam ID"=13
time=2026-05-18T16:18:37.140+02:00 level=DEBUG msg="Študent nebol nájdený" "student registration number"=1112728 exam_id=13
time=2026-05-18T16:18:37.140+02:00 level=DEBUG msg="Vytváranie študenta" name=Martin surname=László "registration number"=1112728
time=2026-05-18T16:18:37.151+02:00 level=DEBUG msg="Hľadanie študenta" "registration number"=1261728 "exam ID"=13
time=2026-05-18T16:18:37.151+02:00 level=DEBUG msg="Študent nebol nájdený" "student registration number"=1261728 exam_id=13
time=2026-05-18T16:18:37.151+02:00 level=DEBUG msg="Vytváranie študenta" name=Attila surname=Lašák "registration number"=1261728
time=2026-05-18T16:18:37.160+02:00 level=DEBUG msg="Hľadanie študenta" "registration number"=1113728 "exam ID"=13
time=2026-05-18T16:18:37.160+02:00 level=DEBUG msg="Študent nebol nájdený" "student registration number"=1113728 exam_id=13
time=2026-05-18T16:18:37.160+02:00 level=DEBUG msg="Vytváranie študenta" name=Tibor surname=Lelkes "registration number"=1113728
time=2026-05-18T16:18:37.170+02:00 level=DEBUG msg="Hľadanie študenta" "registration number"=69728 "exam ID"=13
time=2026-05-18T16:18:37.170+02:00 level=DEBUG msg="Študent nebol nájdený" "student registration number"=69728 exam_id=13
time=2026-05-18T16:18:37.170+02:00 level=DEBUG msg="Vytváranie študenta" name=Filip surname=Lenčeš "registration number"=69728
time=2026-05-18T16:18:37.181+02:00 level=DEBUG msg="Hľadanie študenta" "registration number"=468728 "exam ID"=13
time=2026-05-18T16:18:37.183+02:00 level=DEBUG msg="Študent nebol nájdený" "student registration number"=468728 exam_id=13
time=2026-05-18T16:18:37.183+02:00 level=DEBUG msg="Vytváranie študenta" name=Maximilián surname=Lenčeš "registration number"=468728
time=2026-05-18T16:18:37.194+02:00 level=DEBUG msg="Hľadanie študenta" "registration number"=193728 "exam ID"=13
time=2026-05-18T16:18:37.195+02:00 level=DEBUG msg="Študent nebol nájdený" "student registration number"=193728 exam_id=13
time=2026-05-18T16:18:37.195+02:00 level=DEBUG msg="Vytváranie študenta" name=Rostyslav surname=Lendiel "registration number"=193728
time=2026-05-18T16:18:37.209+02:00 level=DEBUG msg="Hľadanie študenta" "registration number"=582728 "exam ID"=13
time=2026-05-18T16:18:37.210+02:00 level=DEBUG msg="Študent nebol nájdený" "student registration number"=582728 exam_id=13
time=2026-05-18T16:18:37.210+02:00 level=DEBUG msg="Vytváranie študenta" name=Maksym surname=Lepskyi "registration number"=582728
time=2026-05-18T16:18:37.226+02:00 level=DEBUG msg="Hľadanie študenta" "registration number"=827728 "exam ID"=13
time=2026-05-18T16:18:37.226+02:00 level=DEBUG msg="Študent nebol nájdený" "student registration number"=827728 exam_id=13
time=2026-05-18T16:18:37.226+02:00 level=DEBUG msg="Vytváranie študenta" name=Matej surname=Leščinský "registration number"=827728
time=2026-05-18T16:18:37.242+02:00 level=DEBUG msg="Hľadanie študenta" "registration number"=583728 "exam ID"=13
time=2026-05-18T16:18:37.242+02:00 level=DEBUG msg="Študent nebol nájdený" "student registration number"=583728 exam_id=13
time=2026-05-18T16:18:37.242+02:00 level=DEBUG msg="Vytváranie študenta" name=Stanislav surname=Levkulych "registration number"=583728
time=2026-05-18T16:18:37.257+02:00 level=DEBUG msg="Hľadanie študenta" "registration number"=70728 "exam ID"=13
time=2026-05-18T16:18:37.262+02:00 level=DEBUG msg="Študent nebol nájdený" "student registration number"=70728 exam_id=13
time=2026-05-18T16:18:37.262+02:00 level=DEBUG msg="Vytváranie študenta" name="Róbert Zhi Bin" surname=Liang "registration number"=70728
time=2026-05-18T16:18:37.278+02:00 level=DEBUG msg="Hľadanie študenta" "registration number"=1048728 "exam ID"=13
time=2026-05-18T16:18:37.278+02:00 level=DEBUG msg="Študent nebol nájdený" "student registration number"=1048728 exam_id=13
time=2026-05-18T16:18:37.278+02:00 level=DEBUG msg="Vytváranie študenta" name=Šimon surname=Libich "registration number"=1048728
time=2026-05-18T16:18:37.300+02:00 level=DEBUG msg="Hľadanie študenta" "registration number"=828728 "exam ID"=13
time=2026-05-18T16:18:37.301+02:00 level=DEBUG msg="Študent nebol nájdený" "student registration number"=828728 exam_id=13
time=2026-05-18T16:18:37.301+02:00 level=DEBUG msg="Vytváranie študenta" name=Martin surname=Lipka "registration number"=828728
time=2026-05-18T16:18:37.313+02:00 level=DEBUG msg="Hľadanie študenta" "registration number"=194728 "exam ID"=13
time=2026-05-18T16:18:37.316+02:00 level=DEBUG msg="Študent nebol nájdený" "student registration number"=194728 exam_id=13
time=2026-05-18T16:18:37.316+02:00 level=DEBUG msg="Vytváranie študenta" name=Rastislav surname=Líška "registration number"=194728
time=2026-05-18T16:18:37.330+02:00 level=DEBUG msg="Hľadanie študenta" "registration number"=1049728 "exam ID"=13
time=2026-05-18T16:18:37.330+02:00 level=DEBUG msg="Študent nebol nájdený" "student registration number"=1049728 exam_id=13
time=2026-05-18T16:18:37.330+02:00 level=DEBUG msg="Vytváranie študenta" name=Martin surname=Lizák "registration number"=1049728
time=2026-05-18T16:18:37.345+02:00 level=DEBUG msg="Hľadanie študenta" "registration number"=801728 "exam ID"=13
time=2026-05-18T16:18:37.345+02:00 level=DEBUG msg="Študent nebol nájdený" "student registration number"=801728 exam_id=13
time=2026-05-18T16:18:37.345+02:00 level=DEBUG msg="Vytváranie študenta" name=Gabriel surname=Lizsica "registration number"=801728
time=2026-05-18T16:18:37.357+02:00 level=DEBUG msg="Hľadanie študenta" "registration number"=803728 "exam ID"=13
time=2026-05-18T16:18:37.357+02:00 level=DEBUG msg="Študent nebol nájdený" "student registration number"=803728 exam_id=13
time=2026-05-18T16:18:37.358+02:00 level=DEBUG msg="Vytváranie študenta" name=Gabriel surname=Lizsica "registration number"=803728
time=2026-05-18T16:18:37.372+02:00 level=DEBUG msg="Hľadanie študenta" "registration number"=71728 "exam ID"=13
time=2026-05-18T16:18:37.372+02:00 level=DEBUG msg="Študent nebol nájdený" "student registration number"=71728 exam_id=13
time=2026-05-18T16:18:37.372+02:00 level=DEBUG msg="Vytváranie študenta" name=Artem surname=Loboda "registration number"=71728
time=2026-05-18T16:18:37.385+02:00 level=DEBUG msg="Hľadanie študenta" "registration number"=585728 "exam ID"=13
time=2026-05-18T16:18:37.385+02:00 level=DEBUG msg="Študent nebol nájdený" "student registration number"=585728 exam_id=13
time=2026-05-18T16:18:37.385+02:00 level=DEBUG msg="Vytváranie študenta" name=Oleksii surname=Lobusov "registration number"=585728
time=2026-05-18T16:18:37.396+02:00 level=DEBUG msg="Hľadanie študenta" "registration number"=621728 "exam ID"=13
time=2026-05-18T16:18:37.396+02:00 level=DEBUG msg="Študent nebol nájdený" "student registration number"=621728 exam_id=13
time=2026-05-18T16:18:37.396+02:00 level=DEBUG msg="Vytváranie študenta" name=Eliška surname=Lomenová "registration number"=621728
time=2026-05-18T16:18:37.406+02:00 level=DEBUG msg="Hľadanie študenta" "registration number"=368728 "exam ID"=13
time=2026-05-18T16:18:37.406+02:00 level=DEBUG msg="Študent nebol nájdený" "student registration number"=368728 exam_id=13
time=2026-05-18T16:18:37.406+02:00 level=DEBUG msg="Vytváranie študenta" name=Matej surname=Lovás "registration number"=368728
time=2026-05-18T16:18:37.416+02:00 level=DEBUG msg="Hľadanie študenta" "registration number"=1050728 "exam ID"=13
time=2026-05-18T16:18:37.416+02:00 level=DEBUG msg="Študent nebol nájdený" "student registration number"=1050728 exam_id=13
time=2026-05-18T16:18:37.416+02:00 level=DEBUG msg="Vytváranie študenta" name=Júlia surname=Lucíková "registration number"=1050728
time=2026-05-18T16:18:37.425+02:00 level=DEBUG msg="Hľadanie študenta" "registration number"=327728 "exam ID"=13
time=2026-05-18T16:18:37.425+02:00 level=DEBUG msg="Študent nebol nájdený" "student registration number"=327728 exam_id=13
time=2026-05-18T16:18:37.425+02:00 level=DEBUG msg="Vytváranie študenta" name=Viktor surname=Lukačka "registration number"=327728
time=2026-05-18T16:18:37.436+02:00 level=DEBUG msg="Hľadanie študenta" "registration number"=72728 "exam ID"=13
time=2026-05-18T16:18:37.436+02:00 level=DEBUG msg="Študent nebol nájdený" "student registration number"=72728 exam_id=13
time=2026-05-18T16:18:37.436+02:00 level=DEBUG msg="Vytváranie študenta" name=Matúš surname=Lupták "registration number"=72728
time=2026-05-18T16:18:37.445+02:00 level=DEBUG msg="Hľadanie študenta" "registration number"=328728 "exam ID"=13
time=2026-05-18T16:18:37.445+02:00 level=DEBUG msg="Študent nebol nájdený" "student registration number"=328728 exam_id=13
time=2026-05-18T16:18:37.445+02:00 level=DEBUG msg="Vytváranie študenta" name=Ivan surname=Lytvyniuk "registration number"=328728
time=2026-05-18T16:18:37.455+02:00 level=DEBUG msg="Hľadanie študenta" "registration number"=1051728 "exam ID"=13
time=2026-05-18T16:18:37.457+02:00 level=DEBUG msg="Študent nebol nájdený" "student registration number"=1051728 exam_id=13
time=2026-05-18T16:18:37.457+02:00 level=DEBUG msg="Vytváranie študenta" name=Matej surname=Maďar "registration number"=1051728
time=2026-05-18T16:18:37.466+02:00 level=DEBUG msg="Hľadanie študenta" "registration number"=158728 "exam ID"=13
time=2026-05-18T16:18:37.468+02:00 level=DEBUG msg="Študent nebol nájdený" "student registration number"=158728 exam_id=13
time=2026-05-18T16:18:37.468+02:00 level=DEBUG msg="Vytváranie študenta" name=Filip surname=Mader "registration number"=158728
time=2026-05-18T16:18:37.478+02:00 level=DEBUG msg="Hľadanie študenta" "registration number"=207728 "exam ID"=13
time=2026-05-18T16:18:37.478+02:00 level=DEBUG msg="Študent nebol nájdený" "student registration number"=207728 exam_id=13
time=2026-05-18T16:18:37.478+02:00 level=DEBUG msg="Vytváranie študenta" name=Osborn surname=Maina "registration number"=207728
time=2026-05-18T16:18:37.488+02:00 level=DEBUG msg="Hľadanie študenta" "registration number"=73728 "exam ID"=13
time=2026-05-18T16:18:37.488+02:00 level=DEBUG msg="Študent nebol nájdený" "student registration number"=73728 exam_id=13
time=2026-05-18T16:18:37.488+02:00 level=DEBUG msg="Vytváranie študenta" name=Mykhailo surname=Makhota "registration number"=73728
time=2026-05-18T16:18:37.496+02:00 level=DEBUG msg="Hľadanie študenta" "registration number"=469728 "exam ID"=13
time=2026-05-18T16:18:37.497+02:00 level=DEBUG msg="Študent nebol nájdený" "student registration number"=469728 exam_id=13
time=2026-05-18T16:18:37.497+02:00 level=DEBUG msg="Vytváranie študenta" name=Danylo surname=Maksymenko "registration number"=469728
time=2026-05-18T16:18:37.507+02:00 level=DEBUG msg="Hľadanie študenta" "registration number"=470728 "exam ID"=13
time=2026-05-18T16:18:37.507+02:00 level=DEBUG msg="Študent nebol nájdený" "student registration number"=470728 exam_id=13
time=2026-05-18T16:18:37.507+02:00 level=DEBUG msg="Vytváranie študenta" name=Dmytro surname=Maksymenko "registration number"=470728
time=2026-05-18T16:18:37.517+02:00 level=DEBUG msg="Hľadanie študenta" "registration number"=949728 "exam ID"=13
time=2026-05-18T16:18:37.517+02:00 level=DEBUG msg="Študent nebol nájdený" "student registration number"=949728 exam_id=13
time=2026-05-18T16:18:37.517+02:00 level=DEBUG msg="Vytváranie študenta" name=Timur surname=Málik "registration number"=949728
time=2026-05-18T16:18:37.527+02:00 level=DEBUG msg="Hľadanie študenta" "registration number"=74728 "exam ID"=13
time=2026-05-18T16:18:37.527+02:00 level=DEBUG msg="Študent nebol nájdený" "student registration number"=74728 exam_id=13
time=2026-05-18T16:18:37.527+02:00 level=DEBUG msg="Vytváranie študenta" name=Myroslav surname=Malikov "registration number"=74728
time=2026-05-18T16:18:37.538+02:00 level=DEBUG msg="Hľadanie študenta" "registration number"=1262728 "exam ID"=13
time=2026-05-18T16:18:37.539+02:00 level=DEBUG msg="Študent nebol nájdený" "student registration number"=1262728 exam_id=13
time=2026-05-18T16:18:37.539+02:00 level=DEBUG msg="Vytváranie študenta" name=Lucia surname=Malíková "registration number"=1262728
time=2026-05-18T16:18:37.549+02:00 level=DEBUG msg="Hľadanie študenta" "registration number"=428728 "exam ID"=13
time=2026-05-18T16:18:37.550+02:00 level=DEBUG msg="Študent nebol nájdený" "student registration number"=428728 exam_id=13
time=2026-05-18T16:18:37.550+02:00 level=DEBUG msg="Vytváranie študenta" name=Yehor surname=Malysh "registration number"=428728
time=2026-05-18T16:18:37.559+02:00 level=DEBUG msg="Hľadanie študenta" "registration number"=75728 "exam ID"=13
time=2026-05-18T16:18:37.559+02:00 level=DEBUG msg="Študent nebol nájdený" "student registration number"=75728 exam_id=13
time=2026-05-18T16:18:37.560+02:00 level=DEBUG msg="Vytváranie študenta" name=Bohdan surname=Mandryk "registration number"=75728
time=2026-05-18T16:18:37.568+02:00 level=DEBUG msg="Hľadanie študenta" "registration number"=209728 "exam ID"=13
time=2026-05-18T16:18:37.569+02:00 level=DEBUG msg="Študent nebol nájdený" "student registration number"=209728 exam_id=13
time=2026-05-18T16:18:37.569+02:00 level=DEBUG msg="Vytváranie študenta" name=Nikola surname=Manduch "registration number"=209728
time=2026-05-18T16:18:37.577+02:00 level=DEBUG msg="Hľadanie študenta" "registration number"=76728 "exam ID"=13
time=2026-05-18T16:18:37.578+02:00 level=DEBUG msg="Študent nebol nájdený" "student registration number"=76728 exam_id=13
time=2026-05-18T16:18:37.578+02:00 level=DEBUG msg="Vytváranie študenta" name=Denys surname=Mandzych "registration number"=76728
time=2026-05-18T16:18:37.588+02:00 level=DEBUG msg="Hľadanie študenta" "registration number"=1052728 "exam ID"=13
time=2026-05-18T16:18:37.588+02:00 level=DEBUG msg="Študent nebol nájdený" "student registration number"=1052728 exam_id=13
time=2026-05-18T16:18:37.588+02:00 level=DEBUG msg="Vytváranie študenta" name=Lukáš surname=Manek "registration number"=1052728
time=2026-05-18T16:18:37.597+02:00 level=DEBUG msg="Hľadanie študenta" "registration number"=511728 "exam ID"=13
time=2026-05-18T16:18:37.598+02:00 level=DEBUG msg="Študent nebol nájdený" "student registration number"=511728 exam_id=13
time=2026-05-18T16:18:37.598+02:00 level=DEBUG msg="Vytváranie študenta" name=Andrej surname=Marko "registration number"=511728
time=2026-05-18T16:18:37.607+02:00 level=DEBUG msg="Hľadanie študenta" "registration number"=705728 "exam ID"=13
time=2026-05-18T16:18:37.607+02:00 level=DEBUG msg="Študent nebol nájdený" "student registration number"=705728 exam_id=13
time=2026-05-18T16:18:37.607+02:00 level=DEBUG msg="Vytváranie študenta" name=Matúš surname=Marko "registration number"=705728
time=2026-05-18T16:18:37.617+02:00 level=DEBUG msg="Hľadanie študenta" "registration number"=950728 "exam ID"=13
time=2026-05-18T16:18:37.617+02:00 level=DEBUG msg="Študent nebol nájdený" "student registration number"=950728 exam_id=13
time=2026-05-18T16:18:37.617+02:00 level=DEBUG msg="Vytváranie študenta" name=Yehor surname=Markov "registration number"=950728
time=2026-05-18T16:18:37.625+02:00 level=DEBUG msg="Hľadanie študenta" "registration number"=706728 "exam ID"=13
time=2026-05-18T16:18:37.626+02:00 level=DEBUG msg="Študent nebol nájdený" "student registration number"=706728 exam_id=13
time=2026-05-18T16:18:37.626+02:00 level=DEBUG msg="Vytváranie študenta" name=Samuel surname=Martinka "registration number"=706728
time=2026-05-18T16:18:37.634+02:00 level=DEBUG msg="Hľadanie študenta" "registration number"=471728 "exam ID"=13
time=2026-05-18T16:18:37.635+02:00 level=DEBUG msg="Študent nebol nájdený" "student registration number"=471728 exam_id=13
time=2026-05-18T16:18:37.635+02:00 level=DEBUG msg="Vytváranie študenta" name=Sára surname=Martinová "registration number"=471728
time=2026-05-18T16:18:37.643+02:00 level=DEBUG msg="Hľadanie študenta" "registration number"=77728 "exam ID"=13
time=2026-05-18T16:18:37.644+02:00 level=DEBUG msg="Študent nebol nájdený" "student registration number"=77728 exam_id=13
time=2026-05-18T16:18:37.644+02:00 level=DEBUG msg="Vytváranie študenta" name=Yurii surname=Masanovets "registration number"=77728
time=2026-05-18T16:18:37.652+02:00 level=DEBUG msg="Hľadanie študenta" "registration number"=755728 "exam ID"=13
time=2026-05-18T16:18:37.653+02:00 level=DEBUG msg="Študent nebol nájdený" "student registration number"=755728 exam_id=13
time=2026-05-18T16:18:37.653+02:00 level=DEBUG msg="Vytváranie študenta" name=Lukáš surname=Maťaš "registration number"=755728
time=2026-05-18T16:18:37.661+02:00 level=DEBUG msg="Hľadanie študenta" "registration number"=622728 "exam ID"=13
time=2026-05-18T16:18:37.662+02:00 level=DEBUG msg="Študent nebol nájdený" "student registration number"=622728 exam_id=13
time=2026-05-18T16:18:37.662+02:00 level=DEBUG msg="Vytváranie študenta" name=Richard surname=Matejka "registration number"=622728
time=2026-05-18T16:18:37.670+02:00 level=DEBUG msg="Hľadanie študenta" "registration number"=1264728 "exam ID"=13
time=2026-05-18T16:18:37.671+02:00 level=DEBUG msg="Študent nebol nájdený" "student registration number"=1264728 exam_id=13
time=2026-05-18T16:18:37.671+02:00 level=DEBUG msg="Vytváranie študenta" name=Timotej surname=Matkovič "registration number"=1264728
time=2026-05-18T16:18:37.680+02:00 level=DEBUG msg="Hľadanie študenta" "registration number"=210728 "exam ID"=13
time=2026-05-18T16:18:37.680+02:00 level=DEBUG msg="Študent nebol nájdený" "student registration number"=210728 exam_id=13
time=2026-05-18T16:18:37.680+02:00 level=DEBUG msg="Vytváranie študenta" name=Dávid surname=Matušák "registration number"=210728
time=2026-05-18T16:18:37.690+02:00 level=DEBUG msg="Hľadanie študenta" "registration number"=78728 "exam ID"=13
time=2026-05-18T16:18:37.690+02:00 level=DEBUG msg="Študent nebol nájdený" "student registration number"=78728 exam_id=13
time=2026-05-18T16:18:37.690+02:00 level=DEBUG msg="Vytváranie študenta" name=Michal surname=Mečiar "registration number"=78728
time=2026-05-18T16:18:37.701+02:00 level=DEBUG msg="Hľadanie študenta" "registration number"=829728 "exam ID"=13
time=2026-05-18T16:18:37.702+02:00 level=DEBUG msg="Študent nebol nájdený" "student registration number"=829728 exam_id=13
time=2026-05-18T16:18:37.702+02:00 level=DEBUG msg="Vytváranie študenta" name=Samuel surname=Meliška "registration number"=829728
time=2026-05-18T16:18:37.713+02:00 level=DEBUG msg="Hľadanie študenta" "registration number"=830728 "exam ID"=13
time=2026-05-18T16:18:37.713+02:00 level=DEBUG msg="Študent nebol nájdený" "student registration number"=830728 exam_id=13
time=2026-05-18T16:18:37.713+02:00 level=DEBUG msg="Vytváranie študenta" name=Samuel surname=Mellen "registration number"=830728
time=2026-05-18T16:18:37.723+02:00 level=DEBUG msg="Hľadanie študenta" "registration number"=234728 "exam ID"=13
time=2026-05-18T16:18:37.723+02:00 level=DEBUG msg="Študent nebol nájdený" "student registration number"=234728 exam_id=13
time=2026-05-18T16:18:37.723+02:00 level=DEBUG msg="Vytváranie študenta" name=Richard surname=Mezey "registration number"=234728
time=2026-05-18T16:18:37.734+02:00 level=DEBUG msg="Hľadanie študenta" "registration number"=520728 "exam ID"=13
time=2026-05-18T16:18:37.735+02:00 level=DEBUG msg="Študent nebol nájdený" "student registration number"=520728 exam_id=13
time=2026-05-18T16:18:37.735+02:00 level=DEBUG msg="Vytváranie študenta" name=Tomáš surname=Mezovský "registration number"=520728
time=2026-05-18T16:18:37.752+02:00 level=DEBUG msg="Hľadanie študenta" "registration number"=353728 "exam ID"=13
time=2026-05-18T16:18:37.753+02:00 level=DEBUG msg="Študent nebol nájdený" "student registration number"=353728 exam_id=13
time=2026-05-18T16:18:37.753+02:00 level=DEBUG msg="Vytváranie študenta" name=Roman surname=Mezvrishvili "registration number"=353728
time=2026-05-18T16:18:37.772+02:00 level=DEBUG msg="Hľadanie študenta" "registration number"=756728 "exam ID"=13
time=2026-05-18T16:18:37.772+02:00 level=DEBUG msg="Študent nebol nájdený" "student registration number"=756728 exam_id=13
time=2026-05-18T16:18:37.772+02:00 level=DEBUG msg="Vytváranie študenta" name=Matúš surname=Mičieta "registration number"=756728
time=2026-05-18T16:18:37.787+02:00 level=DEBUG msg="Hľadanie študenta" "registration number"=707728 "exam ID"=13
time=2026-05-18T16:18:37.789+02:00 level=DEBUG msg="Študent nebol nájdený" "student registration number"=707728 exam_id=13
time=2026-05-18T16:18:37.789+02:00 level=DEBUG msg="Vytváranie študenta" name=Samuel surname=Mičko "registration number"=707728
time=2026-05-18T16:18:37.803+02:00 level=DEBUG msg="Hľadanie študenta" "registration number"=412728 "exam ID"=13
time=2026-05-18T16:18:37.804+02:00 level=DEBUG msg="Študent nebol nájdený" "student registration number"=412728 exam_id=13
time=2026-05-18T16:18:37.804+02:00 level=DEBUG msg="Vytváranie študenta" name=Andrej surname=Mihálik "registration number"=412728
time=2026-05-18T16:18:37.815+02:00 level=DEBUG msg="Hľadanie študenta" "registration number"=329728 "exam ID"=13
time=2026-05-18T16:18:37.815+02:00 level=DEBUG msg="Študent nebol nájdený" "student registration number"=329728 exam_id=13
time=2026-05-18T16:18:37.815+02:00 level=DEBUG msg="Vytváranie študenta" name=Zoltán surname=Miklós "registration number"=329728
time=2026-05-18T16:18:37.828+02:00 level=DEBUG msg="Hľadanie študenta" "registration number"=757728 "exam ID"=13
time=2026-05-18T16:18:37.828+02:00 level=DEBUG msg="Študent nebol nájdený" "student registration number"=757728 exam_id=13
time=2026-05-18T16:18:37.828+02:00 level=DEBUG msg="Vytváranie študenta" name=Adam surname=Mikula "registration number"=757728
time=2026-05-18T16:18:37.844+02:00 level=DEBUG msg="Hľadanie študenta" "registration number"=1265728 "exam ID"=13
time=2026-05-18T16:18:37.844+02:00 level=DEBUG msg="Študent nebol nájdený" "student registration number"=1265728 exam_id=13
time=2026-05-18T16:18:37.844+02:00 level=DEBUG msg="Vytváranie študenta" name=Tomáš surname=Mitický "registration number"=1265728
time=2026-05-18T16:18:37.861+02:00 level=DEBUG msg="Hľadanie študenta" "registration number"=951728 "exam ID"=13
time=2026-05-18T16:18:37.861+02:00 level=DEBUG msg="Študent nebol nájdený" "student registration number"=951728 exam_id=13
time=2026-05-18T16:18:37.861+02:00 level=DEBUG msg="Vytváranie študenta" name=Mykhailo surname=Mitusov "registration number"=951728
time=2026-05-18T16:18:37.881+02:00 level=DEBUG msg="Hľadanie študenta" "registration number"=652728 "exam ID"=13
time=2026-05-18T16:18:37.881+02:00 level=DEBUG msg="Študent nebol nájdený" "student registration number"=652728 exam_id=13
time=2026-05-18T16:18:37.881+02:00 level=DEBUG msg="Vytváranie študenta" name="Samuel Sebastian" surname=Mlej "registration number"=652728
time=2026-05-18T16:18:37.899+02:00 level=DEBUG msg="Hľadanie študenta" "registration number"=161728 "exam ID"=13
time=2026-05-18T16:18:37.899+02:00 level=DEBUG msg="Študent nebol nájdený" "student registration number"=161728 exam_id=13
time=2026-05-18T16:18:37.899+02:00 level=DEBUG msg="Vytváranie študenta" name="Martin Milan" surname=Mlynek "registration number"=161728
time=2026-05-18T16:18:37.918+02:00 level=DEBUG msg="Hľadanie študenta" "registration number"=1053728 "exam ID"=13
time=2026-05-18T16:18:37.921+02:00 level=DEBUG msg="Študent nebol nájdený" "student registration number"=1053728 exam_id=13
time=2026-05-18T16:18:37.921+02:00 level=DEBUG msg="Vytváranie študenta" name=Barnabás surname=Mocsi "registration number"=1053728
time=2026-05-18T16:18:37.968+02:00 level=DEBUG msg="Hľadanie študenta" "registration number"=831728 "exam ID"=13
time=2026-05-18T16:18:37.969+02:00 level=DEBUG msg="Študent nebol nájdený" "student registration number"=831728 exam_id=13
time=2026-05-18T16:18:37.969+02:00 level=DEBUG msg="Vytváranie študenta" name=Kateryna surname=Mokernko "registration number"=831728
time=2026-05-18T16:18:37.977+02:00 level=DEBUG msg="Hľadanie študenta" "registration number"=1054728 "exam ID"=13
time=2026-05-18T16:18:37.978+02:00 level=DEBUG msg="Študent nebol nájdený" "student registration number"=1054728 exam_id=13
time=2026-05-18T16:18:37.978+02:00 level=DEBUG msg="Vytváranie študenta" name=Marek surname=Monček "registration number"=1054728
time=2026-05-18T16:18:37.988+02:00 level=DEBUG msg="Hľadanie študenta" "registration number"=1116728 "exam ID"=13
time=2026-05-18T16:18:37.988+02:00 level=DEBUG msg="Študent nebol nájdený" "student registration number"=1116728 exam_id=13
time=2026-05-18T16:18:37.988+02:00 level=DEBUG msg="Vytváranie študenta" name=Adrián surname=Moravanský "registration number"=1116728
time=2026-05-18T16:18:37.995+02:00 level=DEBUG msg="Hľadanie študenta" "registration number"=708728 "exam ID"=13
time=2026-05-18T16:18:37.996+02:00 level=DEBUG msg="Študent nebol nájdený" "student registration number"=708728 exam_id=13
time=2026-05-18T16:18:37.996+02:00 level=DEBUG msg="Vytváranie študenta" name=Oliver surname=Morecz "registration number"=708728
time=2026-05-18T16:18:38.004+02:00 level=DEBUG msg="Hľadanie študenta" "registration number"=330728 "exam ID"=13
time=2026-05-18T16:18:38.005+02:00 level=DEBUG msg="Študent nebol nájdený" "student registration number"=330728 exam_id=13
time=2026-05-18T16:18:38.005+02:00 level=DEBUG msg="Vytváranie študenta" name=Veronika surname=Morozko "registration number"=330728
time=2026-05-18T16:18:38.014+02:00 level=DEBUG msg="Hľadanie študenta" "registration number"=1117728 "exam ID"=13
time=2026-05-18T16:18:38.014+02:00 level=DEBUG msg="Študent nebol nájdený" "student registration number"=1117728 exam_id=13
time=2026-05-18T16:18:38.014+02:00 level=DEBUG msg="Vytváranie študenta" name=Denys surname=Mozghovyi "registration number"=1117728
time=2026-05-18T16:18:38.023+02:00 level=DEBUG msg="Hľadanie študenta" "registration number"=1055728 "exam ID"=13
time=2026-05-18T16:18:38.023+02:00 level=DEBUG msg="Študent nebol nájdený" "student registration number"=1055728 exam_id=13
time=2026-05-18T16:18:38.023+02:00 level=DEBUG msg="Vytváranie študenta" name=Vivian surname=Muríňová "registration number"=1055728
time=2026-05-18T16:18:38.031+02:00 level=DEBUG msg="Hľadanie študenta" "registration number"=709728 "exam ID"=13
time=2026-05-18T16:18:38.031+02:00 level=DEBUG msg="Študent nebol nájdený" "student registration number"=709728 exam_id=13
time=2026-05-18T16:18:38.031+02:00 level=DEBUG msg="Vytváranie študenta" name=Viktor surname=Mushka "registration number"=709728
time=2026-05-18T16:18:38.040+02:00 level=DEBUG msg="Hľadanie študenta" "registration number"=623728 "exam ID"=13
time=2026-05-18T16:18:38.040+02:00 level=DEBUG msg="Študent nebol nájdený" "student registration number"=623728 exam_id=13
time=2026-05-18T16:18:38.040+02:00 level=DEBUG msg="Vytváranie študenta" name=Anhelina surname=Mysan "registration number"=623728
time=2026-05-18T16:18:38.049+02:00 level=DEBUG msg="Hľadanie študenta" "registration number"=521728 "exam ID"=13
time=2026-05-18T16:18:38.049+02:00 level=DEBUG msg="Študent nebol nájdený" "student registration number"=521728 exam_id=13
time=2026-05-18T16:18:38.049+02:00 level=DEBUG msg="Vytváranie študenta" name=Dániel surname=Nagy "registration number"=521728
time=2026-05-18T16:18:38.058+02:00 level=DEBUG msg="Hľadanie študenta" "registration number"=79728 "exam ID"=13
time=2026-05-18T16:18:38.059+02:00 level=DEBUG msg="Študent nebol nájdený" "student registration number"=79728 exam_id=13
time=2026-05-18T16:18:38.059+02:00 level=DEBUG msg="Vytváranie študenta" name=Dominik surname=Nagy "registration number"=79728
time=2026-05-18T16:18:38.067+02:00 level=DEBUG msg="Hľadanie študenta" "registration number"=162728 "exam ID"=13
time=2026-05-18T16:18:38.068+02:00 level=DEBUG msg="Študent nebol nájdený" "student registration number"=162728 exam_id=13
time=2026-05-18T16:18:38.068+02:00 level=DEBUG msg="Vytváranie študenta" name=Daria surname=Nazarenko "registration number"=162728
time=2026-05-18T16:18:38.076+02:00 level=DEBUG msg="Hľadanie študenta" "registration number"=832728 "exam ID"=13
time=2026-05-18T16:18:38.077+02:00 level=DEBUG msg="Študent nebol nájdený" "student registration number"=832728 exam_id=13
time=2026-05-18T16:18:38.077+02:00 level=DEBUG msg="Vytváranie študenta" name=Volodymyr surname=Nedoluha "registration number"=832728
time=2026-05-18T16:18:38.086+02:00 level=DEBUG msg="Hľadanie študenta" "registration number"=332728 "exam ID"=13
time=2026-05-18T16:18:38.086+02:00 level=DEBUG msg="Študent nebol nájdený" "student registration number"=332728 exam_id=13
time=2026-05-18T16:18:38.086+02:00 level=DEBUG msg="Vytváranie študenta" name=Oleksandr surname=Nehria "registration number"=332728
time=2026-05-18T16:18:38.095+02:00 level=DEBUG msg="Hľadanie študenta" "registration number"=81728 "exam ID"=13
time=2026-05-18T16:18:38.095+02:00 level=DEBUG msg="Študent nebol nájdený" "student registration number"=81728 exam_id=13
time=2026-05-18T16:18:38.095+02:00 level=DEBUG msg="Vytváranie študenta" name=Yurii surname=Nekhaiev "registration number"=81728
time=2026-05-18T16:18:38.108+02:00 level=DEBUG msg="Hľadanie študenta" "registration number"=1120728 "exam ID"=13
time=2026-05-18T16:18:38.108+02:00 level=DEBUG msg="Študent nebol nájdený" "student registration number"=1120728 exam_id=13
time=2026-05-18T16:18:38.108+02:00 level=DEBUG msg="Vytváranie študenta" name=Erik surname=Nemčovič "registration number"=1120728
time=2026-05-18T16:18:38.121+02:00 level=DEBUG msg="Hľadanie študenta" "registration number"=473728 "exam ID"=13
time=2026-05-18T16:18:38.121+02:00 level=DEBUG msg="Študent nebol nájdený" "student registration number"=473728 exam_id=13
time=2026-05-18T16:18:38.121+02:00 level=DEBUG msg="Vytváranie študenta" name=Elizaveta surname=Nestrugina "registration number"=473728
time=2026-05-18T16:18:38.134+02:00 level=DEBUG msg="Hľadanie študenta" "registration number"=711728 "exam ID"=13
time=2026-05-18T16:18:38.134+02:00 level=DEBUG msg="Študent nebol nájdený" "student registration number"=711728 exam_id=13
time=2026-05-18T16:18:38.134+02:00 level=DEBUG msg="Vytváranie študenta" name=Bohdan surname=Novák "registration number"=711728
time=2026-05-18T16:18:38.148+02:00 level=DEBUG msg="Hľadanie študenta" "registration number"=1056728 "exam ID"=13
time=2026-05-18T16:18:38.149+02:00 level=DEBUG msg="Študent nebol nájdený" "student registration number"=1056728 exam_id=13
time=2026-05-18T16:18:38.149+02:00 level=DEBUG msg="Vytváranie študenta" name=Adam surname=Novotňák "registration number"=1056728
time=2026-05-18T16:18:38.162+02:00 level=DEBUG msg="Hľadanie študenta" "registration number"=1057728 "exam ID"=13
time=2026-05-18T16:18:38.162+02:00 level=DEBUG msg="Študent nebol nájdený" "student registration number"=1057728 exam_id=13
time=2026-05-18T16:18:38.162+02:00 level=DEBUG msg="Vytváranie študenta" name=Pavol surname=Novotný "registration number"=1057728
time=2026-05-18T16:18:38.177+02:00 level=DEBUG msg="Hľadanie študenta" "registration number"=413728 "exam ID"=13
time=2026-05-18T16:18:38.178+02:00 level=DEBUG msg="Študent nebol nájdený" "student registration number"=413728 exam_id=13
time=2026-05-18T16:18:38.178+02:00 level=DEBUG msg="Vytváranie študenta" name=David surname=Obuh "registration number"=413728
time=2026-05-18T16:18:38.223+02:00 level=DEBUG msg="Hľadanie študenta" "registration number"=474728 "exam ID"=13
time=2026-05-18T16:18:38.223+02:00 level=DEBUG msg="Študent nebol nájdený" "student registration number"=474728 exam_id=13
time=2026-05-18T16:18:38.223+02:00 level=DEBUG msg="Vytváranie študenta" name=Šimon surname=Očkaják "registration number"=474728
time=2026-05-18T16:18:38.240+02:00 level=DEBUG msg="Hľadanie študenta" "registration number"=429728 "exam ID"=13
time=2026-05-18T16:18:38.242+02:00 level=DEBUG msg="Študent nebol nájdený" "student registration number"=429728 exam_id=13
time=2026-05-18T16:18:38.242+02:00 level=DEBUG msg="Vytváranie študenta" name=Illia surname=Oliinykov "registration number"=429728
time=2026-05-18T16:18:38.255+02:00 level=DEBUG msg="Hľadanie študenta" "registration number"=712728 "exam ID"=13
time=2026-05-18T16:18:38.255+02:00 level=DEBUG msg="Študent nebol nájdený" "student registration number"=712728 exam_id=13
time=2026-05-18T16:18:38.255+02:00 level=DEBUG msg="Vytváranie študenta" name=Patrik surname=Ölveczki "registration number"=712728
time=2026-05-18T16:18:38.271+02:00 level=DEBUG msg="Hľadanie študenta" "registration number"=1266728 "exam ID"=13
time=2026-05-18T16:18:38.273+02:00 level=DEBUG msg="Študent nebol nájdený" "student registration number"=1266728 exam_id=13
time=2026-05-18T16:18:38.273+02:00 level=DEBUG msg="Vytváranie študenta" name=Filip surname=Ondraščin "registration number"=1266728
time=2026-05-18T16:18:38.288+02:00 level=DEBUG msg="Hľadanie študenta" "registration number"=1144728 "exam ID"=13
time=2026-05-18T16:18:38.288+02:00 level=DEBUG msg="Študent nebol nájdený" "student registration number"=1144728 exam_id=13
time=2026-05-18T16:18:38.288+02:00 level=DEBUG msg="Vytváranie študenta" name="Adam Sebastián" surname=Ondrušek "registration number"=1144728
time=2026-05-18T16:18:38.296+02:00 level=DEBUG msg="Hľadanie študenta" "registration number"=1267728 "exam ID"=13
time=2026-05-18T16:18:38.296+02:00 level=DEBUG msg="Študent nebol nájdený" "student registration number"=1267728 exam_id=13
time=2026-05-18T16:18:38.296+02:00 level=DEBUG msg="Vytváranie študenta" name=Radovan surname=Ontko "registration number"=1267728
time=2026-05-18T16:18:38.306+02:00 level=DEBUG msg="Hľadanie študenta" "registration number"=475728 "exam ID"=13
time=2026-05-18T16:18:38.306+02:00 level=DEBUG msg="Študent nebol nájdený" "student registration number"=475728 exam_id=13
time=2026-05-18T16:18:38.306+02:00 level=DEBUG msg="Vytváranie študenta" name=Patrik surname=Orlický "registration number"=475728
time=2026-05-18T16:18:38.317+02:00 level=DEBUG msg="Hľadanie študenta" "registration number"=84728 "exam ID"=13
time=2026-05-18T16:18:38.317+02:00 level=DEBUG msg="Študent nebol nájdený" "student registration number"=84728 exam_id=13
time=2026-05-18T16:18:38.317+02:00 level=DEBUG msg="Vytváranie študenta" name=Tomáš surname=Orolin "registration number"=84728
time=2026-05-18T16:18:38.326+02:00 level=DEBUG msg="Hľadanie študenta" "registration number"=415728 "exam ID"=13
time=2026-05-18T16:18:38.328+02:00 level=DEBUG msg="Študent nebol nájdený" "student registration number"=415728 exam_id=13
time=2026-05-18T16:18:38.328+02:00 level=DEBUG msg="Vytváranie študenta" name=Jakub surname=Pajer "registration number"=415728
time=2026-05-18T16:18:38.339+02:00 level=DEBUG msg="Hľadanie študenta" "registration number"=512728 "exam ID"=13
time=2026-05-18T16:18:38.340+02:00 level=DEBUG msg="Študent nebol nájdený" "student registration number"=512728 exam_id=13
time=2026-05-18T16:18:38.340+02:00 level=DEBUG msg="Vytváranie študenta" name=Ladislav surname=Pálinkás "registration number"=512728
time=2026-05-18T16:18:38.349+02:00 level=DEBUG msg="Hľadanie študenta" "registration number"=833728 "exam ID"=13
time=2026-05-18T16:18:38.349+02:00 level=DEBUG msg="Študent nebol nájdený" "student registration number"=833728 exam_id=13
time=2026-05-18T16:18:38.349+02:00 level=DEBUG msg="Vytváranie študenta" name=Tomáš surname=Palko "registration number"=833728
time=2026-05-18T16:18:38.361+02:00 level=DEBUG msg="Hľadanie študenta" "registration number"=238728 "exam ID"=13
time=2026-05-18T16:18:38.361+02:00 level=DEBUG msg="Študent nebol nájdený" "student registration number"=238728 exam_id=13
time=2026-05-18T16:18:38.361+02:00 level=DEBUG msg="Vytváranie študenta" name=Roman surname=Parasotskyi "registration number"=238728
time=2026-05-18T16:18:38.370+02:00 level=DEBUG msg="Hľadanie študenta" "registration number"=476728 "exam ID"=13
time=2026-05-18T16:18:38.370+02:00 level=DEBUG msg="Študent nebol nájdený" "student registration number"=476728 exam_id=13
time=2026-05-18T16:18:38.370+02:00 level=DEBUG msg="Vytváranie študenta" name=Oleksandr surname=Parfeniuk "registration number"=476728
time=2026-05-18T16:18:38.379+02:00 level=DEBUG msg="Hľadanie študenta" "registration number"=85728 "exam ID"=13
time=2026-05-18T16:18:38.379+02:00 level=DEBUG msg="Študent nebol nájdený" "student registration number"=85728 exam_id=13
time=2026-05-18T16:18:38.379+02:00 level=DEBUG msg="Vytváranie študenta" name=Nikolai surname=Pasiechko "registration number"=85728
time=2026-05-18T16:18:38.388+02:00 level=DEBUG msg="Hľadanie študenta" "registration number"=86728 "exam ID"=13
time=2026-05-18T16:18:38.388+02:00 level=DEBUG msg="Študent nebol nájdený" "student registration number"=86728 exam_id=13
time=2026-05-18T16:18:38.388+02:00 level=DEBUG msg="Vytváranie študenta" name=Filip surname=Pastierik "registration number"=86728
time=2026-05-18T16:18:38.397+02:00 level=DEBUG msg="Hľadanie študenta" "registration number"=333728 "exam ID"=13
time=2026-05-18T16:18:38.397+02:00 level=DEBUG msg="Študent nebol nájdený" "student registration number"=333728 exam_id=13
time=2026-05-18T16:18:38.397+02:00 level=DEBUG msg="Vytváranie študenta" name=Júlia surname=Patayová "registration number"=333728
time=2026-05-18T16:18:38.406+02:00 level=DEBUG msg="Hľadanie študenta" "registration number"=87728 "exam ID"=13
time=2026-05-18T16:18:38.406+02:00 level=DEBUG msg="Študent nebol nájdený" "student registration number"=87728 exam_id=13
time=2026-05-18T16:18:38.406+02:00 level=DEBUG msg="Vytváranie študenta" name=Mykhailo surname=Pavlenko "registration number"=87728
time=2026-05-18T16:18:38.416+02:00 level=DEBUG msg="Hľadanie študenta" "registration number"=1121728 "exam ID"=13
time=2026-05-18T16:18:38.416+02:00 level=DEBUG msg="Študent nebol nájdený" "student registration number"=1121728 exam_id=13
time=2026-05-18T16:18:38.416+02:00 level=DEBUG msg="Vytváranie študenta" name=Norbert surname=Pavlíček "registration number"=1121728
time=2026-05-18T16:18:38.425+02:00 level=DEBUG msg="Hľadanie študenta" "registration number"=1122728 "exam ID"=13
time=2026-05-18T16:18:38.426+02:00 level=DEBUG msg="Študent nebol nájdený" "student registration number"=1122728 exam_id=13
time=2026-05-18T16:18:38.426+02:00 level=DEBUG msg="Vytváranie študenta" name=Juraj surname=Pavlík "registration number"=1122728
time=2026-05-18T16:18:38.434+02:00 level=DEBUG msg="Hľadanie študenta" "registration number"=1268728 "exam ID"=13
time=2026-05-18T16:18:38.435+02:00 level=DEBUG msg="Študent nebol nájdený" "student registration number"=1268728 exam_id=13
time=2026-05-18T16:18:38.435+02:00 level=DEBUG msg="Vytváranie študenta" name=Richard surname=Pavliščík "registration number"=1268728
time=2026-05-18T16:18:38.443+02:00 level=DEBUG msg="Hľadanie študenta" "registration number"=88728 "exam ID"=13
time=2026-05-18T16:18:38.444+02:00 level=DEBUG msg="Študent nebol nájdený" "student registration number"=88728 exam_id=13
time=2026-05-18T16:18:38.444+02:00 level=DEBUG msg="Vytváranie študenta" name=Dmytro surname=Pazychenko "registration number"=88728
time=2026-05-18T16:18:38.452+02:00 level=DEBUG msg="Hľadanie študenta" "registration number"=1124728 "exam ID"=13
time=2026-05-18T16:18:38.453+02:00 level=DEBUG msg="Študent nebol nájdený" "student registration number"=1124728 exam_id=13
time=2026-05-18T16:18:38.453+02:00 level=DEBUG msg="Vytváranie študenta" name=Martin surname=Pecho "registration number"=1124728
time=2026-05-18T16:18:38.461+02:00 level=DEBUG msg="Hľadanie študenta" "registration number"=89728 "exam ID"=13
time=2026-05-18T16:18:38.461+02:00 level=DEBUG msg="Študent nebol nájdený" "student registration number"=89728 exam_id=13
time=2026-05-18T16:18:38.461+02:00 level=DEBUG msg="Vytváranie študenta" name=Lukáš surname=Pekara "registration number"=89728
time=2026-05-18T16:18:38.471+02:00 level=DEBUG msg="Hľadanie študenta" "registration number"=952728 "exam ID"=13
time=2026-05-18T16:18:38.471+02:00 level=DEBUG msg="Študent nebol nájdený" "student registration number"=952728 exam_id=13
time=2026-05-18T16:18:38.471+02:00 level=DEBUG msg="Vytváranie študenta" name=Samuel surname=Peternai "registration number"=952728
time=2026-05-18T16:18:38.481+02:00 level=DEBUG msg="Hľadanie študenta" "registration number"=90728 "exam ID"=13
time=2026-05-18T16:18:38.481+02:00 level=DEBUG msg="Študent nebol nájdený" "student registration number"=90728 exam_id=13
time=2026-05-18T16:18:38.481+02:00 level=DEBUG msg="Vytváranie študenta" name=Karin surname=Petíková "registration number"=90728
time=2026-05-18T16:18:38.490+02:00 level=DEBUG msg="Hľadanie študenta" "registration number"=431728 "exam ID"=13
time=2026-05-18T16:18:38.491+02:00 level=DEBUG msg="Študent nebol nájdený" "student registration number"=431728 exam_id=13
time=2026-05-18T16:18:38.491+02:00 level=DEBUG msg="Vytváranie študenta" name=Matej surname=Petrík "registration number"=431728
time=2026-05-18T16:18:38.500+02:00 level=DEBUG msg="Hľadanie študenta" "registration number"=1059728 "exam ID"=13
time=2026-05-18T16:18:38.501+02:00 level=DEBUG msg="Študent nebol nájdený" "student registration number"=1059728 exam_id=13
time=2026-05-18T16:18:38.501+02:00 level=DEBUG msg="Vytváranie študenta" name=Juraj surname=Petrina "registration number"=1059728
time=2026-05-18T16:18:38.510+02:00 level=DEBUG msg="Hľadanie študenta" "registration number"=1126728 "exam ID"=13
time=2026-05-18T16:18:38.510+02:00 level=DEBUG msg="Študent nebol nájdený" "student registration number"=1126728 exam_id=13
time=2026-05-18T16:18:38.510+02:00 level=DEBUG msg="Vytváranie študenta" name=Dominik surname=Petro "registration number"=1126728
time=2026-05-18T16:18:38.519+02:00 level=DEBUG msg="Hľadanie študenta" "registration number"=1061728 "exam ID"=13
time=2026-05-18T16:18:38.519+02:00 level=DEBUG msg="Študent nebol nájdený" "student registration number"=1061728 exam_id=13
time=2026-05-18T16:18:38.519+02:00 level=DEBUG msg="Vytváranie študenta" name=Michal surname=Petrovčin "registration number"=1061728
time=2026-05-18T16:18:38.528+02:00 level=DEBUG msg="Hľadanie študenta" "registration number"=91728 "exam ID"=13
time=2026-05-18T16:18:38.529+02:00 level=DEBUG msg="Študent nebol nájdený" "student registration number"=91728 exam_id=13
time=2026-05-18T16:18:38.529+02:00 level=DEBUG msg="Vytváranie študenta" name=Martin surname=Pivko "registration number"=91728
time=2026-05-18T16:18:38.538+02:00 level=DEBUG msg="Hľadanie študenta" "registration number"=1270728 "exam ID"=13
time=2026-05-18T16:18:38.538+02:00 level=DEBUG msg="Študent nebol nájdený" "student registration number"=1270728 exam_id=13
time=2026-05-18T16:18:38.538+02:00 level=DEBUG msg="Vytváranie študenta" name=Tomáš surname=Plačko "registration number"=1270728
time=2026-05-18T16:18:38.546+02:00 level=DEBUG msg="Hľadanie študenta" "registration number"=92728 "exam ID"=13
time=2026-05-18T16:18:38.547+02:00 level=DEBUG msg="Študent nebol nájdený" "student registration number"=92728 exam_id=13
time=2026-05-18T16:18:38.547+02:00 level=DEBUG msg="Vytváranie študenta" name=Alexandra surname=Plankó "registration number"=92728
time=2026-05-18T16:18:38.556+02:00 level=DEBUG msg="Hľadanie študenta" "registration number"=834728 "exam ID"=13
time=2026-05-18T16:18:38.556+02:00 level=DEBUG msg="Študent nebol nájdený" "student registration number"=834728 exam_id=13
time=2026-05-18T16:18:38.556+02:00 level=DEBUG msg="Vytváranie študenta" name=Lucia surname=Plišková "registration number"=834728
time=2026-05-18T16:18:38.565+02:00 level=DEBUG msg="Hľadanie študenta" "registration number"=1062728 "exam ID"=13
time=2026-05-18T16:18:38.565+02:00 level=DEBUG msg="Študent nebol nájdený" "student registration number"=1062728 exam_id=13
time=2026-05-18T16:18:38.565+02:00 level=DEBUG msg="Vytváranie študenta" name=Andrii surname=Podorvan "registration number"=1062728
time=2026-05-18T16:18:38.574+02:00 level=DEBUG msg="Hľadanie študenta" "registration number"=954728 "exam ID"=13
time=2026-05-18T16:18:38.574+02:00 level=DEBUG msg="Študent nebol nájdený" "student registration number"=954728 exam_id=13
time=2026-05-18T16:18:38.574+02:00 level=DEBUG msg="Vytváranie študenta" name=Daniil surname=Pokusai "registration number"=954728
time=2026-05-18T16:18:38.583+02:00 level=DEBUG msg="Hľadanie študenta" "registration number"=477728 "exam ID"=13
time=2026-05-18T16:18:38.583+02:00 level=DEBUG msg="Študent nebol nájdený" "student registration number"=477728 exam_id=13
time=2026-05-18T16:18:38.583+02:00 level=DEBUG msg="Vytváranie študenta" name=Rastislav surname=Poliak "registration number"=477728
time=2026-05-18T16:18:38.593+02:00 level=DEBUG msg="Hľadanie študenta" "registration number"=835728 "exam ID"=13
time=2026-05-18T16:18:38.593+02:00 level=DEBUG msg="Študent nebol nájdený" "student registration number"=835728 exam_id=13
time=2026-05-18T16:18:38.593+02:00 level=DEBUG msg="Vytváranie študenta" name=Jakub surname=Políček "registration number"=835728
time=2026-05-18T16:18:38.602+02:00 level=DEBUG msg="Hľadanie študenta" "registration number"=93728 "exam ID"=13
time=2026-05-18T16:18:38.603+02:00 level=DEBUG msg="Študent nebol nájdený" "student registration number"=93728 exam_id=13
time=2026-05-18T16:18:38.603+02:00 level=DEBUG msg="Vytváranie študenta" name=Artem surname=Polishchuk "registration number"=93728
time=2026-05-18T16:18:38.611+02:00 level=DEBUG msg="Hľadanie študenta" "registration number"=955728 "exam ID"=13
time=2026-05-18T16:18:38.612+02:00 level=DEBUG msg="Študent nebol nájdený" "student registration number"=955728 exam_id=13
time=2026-05-18T16:18:38.612+02:00 level=DEBUG msg="Vytváranie študenta" name=Viacheslav surname=Polishchuk "registration number"=955728
time=2026-05-18T16:18:38.623+02:00 level=DEBUG msg="Hľadanie študenta" "registration number"=589728 "exam ID"=13
time=2026-05-18T16:18:38.623+02:00 level=DEBUG msg="Študent nebol nájdený" "student registration number"=589728 exam_id=13
time=2026-05-18T16:18:38.623+02:00 level=DEBUG msg="Vytváranie študenta" name=Marek surname=Pomahač "registration number"=589728
time=2026-05-18T16:18:38.632+02:00 level=DEBUG msg="Hľadanie študenta" "registration number"=416728 "exam ID"=13
time=2026-05-18T16:18:38.632+02:00 level=DEBUG msg="Študent nebol nájdený" "student registration number"=416728 exam_id=13
time=2026-05-18T16:18:38.632+02:00 level=DEBUG msg="Vytváranie študenta" name=Illia surname=Ponomarov "registration number"=416728
time=2026-05-18T16:18:38.642+02:00 level=DEBUG msg="Hľadanie študenta" "registration number"=94728 "exam ID"=13
time=2026-05-18T16:18:38.643+02:00 level=DEBUG msg="Študent nebol nájdený" "student registration number"=94728 exam_id=13
time=2026-05-18T16:18:38.643+02:00 level=DEBUG msg="Vytváranie študenta" name="Ferenc Dániel" surname=Pónya "registration number"=94728
time=2026-05-18T16:18:38.652+02:00 level=DEBUG msg="Hľadanie študenta" "registration number"=239728 "exam ID"=13
time=2026-05-18T16:18:38.652+02:00 level=DEBUG msg="Študent nebol nájdený" "student registration number"=239728 exam_id=13
time=2026-05-18T16:18:38.652+02:00 level=DEBUG msg="Vytváranie študenta" name=Yevhenii surname=Poroshyn "registration number"=239728
time=2026-05-18T16:18:38.661+02:00 level=DEBUG msg="Hľadanie študenta" "registration number"=758728 "exam ID"=13
time=2026-05-18T16:18:38.662+02:00 level=DEBUG msg="Študent nebol nájdený" "student registration number"=758728 exam_id=13
time=2026-05-18T16:18:38.662+02:00 level=DEBUG msg="Vytváranie študenta" name=Pavol surname=Porubský "registration number"=758728
time=2026-05-18T16:18:38.671+02:00 level=DEBUG msg="Hľadanie študenta" "registration number"=335728 "exam ID"=13
time=2026-05-18T16:18:38.671+02:00 level=DEBUG msg="Študent nebol nájdený" "student registration number"=335728 exam_id=13
time=2026-05-18T16:18:38.671+02:00 level=DEBUG msg="Vytváranie študenta" name=Maksym surname=Postoronka "registration number"=335728
time=2026-05-18T16:18:38.679+02:00 level=DEBUG msg="Hľadanie študenta" "registration number"=95728 "exam ID"=13
time=2026-05-18T16:18:38.680+02:00 level=DEBUG msg="Študent nebol nájdený" "student registration number"=95728 exam_id=13
time=2026-05-18T16:18:38.680+02:00 level=DEBUG msg="Vytváranie študenta" name=Karin surname=Priebojová "registration number"=95728
time=2026-05-18T16:18:38.688+02:00 level=DEBUG msg="Hľadanie študenta" "registration number"=836728 "exam ID"=13
time=2026-05-18T16:18:38.689+02:00 level=DEBUG msg="Študent nebol nájdený" "student registration number"=836728 exam_id=13
time=2026-05-18T16:18:38.689+02:00 level=DEBUG msg="Vytváranie študenta" name=Mykhailo surname=Prokopenko "registration number"=836728
time=2026-05-18T16:18:38.698+02:00 level=DEBUG msg="Hľadanie študenta" "registration number"=716728 "exam ID"=13
time=2026-05-18T16:18:38.698+02:00 level=DEBUG msg="Študent nebol nájdený" "student registration number"=716728 exam_id=13
time=2026-05-18T16:18:38.698+02:00 level=DEBUG msg="Vytváranie študenta" name=Yan surname=Prosnitskyi "registration number"=716728
time=2026-05-18T16:18:38.707+02:00 level=DEBUG msg="Hľadanie študenta" "registration number"=418728 "exam ID"=13
time=2026-05-18T16:18:38.707+02:00 level=DEBUG msg="Študent nebol nájdený" "student registration number"=418728 exam_id=13
time=2026-05-18T16:18:38.707+02:00 level=DEBUG msg="Vytváranie študenta" name=Artem surname=Protsenko "registration number"=418728
time=2026-05-18T16:18:38.716+02:00 level=DEBUG msg="Hľadanie študenta" "registration number"=96728 "exam ID"=13
time=2026-05-18T16:18:38.716+02:00 level=DEBUG msg="Študent nebol nájdený" "student registration number"=96728 exam_id=13
time=2026-05-18T16:18:38.716+02:00 level=DEBUG msg="Vytváranie študenta" name=Vladyslav surname=Prytula "registration number"=96728
time=2026-05-18T16:18:38.726+02:00 level=DEBUG msg="Hľadanie študenta" "registration number"=1065728 "exam ID"=13
time=2026-05-18T16:18:38.726+02:00 level=DEBUG msg="Študent nebol nájdený" "student registration number"=1065728 exam_id=13
time=2026-05-18T16:18:38.726+02:00 level=DEBUG msg="Vytváranie študenta" name=Jakub surname=Pudiš "registration number"=1065728
time=2026-05-18T16:18:38.734+02:00 level=DEBUG msg="Hľadanie študenta" "registration number"=241728 "exam ID"=13
time=2026-05-18T16:18:38.735+02:00 level=DEBUG msg="Študent nebol nájdený" "student registration number"=241728 exam_id=13
time=2026-05-18T16:18:38.735+02:00 level=DEBUG msg="Vytváranie študenta" name=Martin surname=Pudiš "registration number"=241728
time=2026-05-18T16:18:38.744+02:00 level=DEBUG msg="Hľadanie študenta" "registration number"=97728 "exam ID"=13
time=2026-05-18T16:18:38.744+02:00 level=DEBUG msg="Študent nebol nájdený" "student registration number"=97728 exam_id=13
time=2026-05-18T16:18:38.744+02:00 level=DEBUG msg="Vytváranie študenta" name=Sofiia surname=Pukhalska "registration number"=97728
time=2026-05-18T16:18:38.754+02:00 level=DEBUG msg="Hľadanie študenta" "registration number"=717728 "exam ID"=13
time=2026-05-18T16:18:38.754+02:00 level=DEBUG msg="Študent nebol nájdený" "student registration number"=717728 exam_id=13
time=2026-05-18T16:18:38.754+02:00 level=DEBUG msg="Vytváranie študenta" name=Yingcheng surname=Qiu "registration number"=717728
time=2026-05-18T16:18:38.763+02:00 level=DEBUG msg="Hľadanie študenta" "registration number"=653728 "exam ID"=13
time=2026-05-18T16:18:38.763+02:00 level=DEBUG msg="Študent nebol nájdený" "student registration number"=653728 exam_id=13
time=2026-05-18T16:18:38.763+02:00 level=DEBUG msg="Vytváranie študenta" name=Dávid surname=Rábara "registration number"=653728
time=2026-05-18T16:18:38.772+02:00 level=DEBUG msg="Hľadanie študenta" "registration number"=336728 "exam ID"=13
time=2026-05-18T16:18:38.772+02:00 level=DEBUG msg="Študent nebol nájdený" "student registration number"=336728 exam_id=13
time=2026-05-18T16:18:38.772+02:00 level=DEBUG msg="Vytváranie študenta" name=Patrik surname=Rácz "registration number"=336728
time=2026-05-18T16:18:38.780+02:00 level=DEBUG msg="Hľadanie študenta" "registration number"=1129728 "exam ID"=13
time=2026-05-18T16:18:38.781+02:00 level=DEBUG msg="Študent nebol nájdený" "student registration number"=1129728 exam_id=13
time=2026-05-18T16:18:38.781+02:00 level=DEBUG msg="Vytváranie študenta" name=Levente surname=Rajnoha "registration number"=1129728
time=2026-05-18T16:18:38.789+02:00 level=DEBUG msg="Hľadanie študenta" "registration number"=1271728 "exam ID"=13
time=2026-05-18T16:18:38.789+02:00 level=DEBUG msg="Študent nebol nájdený" "student registration number"=1271728 exam_id=13
time=2026-05-18T16:18:38.790+02:00 level=DEBUG msg="Vytváranie študenta" name=Damián surname=Rapko "registration number"=1271728
time=2026-05-18T16:18:38.798+02:00 level=DEBUG msg="Hľadanie študenta" "registration number"=1067728 "exam ID"=13
time=2026-05-18T16:18:38.798+02:00 level=DEBUG msg="Študent nebol nájdený" "student registration number"=1067728 exam_id=13
time=2026-05-18T16:18:38.798+02:00 level=DEBUG msg="Vytváranie študenta" name=Volodymyr surname=Rashkevych "registration number"=1067728
time=2026-05-18T16:18:38.806+02:00 level=DEBUG msg="Hľadanie študenta" "registration number"=718728 "exam ID"=13
time=2026-05-18T16:18:38.807+02:00 level=DEBUG msg="Študent nebol nájdený" "student registration number"=718728 exam_id=13
time=2026-05-18T16:18:38.807+02:00 level=DEBUG msg="Vytváranie študenta" name=Kristián surname=Rekeň "registration number"=718728
time=2026-05-18T16:18:38.816+02:00 level=DEBUG msg="Hľadanie študenta" "registration number"=805728 "exam ID"=13
time=2026-05-18T16:18:38.817+02:00 level=DEBUG msg="Študent nebol nájdený" "student registration number"=805728 exam_id=13
time=2026-05-18T16:18:38.817+02:00 level=DEBUG msg="Vytváranie študenta" name=Jozef surname=Remiš "registration number"=805728
time=2026-05-18T16:18:38.825+02:00 level=DEBUG msg="Hľadanie študenta" "registration number"=434728 "exam ID"=13
time=2026-05-18T16:18:38.825+02:00 level=DEBUG msg="Študent nebol nájdený" "student registration number"=434728 exam_id=13
time=2026-05-18T16:18:38.825+02:00 level=DEBUG msg="Vytváranie študenta" name=Robert surname=Repa "registration number"=434728
time=2026-05-18T16:18:38.834+02:00 level=DEBUG msg="Hľadanie študenta" "registration number"=759728 "exam ID"=13
time=2026-05-18T16:18:38.834+02:00 level=DEBUG msg="Študent nebol nájdený" "student registration number"=759728 exam_id=13
time=2026-05-18T16:18:38.834+02:00 level=DEBUG msg="Vytváranie študenta" name=Ján surname=Repáň "registration number"=759728
time=2026-05-18T16:18:38.844+02:00 level=DEBUG msg="Hľadanie študenta" "registration number"=242728 "exam ID"=13
time=2026-05-18T16:18:38.844+02:00 level=DEBUG msg="Študent nebol nájdený" "student registration number"=242728 exam_id=13
time=2026-05-18T16:18:38.844+02:00 level=DEBUG msg="Vytváranie študenta" name=Jakub surname=Repka "registration number"=242728
time=2026-05-18T16:18:38.855+02:00 level=DEBUG msg="Hľadanie študenta" "registration number"=165728 "exam ID"=13
time=2026-05-18T16:18:38.855+02:00 level=DEBUG msg="Študent nebol nájdený" "student registration number"=165728 exam_id=13
time=2026-05-18T16:18:38.856+02:00 level=DEBUG msg="Vytváranie študenta" name=Illia surname=Reshetar "registration number"=165728
time=2026-05-18T16:18:38.866+02:00 level=DEBUG msg="Hľadanie študenta" "registration number"=1273728 "exam ID"=13
time=2026-05-18T16:18:38.867+02:00 level=DEBUG msg="Študent nebol nájdený" "student registration number"=1273728 exam_id=13
time=2026-05-18T16:18:38.867+02:00 level=DEBUG msg="Vytváranie študenta" name=Boris surname=Reško "registration number"=1273728
time=2026-05-18T16:18:38.877+02:00 level=DEBUG msg="Hľadanie študenta" "registration number"=956728 "exam ID"=13
time=2026-05-18T16:18:38.877+02:00 level=DEBUG msg="Študent nebol nájdený" "student registration number"=956728 exam_id=13
time=2026-05-18T16:18:38.877+02:00 level=DEBUG msg="Vytváranie študenta" name=Marek surname=Rimovský "registration number"=956728
time=2026-05-18T16:18:38.889+02:00 level=DEBUG msg="Hľadanie študenta" "registration number"=478728 "exam ID"=13
time=2026-05-18T16:18:38.890+02:00 level=DEBUG msg="Študent nebol nájdený" "student registration number"=478728 exam_id=13
time=2026-05-18T16:18:38.890+02:00 level=DEBUG msg="Vytváranie študenta" name=Adam surname=Riško "registration number"=478728
time=2026-05-18T16:18:38.901+02:00 level=DEBUG msg="Hľadanie študenta" "registration number"=1068728 "exam ID"=13
time=2026-05-18T16:18:38.901+02:00 level=DEBUG msg="Študent nebol nájdený" "student registration number"=1068728 exam_id=13
time=2026-05-18T16:18:38.901+02:00 level=DEBUG msg="Vytváranie študenta" name=Martin surname=Rizman "registration number"=1068728
time=2026-05-18T16:18:38.914+02:00 level=DEBUG msg="Hľadanie študenta" "registration number"=98728 "exam ID"=13
time=2026-05-18T16:18:38.915+02:00 level=DEBUG msg="Študent nebol nájdený" "student registration number"=98728 exam_id=13
time=2026-05-18T16:18:38.915+02:00 level=DEBUG msg="Vytváranie študenta" name=Mykolai surname=Rohal "registration number"=98728
time=2026-05-18T16:18:38.924+02:00 level=DEBUG msg="Hľadanie študenta" "registration number"=99728 "exam ID"=13
time=2026-05-18T16:18:38.925+02:00 level=DEBUG msg="Študent nebol nájdený" "student registration number"=99728 exam_id=13
time=2026-05-18T16:18:38.925+02:00 level=DEBUG msg="Vytváranie študenta" name=Artem surname=Rohovyi "registration number"=99728
time=2026-05-18T16:18:38.937+02:00 level=DEBUG msg="Hľadanie študenta" "registration number"=100728 "exam ID"=13
time=2026-05-18T16:18:38.940+02:00 level=DEBUG msg="Študent nebol nájdený" "student registration number"=100728 exam_id=13
time=2026-05-18T16:18:38.940+02:00 level=DEBUG msg="Vytváranie študenta" name=Juraj surname=Rojko "registration number"=100728
time=2026-05-18T16:18:38.953+02:00 level=DEBUG msg="Hľadanie študenta" "registration number"=957728 "exam ID"=13
time=2026-05-18T16:18:38.955+02:00 level=DEBUG msg="Študent nebol nájdený" "student registration number"=957728 exam_id=13
time=2026-05-18T16:18:38.955+02:00 level=DEBUG msg="Vytváranie študenta" name=Artem surname=Romanenko "registration number"=957728
time=2026-05-18T16:18:38.971+02:00 level=DEBUG msg="Hľadanie študenta" "registration number"=958728 "exam ID"=13
time=2026-05-18T16:18:38.971+02:00 level=DEBUG msg="Študent nebol nájdený" "student registration number"=958728 exam_id=13
time=2026-05-18T16:18:38.971+02:00 level=DEBUG msg="Vytváranie študenta" name=Artem surname=Romanenko "registration number"=958728
time=2026-05-18T16:18:38.988+02:00 level=DEBUG msg="Hľadanie študenta" "registration number"=101728 "exam ID"=13
time=2026-05-18T16:18:38.988+02:00 level=DEBUG msg="Študent nebol nájdený" "student registration number"=101728 exam_id=13
time=2026-05-18T16:18:38.988+02:00 level=DEBUG msg="Vytváranie študenta" name=Daniil surname=Romashov "registration number"=101728
time=2026-05-18T16:18:39.000+02:00 level=DEBUG msg="Hľadanie študenta" "registration number"=625728 "exam ID"=13
time=2026-05-18T16:18:39.000+02:00 level=DEBUG msg="Študent nebol nájdený" "student registration number"=625728 exam_id=13
time=2026-05-18T16:18:39.000+02:00 level=DEBUG msg="Vytváranie študenta" name=Erik surname=Rubín "registration number"=625728
time=2026-05-18T16:18:39.014+02:00 level=DEBUG msg="Hľadanie študenta" "registration number"=419728 "exam ID"=13
time=2026-05-18T16:18:39.014+02:00 level=DEBUG msg="Študent nebol nájdený" "student registration number"=419728 exam_id=13
time=2026-05-18T16:18:39.014+02:00 level=DEBUG msg="Vytváranie študenta" name=Ihor surname=Rudenko "registration number"=419728
time=2026-05-18T16:18:39.023+02:00 level=DEBUG msg="Hľadanie študenta" "registration number"=591728 "exam ID"=13
time=2026-05-18T16:18:39.023+02:00 level=DEBUG msg="Študent nebol nájdený" "student registration number"=591728 exam_id=13
time=2026-05-18T16:18:39.023+02:00 level=DEBUG msg="Vytváranie študenta" name=Oliver surname=Rúsek "registration number"=591728
time=2026-05-18T16:18:39.032+02:00 level=DEBUG msg="Hľadanie študenta" "registration number"=102728 "exam ID"=13
time=2026-05-18T16:18:39.032+02:00 level=DEBUG msg="Študent nebol nájdený" "student registration number"=102728 exam_id=13
time=2026-05-18T16:18:39.032+02:00 level=DEBUG msg="Vytváranie študenta" name=Kristián surname=Rybanský "registration number"=102728
time=2026-05-18T16:18:39.041+02:00 level=DEBUG msg="Hľadanie študenta" "registration number"=167728 "exam ID"=13
time=2026-05-18T16:18:39.041+02:00 level=DEBUG msg="Študent nebol nájdený" "student registration number"=167728 exam_id=13
time=2026-05-18T16:18:39.041+02:00 level=DEBUG msg="Vytváranie študenta" name=Dalibor surname=Rydzik "registration number"=167728
time=2026-05-18T16:18:39.050+02:00 level=DEBUG msg="Hľadanie študenta" "registration number"=103728 "exam ID"=13
time=2026-05-18T16:18:39.050+02:00 level=DEBUG msg="Študent nebol nájdený" "student registration number"=103728 exam_id=13
time=2026-05-18T16:18:39.050+02:00 level=DEBUG msg="Vytváranie študenta" name=Samuel surname=Sabo "registration number"=103728
time=2026-05-18T16:18:39.059+02:00 level=DEBUG msg="Hľadanie študenta" "registration number"=719728 "exam ID"=13
time=2026-05-18T16:18:39.059+02:00 level=DEBUG msg="Študent nebol nájdený" "student registration number"=719728 exam_id=13
time=2026-05-18T16:18:39.059+02:00 level=DEBUG msg="Vytváranie študenta" name=Grigorii surname=Sadovskii "registration number"=719728
time=2026-05-18T16:18:39.069+02:00 level=DEBUG msg="Hľadanie študenta" "registration number"=104728 "exam ID"=13
time=2026-05-18T16:18:39.069+02:00 level=DEBUG msg="Študent nebol nájdený" "student registration number"=104728 exam_id=13
time=2026-05-18T16:18:39.069+02:00 level=DEBUG msg="Vytváranie študenta" name=Mykhailo surname=Safronov "registration number"=104728
time=2026-05-18T16:18:39.077+02:00 level=DEBUG msg="Hľadanie študenta" "registration number"=720728 "exam ID"=13
time=2026-05-18T16:18:39.078+02:00 level=DEBUG msg="Študent nebol nájdený" "student registration number"=720728 exam_id=13
time=2026-05-18T16:18:39.078+02:00 level=DEBUG msg="Vytváranie študenta" name=Dominik surname=Sako "registration number"=720728
time=2026-05-18T16:18:39.086+02:00 level=DEBUG msg="Hľadanie študenta" "registration number"=214728 "exam ID"=13
time=2026-05-18T16:18:39.087+02:00 level=DEBUG msg="Študent nebol nájdený" "student registration number"=214728 exam_id=13
time=2026-05-18T16:18:39.087+02:00 level=DEBUG msg="Vytváranie študenta" name=Maksym surname=Saliienko "registration number"=214728
time=2026-05-18T16:18:39.095+02:00 level=DEBUG msg="Hľadanie študenta" "registration number"=420728 "exam ID"=13
time=2026-05-18T16:18:39.096+02:00 level=DEBUG msg="Študent nebol nájdený" "student registration number"=420728 exam_id=13
time=2026-05-18T16:18:39.096+02:00 level=DEBUG msg="Vytváranie študenta" name=Oliver surname=Santus "registration number"=420728
time=2026-05-18T16:18:39.109+02:00 level=DEBUG msg="Hľadanie študenta" "registration number"=105728 "exam ID"=13
time=2026-05-18T16:18:39.110+02:00 level=DEBUG msg="Študent nebol nájdený" "student registration number"=105728 exam_id=13
time=2026-05-18T16:18:39.110+02:00 level=DEBUG msg="Vytváranie študenta" name="Sahat Immanuel" surname=Sarumpaet "registration number"=105728
time=2026-05-18T16:18:39.118+02:00 level=DEBUG msg="Hľadanie študenta" "registration number"=106728 "exam ID"=13
time=2026-05-18T16:18:39.119+02:00 level=DEBUG msg="Študent nebol nájdený" "student registration number"=106728 exam_id=13
time=2026-05-18T16:18:39.119+02:00 level=DEBUG msg="Vytváranie študenta" name=Vladyslav surname=Savchenko "registration number"=106728
time=2026-05-18T16:18:39.128+02:00 level=DEBUG msg="Hľadanie študenta" "registration number"=479728 "exam ID"=13
time=2026-05-18T16:18:39.128+02:00 level=DEBUG msg="Študent nebol nájdený" "student registration number"=479728 exam_id=13
time=2026-05-18T16:18:39.128+02:00 level=DEBUG msg="Vytváranie študenta" name=Matej surname=Sedlák "registration number"=479728
time=2026-05-18T16:18:39.137+02:00 level=DEBUG msg="Hľadanie študenta" "registration number"=1069728 "exam ID"=13
time=2026-05-18T16:18:39.138+02:00 level=DEBUG msg="Študent nebol nájdený" "student registration number"=1069728 exam_id=13
time=2026-05-18T16:18:39.138+02:00 level=DEBUG msg="Vytváranie študenta" name=Nikolas surname=Séleš "registration number"=1069728
time=2026-05-18T16:18:39.147+02:00 level=DEBUG msg="Hľadanie študenta" "registration number"=655728 "exam ID"=13
time=2026-05-18T16:18:39.147+02:00 level=DEBUG msg="Študent nebol nájdený" "student registration number"=655728 exam_id=13
time=2026-05-18T16:18:39.147+02:00 level=DEBUG msg="Vytváranie študenta" name=Yuliia surname=Semedii "registration number"=655728
time=2026-05-18T16:18:39.156+02:00 level=DEBUG msg="Hľadanie študenta" "registration number"=480728 "exam ID"=13
time=2026-05-18T16:18:39.157+02:00 level=DEBUG msg="Študent nebol nájdený" "student registration number"=480728 exam_id=13
time=2026-05-18T16:18:39.157+02:00 level=DEBUG msg="Vytváranie študenta" name=Kirill surname=Shatrov "registration number"=480728
time=2026-05-18T16:18:39.166+02:00 level=DEBUG msg="Hľadanie študenta" "registration number"=349728 "exam ID"=13
time=2026-05-18T16:18:39.166+02:00 level=DEBUG msg="Študent nebol nájdený" "student registration number"=349728 exam_id=13
time=2026-05-18T16:18:39.166+02:00 level=DEBUG msg="Vytváranie študenta" name=Dmitrii surname=Shestakov "registration number"=349728
time=2026-05-18T16:18:39.175+02:00 level=DEBUG msg="Hľadanie študenta" "registration number"=1275728 "exam ID"=13
time=2026-05-18T16:18:39.176+02:00 level=DEBUG msg="Študent nebol nájdený" "student registration number"=1275728 exam_id=13
time=2026-05-18T16:18:39.176+02:00 level=DEBUG msg="Vytváranie študenta" name=Roman surname=Shevchenko "registration number"=1275728
time=2026-05-18T16:18:39.184+02:00 level=DEBUG msg="Hľadanie študenta" "registration number"=107728 "exam ID"=13
time=2026-05-18T16:18:39.184+02:00 level=DEBUG msg="Študent nebol nájdený" "student registration number"=107728 exam_id=13
time=2026-05-18T16:18:39.184+02:00 level=DEBUG msg="Vytváranie študenta" name=Illia surname=Shchehlov "registration number"=107728
time=2026-05-18T16:18:39.193+02:00 level=DEBUG msg="Hľadanie študenta" "registration number"=837728 "exam ID"=13
time=2026-05-18T16:18:39.194+02:00 level=DEBUG msg="Študent nebol nájdený" "student registration number"=837728 exam_id=13
time=2026-05-18T16:18:39.194+02:00 level=DEBUG msg="Vytváranie študenta" name=Volodymyr surname=Shcherban "registration number"=837728
time=2026-05-18T16:18:39.203+02:00 level=DEBUG msg="Hľadanie študenta" "registration number"=627728 "exam ID"=13
time=2026-05-18T16:18:39.203+02:00 level=DEBUG msg="Študent nebol nájdený" "student registration number"=627728 exam_id=13
time=2026-05-18T16:18:39.203+02:00 level=DEBUG msg="Vytváranie študenta" name=Ivan surname=Shchupko "registration number"=627728
time=2026-05-18T16:18:39.212+02:00 level=DEBUG msg="Hľadanie študenta" "registration number"=108728 "exam ID"=13
time=2026-05-18T16:18:39.212+02:00 level=DEBUG msg="Študent nebol nájdený" "student registration number"=108728 exam_id=13
time=2026-05-18T16:18:39.212+02:00 level=DEBUG msg="Vytváranie študenta" name=Dmytro surname=Shotskyi "registration number"=108728
time=2026-05-18T16:18:39.221+02:00 level=DEBUG msg="Hľadanie študenta" "registration number"=421728 "exam ID"=13
time=2026-05-18T16:18:39.222+02:00 level=DEBUG msg="Študent nebol nájdený" "student registration number"=421728 exam_id=13
time=2026-05-18T16:18:39.222+02:00 level=DEBUG msg="Vytváranie študenta" name=Nazar surname=Shpinai "registration number"=421728
time=2026-05-18T16:18:39.235+02:00 level=DEBUG msg="Hľadanie študenta" "registration number"=723728 "exam ID"=13
time=2026-05-18T16:18:39.236+02:00 level=DEBUG msg="Študent nebol nájdený" "student registration number"=723728 exam_id=13
time=2026-05-18T16:18:39.236+02:00 level=DEBUG msg="Vytváranie študenta" name=Anastasiia surname=Shuvaieva "registration number"=723728
time=2026-05-18T16:18:39.247+02:00 level=DEBUG msg="Hľadanie študenta" "registration number"=110728 "exam ID"=13
time=2026-05-18T16:18:39.247+02:00 level=DEBUG msg="Študent nebol nájdený" "student registration number"=110728 exam_id=13
time=2026-05-18T16:18:39.247+02:00 level=DEBUG msg="Vytváranie študenta" name=Bohdan surname=Shyrokyi "registration number"=110728
time=2026-05-18T16:18:39.256+02:00 level=DEBUG msg="Hľadanie študenta" "registration number"=838728 "exam ID"=13
time=2026-05-18T16:18:39.256+02:00 level=DEBUG msg="Študent nebol nájdený" "student registration number"=838728 exam_id=13
time=2026-05-18T16:18:39.256+02:00 level=DEBUG msg="Vytváranie študenta" name=Andrej surname=Siekel "registration number"=838728
time=2026-05-18T16:18:39.267+02:00 level=DEBUG msg="Hľadanie študenta" "registration number"=1130728 "exam ID"=13
time=2026-05-18T16:18:39.267+02:00 level=DEBUG msg="Študent nebol nájdený" "student registration number"=1130728 exam_id=13
time=2026-05-18T16:18:39.267+02:00 level=DEBUG msg="Vytváranie študenta" name=Vanesa surname=Siváková "registration number"=1130728
time=2026-05-18T16:18:39.278+02:00 level=DEBUG msg="Hľadanie študenta" "registration number"=243728 "exam ID"=13
time=2026-05-18T16:18:39.278+02:00 level=DEBUG msg="Študent nebol nájdený" "student registration number"=243728 exam_id=13
time=2026-05-18T16:18:39.278+02:00 level=DEBUG msg="Vytváranie študenta" name=Yurii surname=Skrypachenko "registration number"=243728
time=2026-05-18T16:18:39.288+02:00 level=DEBUG msg="Hľadanie študenta" "registration number"=481728 "exam ID"=13
time=2026-05-18T16:18:39.288+02:00 level=DEBUG msg="Študent nebol nájdený" "student registration number"=481728 exam_id=13
time=2026-05-18T16:18:39.288+02:00 level=DEBUG msg="Vytváranie študenta" name=Jakub surname=Skýpala "registration number"=481728
time=2026-05-18T16:18:39.298+02:00 level=DEBUG msg="Hľadanie študenta" "registration number"=111728 "exam ID"=13
time=2026-05-18T16:18:39.298+02:00 level=DEBUG msg="Študent nebol nájdený" "student registration number"=111728 exam_id=13
time=2026-05-18T16:18:39.298+02:00 level=DEBUG msg="Vytváranie študenta" name=Jakub surname=Slebodník "registration number"=111728
time=2026-05-18T16:18:39.310+02:00 level=DEBUG msg="Hľadanie študenta" "registration number"=628728 "exam ID"=13
time=2026-05-18T16:18:39.310+02:00 level=DEBUG msg="Študent nebol nájdený" "student registration number"=628728 exam_id=13
time=2026-05-18T16:18:39.310+02:00 level=DEBUG msg="Vytváranie študenta" name=Dominik surname=Slovak "registration number"=628728
time=2026-05-18T16:18:39.321+02:00 level=DEBUG msg="Hľadanie študenta" "registration number"=629728 "exam ID"=13
time=2026-05-18T16:18:39.322+02:00 level=DEBUG msg="Študent nebol nájdený" "student registration number"=629728 exam_id=13
time=2026-05-18T16:18:39.322+02:00 level=DEBUG msg="Vytváranie študenta" name=Maksym surname=Smirnov "registration number"=629728
time=2026-05-18T16:18:39.336+02:00 level=DEBUG msg="Hľadanie študenta" "registration number"=592728 "exam ID"=13
time=2026-05-18T16:18:39.338+02:00 level=DEBUG msg="Študent nebol nájdený" "student registration number"=592728 exam_id=13
time=2026-05-18T16:18:39.338+02:00 level=DEBUG msg="Vytváranie študenta" name=Samuel surname=Sobčák "registration number"=592728
time=2026-05-18T16:18:39.348+02:00 level=DEBUG msg="Hľadanie študenta" "registration number"=112728 "exam ID"=13
time=2026-05-18T16:18:39.349+02:00 level=DEBUG msg="Študent nebol nájdený" "student registration number"=112728 exam_id=13
time=2026-05-18T16:18:39.349+02:00 level=DEBUG msg="Vytváranie študenta" name=Savelii surname=Sobol "registration number"=112728
time=2026-05-18T16:18:39.360+02:00 level=DEBUG msg="Hľadanie študenta" "registration number"=113728 "exam ID"=13
time=2026-05-18T16:18:39.360+02:00 level=DEBUG msg="Študent nebol nájdený" "student registration number"=113728 exam_id=13
time=2026-05-18T16:18:39.360+02:00 level=DEBUG msg="Vytváranie študenta" name=Roman surname=Soják "registration number"=113728
time=2026-05-18T16:18:39.371+02:00 level=DEBUG msg="Hľadanie študenta" "registration number"=1277728 "exam ID"=13
time=2026-05-18T16:18:39.371+02:00 level=DEBUG msg="Študent nebol nájdený" "student registration number"=1277728 exam_id=13
time=2026-05-18T16:18:39.371+02:00 level=DEBUG msg="Vytváranie študenta" name=Viktoriia surname=Sokolova "registration number"=1277728
time=2026-05-18T16:18:39.380+02:00 level=DEBUG msg="Hľadanie študenta" "registration number"=1131728 "exam ID"=13
time=2026-05-18T16:18:39.380+02:00 level=DEBUG msg="Študent nebol nájdený" "student registration number"=1131728 exam_id=13
time=2026-05-18T16:18:39.380+02:00 level=DEBUG msg="Vytváranie študenta" name=Jozef surname=Solymosy "registration number"=1131728
time=2026-05-18T16:18:39.392+02:00 level=DEBUG msg="Hľadanie študenta" "registration number"=630728 "exam ID"=13
time=2026-05-18T16:18:39.392+02:00 level=DEBUG msg="Študent nebol nájdený" "student registration number"=630728 exam_id=13
time=2026-05-18T16:18:39.392+02:00 level=DEBUG msg="Vytváranie študenta" name=Adrián surname=Somogyi "registration number"=630728
time=2026-05-18T16:18:39.402+02:00 level=DEBUG msg="Hľadanie študenta" "registration number"=1132728 "exam ID"=13
time=2026-05-18T16:18:39.402+02:00 level=DEBUG msg="Študent nebol nájdený" "student registration number"=1132728 exam_id=13
time=2026-05-18T16:18:39.402+02:00 level=DEBUG msg="Vytváranie študenta" name=Adrián surname=Somogyi "registration number"=1132728
time=2026-05-18T16:18:39.412+02:00 level=DEBUG msg="Hľadanie študenta" "registration number"=724728 "exam ID"=13
time=2026-05-18T16:18:39.412+02:00 level=DEBUG msg="Študent nebol nájdený" "student registration number"=724728 exam_id=13
time=2026-05-18T16:18:39.412+02:00 level=DEBUG msg="Vytváranie študenta" name=Dominik surname=Soós "registration number"=724728
time=2026-05-18T16:18:39.421+02:00 level=DEBUG msg="Hľadanie študenta" "registration number"=482728 "exam ID"=13
time=2026-05-18T16:18:39.422+02:00 level=DEBUG msg="Študent nebol nájdený" "student registration number"=482728 exam_id=13
time=2026-05-18T16:18:39.422+02:00 level=DEBUG msg="Vytváranie študenta" name=Vladyslav surname=Soroka "registration number"=482728
time=2026-05-18T16:18:39.433+02:00 level=DEBUG msg="Hľadanie študenta" "registration number"=839728 "exam ID"=13
time=2026-05-18T16:18:39.433+02:00 level=DEBUG msg="Študent nebol nájdený" "student registration number"=839728 exam_id=13
time=2026-05-18T16:18:39.433+02:00 level=DEBUG msg="Vytváranie študenta" name=Vadym surname=Spiridonov "registration number"=839728
time=2026-05-18T16:18:39.442+02:00 level=DEBUG msg="Hľadanie študenta" "registration number"=761728 "exam ID"=13
time=2026-05-18T16:18:39.442+02:00 level=DEBUG msg="Študent nebol nájdený" "student registration number"=761728 exam_id=13
time=2026-05-18T16:18:39.442+02:00 level=DEBUG msg="Vytváranie študenta" name=Peter surname=Stadtrucker "registration number"=761728
time=2026-05-18T16:18:39.455+02:00 level=DEBUG msg="Hľadanie študenta" "registration number"=1133728 "exam ID"=13
time=2026-05-18T16:18:39.456+02:00 level=DEBUG msg="Študent nebol nájdený" "student registration number"=1133728 exam_id=13
time=2026-05-18T16:18:39.456+02:00 level=DEBUG msg="Vytváranie študenta" name=Adam surname=Stemnický "registration number"=1133728
time=2026-05-18T16:18:39.465+02:00 level=DEBUG msg="Hľadanie študenta" "registration number"=513728 "exam ID"=13
time=2026-05-18T16:18:39.465+02:00 level=DEBUG msg="Študent nebol nájdený" "student registration number"=513728 exam_id=13
time=2026-05-18T16:18:39.465+02:00 level=DEBUG msg="Vytváranie študenta" name=Jakub surname=Stopjak "registration number"=513728
time=2026-05-18T16:18:39.474+02:00 level=DEBUG msg="Hľadanie študenta" "registration number"=114728 "exam ID"=13
time=2026-05-18T16:18:39.474+02:00 level=DEBUG msg="Študent nebol nájdený" "student registration number"=114728 exam_id=13
time=2026-05-18T16:18:39.474+02:00 level=DEBUG msg="Vytváranie študenta" name=Peter surname=Straka "registration number"=114728
time=2026-05-18T16:18:39.484+02:00 level=DEBUG msg="Hľadanie študenta" "registration number"=115728 "exam ID"=13
time=2026-05-18T16:18:39.484+02:00 level=DEBUG msg="Študent nebol nájdený" "student registration number"=115728 exam_id=13
time=2026-05-18T16:18:39.484+02:00 level=DEBUG msg="Vytváranie študenta" name="Jonáš Ján" surname=Strelinger "registration number"=115728
time=2026-05-18T16:18:39.493+02:00 level=DEBUG msg="Hľadanie študenta" "registration number"=594728 "exam ID"=13
time=2026-05-18T16:18:39.494+02:00 level=DEBUG msg="Študent nebol nájdený" "student registration number"=594728 exam_id=13
time=2026-05-18T16:18:39.494+02:00 level=DEBUG msg="Vytváranie študenta" name=Yurii surname=Striuk "registration number"=594728
time=2026-05-18T16:18:39.504+02:00 level=DEBUG msg="Hľadanie študenta" "registration number"=632728 "exam ID"=13
time=2026-05-18T16:18:39.506+02:00 level=DEBUG msg="Študent nebol nájdený" "student registration number"=632728 exam_id=13
time=2026-05-18T16:18:39.506+02:00 level=DEBUG msg="Vytváranie študenta" name=Alan surname=Struhár "registration number"=632728
time=2026-05-18T16:18:39.515+02:00 level=DEBUG msg="Hľadanie študenta" "registration number"=116728 "exam ID"=13
time=2026-05-18T16:18:39.516+02:00 level=DEBUG msg="Študent nebol nájdený" "student registration number"=116728 exam_id=13
time=2026-05-18T16:18:39.516+02:00 level=DEBUG msg="Vytváranie študenta" name=Ján surname=Stupák "registration number"=116728
time=2026-05-18T16:18:39.524+02:00 level=DEBUG msg="Hľadanie študenta" "registration number"=117728 "exam ID"=13
time=2026-05-18T16:18:39.525+02:00 level=DEBUG msg="Študent nebol nájdený" "student registration number"=117728 exam_id=13
time=2026-05-18T16:18:39.525+02:00 level=DEBUG msg="Vytváranie študenta" name=Samuel surname=Sučanský "registration number"=117728
time=2026-05-18T16:18:39.533+02:00 level=DEBUG msg="Hľadanie študenta" "registration number"=483728 "exam ID"=13
time=2026-05-18T16:18:39.534+02:00 level=DEBUG msg="Študent nebol nájdený" "student registration number"=483728 exam_id=13
time=2026-05-18T16:18:39.534+02:00 level=DEBUG msg="Vytváranie študenta" name=Michaela surname=Suchová "registration number"=483728
time=2026-05-18T16:18:39.544+02:00 level=DEBUG msg="Hľadanie študenta" "registration number"=484728 "exam ID"=13
time=2026-05-18T16:18:39.545+02:00 level=DEBUG msg="Študent nebol nájdený" "student registration number"=484728 exam_id=13
time=2026-05-18T16:18:39.545+02:00 level=DEBUG msg="Vytváranie študenta" name=Michaela surname=Suránová "registration number"=484728
time=2026-05-18T16:18:39.553+02:00 level=DEBUG msg="Hľadanie študenta" "registration number"=170728 "exam ID"=13
time=2026-05-18T16:18:39.553+02:00 level=DEBUG msg="Študent nebol nájdený" "student registration number"=170728 exam_id=13
time=2026-05-18T16:18:39.553+02:00 level=DEBUG msg="Vytváranie študenta" name=Daniel surname=Svitaň "registration number"=170728
time=2026-05-18T16:18:39.562+02:00 level=DEBUG msg="Hľadanie študenta" "registration number"=485728 "exam ID"=13
time=2026-05-18T16:18:39.563+02:00 level=DEBUG msg="Študent nebol nájdený" "student registration number"=485728 exam_id=13
time=2026-05-18T16:18:39.563+02:00 level=DEBUG msg="Vytváranie študenta" name=Tymofii surname=Sytko "registration number"=485728
time=2026-05-18T16:18:39.571+02:00 level=DEBUG msg="Hľadanie študenta" "registration number"=726728 "exam ID"=13
time=2026-05-18T16:18:39.572+02:00 level=DEBUG msg="Študent nebol nájdený" "student registration number"=726728 exam_id=13
time=2026-05-18T16:18:39.572+02:00 level=DEBUG msg="Vytváranie študenta" name=Kostiantyn surname=Sytnov "registration number"=726728
time=2026-05-18T16:18:39.580+02:00 level=DEBUG msg="Hľadanie študenta" "registration number"=728728 "exam ID"=13
time=2026-05-18T16:18:39.581+02:00 level=DEBUG msg="Študent nebol nájdený" "student registration number"=728728 exam_id=13
time=2026-05-18T16:18:39.581+02:00 level=DEBUG msg="Vytváranie študenta" name=Oleksandr surname=Syzon "registration number"=728728
time=2026-05-18T16:18:39.590+02:00 level=DEBUG msg="Hľadanie študenta" "registration number"=118728 "exam ID"=13
time=2026-05-18T16:18:39.590+02:00 level=DEBUG msg="Študent nebol nájdený" "student registration number"=118728 exam_id=13
time=2026-05-18T16:18:39.590+02:00 level=DEBUG msg="Vytváranie študenta" name=Samuel surname=Szabó "registration number"=118728
time=2026-05-18T16:18:39.599+02:00 level=DEBUG msg="Hľadanie študenta" "registration number"=119728 "exam ID"=13
time=2026-05-18T16:18:39.599+02:00 level=DEBUG msg="Študent nebol nájdený" "student registration number"=119728 exam_id=13
time=2026-05-18T16:18:39.599+02:00 level=DEBUG msg="Vytváranie študenta" name=Victor surname=Szalay "registration number"=119728
time=2026-05-18T16:18:39.609+02:00 level=DEBUG msg="Hľadanie študenta" "registration number"=1070728 "exam ID"=13
time=2026-05-18T16:18:39.609+02:00 level=DEBUG msg="Študent nebol nájdený" "student registration number"=1070728 exam_id=13
time=2026-05-18T16:18:39.609+02:00 level=DEBUG msg="Vytváranie študenta" name=Martin surname=Szaszák "registration number"=1070728
time=2026-05-18T16:18:39.618+02:00 level=DEBUG msg="Hľadanie študenta" "registration number"=840728 "exam ID"=13
time=2026-05-18T16:18:39.619+02:00 level=DEBUG msg="Študent nebol nájdený" "student registration number"=840728 exam_id=13
time=2026-05-18T16:18:39.619+02:00 level=DEBUG msg="Vytváranie študenta" name=Kevin surname=Szőllősi "registration number"=840728
time=2026-05-18T16:18:39.627+02:00 level=DEBUG msg="Hľadanie študenta" "registration number"=120728 "exam ID"=13
time=2026-05-18T16:18:39.628+02:00 level=DEBUG msg="Študent nebol nájdený" "student registration number"=120728 exam_id=13
time=2026-05-18T16:18:39.628+02:00 level=DEBUG msg="Vytváranie študenta" name="Andrea Alžbeta" surname=Šályová "registration number"=120728
time=2026-05-18T16:18:39.638+02:00 level=DEBUG msg="Hľadanie študenta" "registration number"=435728 "exam ID"=13
time=2026-05-18T16:18:39.639+02:00 level=DEBUG msg="Študent nebol nájdený" "student registration number"=435728 exam_id=13
time=2026-05-18T16:18:39.639+02:00 level=DEBUG msg="Vytváranie študenta" name=David surname=Šarkezi "registration number"=435728
time=2026-05-18T16:18:39.648+02:00 level=DEBUG msg="Hľadanie študenta" "registration number"=121728 "exam ID"=13
time=2026-05-18T16:18:39.649+02:00 level=DEBUG msg="Študent nebol nájdený" "student registration number"=121728 exam_id=13
time=2026-05-18T16:18:39.649+02:00 level=DEBUG msg="Vytváranie študenta" name=Martin surname=Šaro "registration number"=121728
time=2026-05-18T16:18:39.658+02:00 level=DEBUG msg="Hľadanie študenta" "registration number"=1135728 "exam ID"=13
time=2026-05-18T16:18:39.658+02:00 level=DEBUG msg="Študent nebol nájdený" "student registration number"=1135728 exam_id=13
time=2026-05-18T16:18:39.658+02:00 level=DEBUG msg="Vytváranie študenta" name=Monika surname=Šoltysová "registration number"=1135728
time=2026-05-18T16:18:39.667+02:00 level=DEBUG msg="Hľadanie študenta" "registration number"=1136728 "exam ID"=13
time=2026-05-18T16:18:39.668+02:00 level=DEBUG msg="Študent nebol nájdený" "student registration number"=1136728 exam_id=13
time=2026-05-18T16:18:39.668+02:00 level=DEBUG msg="Vytváranie študenta" name="Filip Milan" surname=Špánik "registration number"=1136728
time=2026-05-18T16:18:39.677+02:00 level=DEBUG msg="Hľadanie študenta" "registration number"=1071728 "exam ID"=13
time=2026-05-18T16:18:39.677+02:00 level=DEBUG msg="Študent nebol nájdený" "student registration number"=1071728 exam_id=13
time=2026-05-18T16:18:39.677+02:00 level=DEBUG msg="Vytváranie študenta" name=Dominik surname=Štec "registration number"=1071728
time=2026-05-18T16:18:39.686+02:00 level=DEBUG msg="Hľadanie študenta" "registration number"=841728 "exam ID"=13
time=2026-05-18T16:18:39.686+02:00 level=DEBUG msg="Študent nebol nájdený" "student registration number"=841728 exam_id=13
time=2026-05-18T16:18:39.686+02:00 level=DEBUG msg="Vytváranie študenta" name="David Kristián" surname=Štefo "registration number"=841728
time=2026-05-18T16:18:39.695+02:00 level=DEBUG msg="Hľadanie študenta" "registration number"=1001728 "exam ID"=13
time=2026-05-18T16:18:39.695+02:00 level=DEBUG msg="Študent nebol nájdený" "student registration number"=1001728 exam_id=13
time=2026-05-18T16:18:39.695+02:00 level=DEBUG msg="Vytváranie študenta" name=Erik surname=Štickner "registration number"=1001728
time=2026-05-18T16:18:39.704+02:00 level=DEBUG msg="Hľadanie študenta" "registration number"=1072728 "exam ID"=13
time=2026-05-18T16:18:39.705+02:00 level=DEBUG msg="Študent nebol nájdený" "student registration number"=1072728 exam_id=13
time=2026-05-18T16:18:39.705+02:00 level=DEBUG msg="Vytváranie študenta" name=Oliver surname=Šutara "registration number"=1072728
time=2026-05-18T16:18:39.713+02:00 level=DEBUG msg="Hľadanie študenta" "registration number"=729728 "exam ID"=13
time=2026-05-18T16:18:39.714+02:00 level=DEBUG msg="Študent nebol nájdený" "student registration number"=729728 exam_id=13
time=2026-05-18T16:18:39.714+02:00 level=DEBUG msg="Vytváranie študenta" name=Matúš surname=Švagerko "registration number"=729728
time=2026-05-18T16:18:39.722+02:00 level=DEBUG msg="Hľadanie študenta" "registration number"=730728 "exam ID"=13
time=2026-05-18T16:18:39.723+02:00 level=DEBUG msg="Študent nebol nájdený" "student registration number"=730728 exam_id=13
time=2026-05-18T16:18:39.723+02:00 level=DEBUG msg="Vytváranie študenta" name=Jakub surname=Švec "registration number"=730728
time=2026-05-18T16:18:39.732+02:00 level=DEBUG msg="Hľadanie študenta" "registration number"=371728 "exam ID"=13
time=2026-05-18T16:18:39.732+02:00 level=DEBUG msg="Študent nebol nájdený" "student registration number"=371728 exam_id=13
time=2026-05-18T16:18:39.732+02:00 level=DEBUG msg="Vytváranie študenta" name=Patrik surname=Švikruha "registration number"=371728
time=2026-05-18T16:18:39.742+02:00 level=DEBUG msg="Hľadanie študenta" "registration number"=422728 "exam ID"=13
time=2026-05-18T16:18:39.742+02:00 level=DEBUG msg="Študent nebol nájdený" "student registration number"=422728 exam_id=13
time=2026-05-18T16:18:39.742+02:00 level=DEBUG msg="Vytváranie študenta" name=Daniel surname=Takáč "registration number"=422728
time=2026-05-18T16:18:39.751+02:00 level=DEBUG msg="Hľadanie študenta" "registration number"=1073728 "exam ID"=13
time=2026-05-18T16:18:39.751+02:00 level=DEBUG msg="Študent nebol nájdený" "student registration number"=1073728 exam_id=13
time=2026-05-18T16:18:39.751+02:00 level=DEBUG msg="Vytváranie študenta" name=Matej surname=Takáč "registration number"=1073728
time=2026-05-18T16:18:39.761+02:00 level=DEBUG msg="Hľadanie študenta" "registration number"=244728 "exam ID"=13
time=2026-05-18T16:18:39.761+02:00 level=DEBUG msg="Študent nebol nájdený" "student registration number"=244728 exam_id=13
time=2026-05-18T16:18:39.761+02:00 level=DEBUG msg="Vytváranie študenta" name=Matej surname=Teplanský "registration number"=244728
time=2026-05-18T16:18:39.771+02:00 level=DEBUG msg="Hľadanie študenta" "registration number"=1137728 "exam ID"=13
time=2026-05-18T16:18:39.771+02:00 level=DEBUG msg="Študent nebol nájdený" "student registration number"=1137728 exam_id=13
time=2026-05-18T16:18:39.771+02:00 level=DEBUG msg="Vytváranie študenta" name=Štefan surname=Tepličanec "registration number"=1137728
time=2026-05-18T16:18:39.781+02:00 level=DEBUG msg="Hľadanie študenta" "registration number"=595728 "exam ID"=13
time=2026-05-18T16:18:39.782+02:00 level=DEBUG msg="Študent nebol nájdený" "student registration number"=595728 exam_id=13
time=2026-05-18T16:18:39.782+02:00 level=DEBUG msg="Vytváranie študenta" name=Alžbeta surname=Thüringerová "registration number"=595728
time=2026-05-18T16:18:39.791+02:00 level=DEBUG msg="Hľadanie študenta" "registration number"=1278728 "exam ID"=13
time=2026-05-18T16:18:39.792+02:00 level=DEBUG msg="Študent nebol nájdený" "student registration number"=1278728 exam_id=13
time=2026-05-18T16:18:39.792+02:00 level=DEBUG msg="Vytváranie študenta" name=Jakub surname=Thurský "registration number"=1278728
time=2026-05-18T16:18:39.800+02:00 level=DEBUG msg="Hľadanie študenta" "registration number"=733728 "exam ID"=13
time=2026-05-18T16:18:39.801+02:00 level=DEBUG msg="Študent nebol nájdený" "student registration number"=733728 exam_id=13
time=2026-05-18T16:18:39.801+02:00 level=DEBUG msg="Vytváranie študenta" name=Štefan surname=Tisucký "registration number"=733728
time=2026-05-18T16:18:39.809+02:00 level=DEBUG msg="Hľadanie študenta" "registration number"=1074728 "exam ID"=13
time=2026-05-18T16:18:39.810+02:00 level=DEBUG msg="Študent nebol nájdený" "student registration number"=1074728 exam_id=13
time=2026-05-18T16:18:39.810+02:00 level=DEBUG msg="Vytváranie študenta" name=Michal surname=Tkáčik "registration number"=1074728
time=2026-05-18T16:18:39.818+02:00 level=DEBUG msg="Hľadanie študenta" "registration number"=123728 "exam ID"=13
time=2026-05-18T16:18:39.819+02:00 level=DEBUG msg="Študent nebol nájdený" "student registration number"=123728 exam_id=13
time=2026-05-18T16:18:39.819+02:00 level=DEBUG msg="Vytváranie študenta" name=Kyryl surname=Tkachenko "registration number"=123728
time=2026-05-18T16:18:39.828+02:00 level=DEBUG msg="Hľadanie študenta" "registration number"=1075728 "exam ID"=13
time=2026-05-18T16:18:39.828+02:00 level=DEBUG msg="Študent nebol nájdený" "student registration number"=1075728 exam_id=13
time=2026-05-18T16:18:39.828+02:00 level=DEBUG msg="Vytváranie študenta" name=Daniel surname=Tlučko "registration number"=1075728
time=2026-05-18T16:18:39.837+02:00 level=DEBUG msg="Hľadanie študenta" "registration number"=337728 "exam ID"=13
time=2026-05-18T16:18:39.837+02:00 level=DEBUG msg="Študent nebol nájdený" "student registration number"=337728 exam_id=13
time=2026-05-18T16:18:39.837+02:00 level=DEBUG msg="Vytváranie študenta" name=Artur surname=Toba "registration number"=337728
time=2026-05-18T16:18:39.846+02:00 level=DEBUG msg="Hľadanie študenta" "registration number"=1138728 "exam ID"=13
time=2026-05-18T16:18:39.846+02:00 level=DEBUG msg="Študent nebol nájdený" "student registration number"=1138728 exam_id=13
time=2026-05-18T16:18:39.846+02:00 level=DEBUG msg="Vytváranie študenta" name=Mykola surname=Todorov "registration number"=1138728
time=2026-05-18T16:18:39.856+02:00 level=DEBUG msg="Hľadanie študenta" "registration number"=734728 "exam ID"=13
time=2026-05-18T16:18:39.856+02:00 level=DEBUG msg="Študent nebol nájdený" "student registration number"=734728 exam_id=13
time=2026-05-18T16:18:39.856+02:00 level=DEBUG msg="Vytváranie študenta" name=Tomáš surname=Topalov "registration number"=734728
time=2026-05-18T16:18:39.866+02:00 level=DEBUG msg="Hľadanie študenta" "registration number"=1076728 "exam ID"=13
time=2026-05-18T16:18:39.866+02:00 level=DEBUG msg="Študent nebol nájdený" "student registration number"=1076728 exam_id=13
time=2026-05-18T16:18:39.866+02:00 level=DEBUG msg="Vytváranie študenta" name=Daniel surname=Tóth "registration number"=1076728
time=2026-05-18T16:18:39.876+02:00 level=DEBUG msg="Hľadanie študenta" "registration number"=1279728 "exam ID"=13
time=2026-05-18T16:18:39.876+02:00 level=DEBUG msg="Študent nebol nájdený" "student registration number"=1279728 exam_id=13
time=2026-05-18T16:18:39.876+02:00 level=DEBUG msg="Vytváranie študenta" name=Gabriela surname=Tovarňáková "registration number"=1279728
time=2026-05-18T16:18:39.887+02:00 level=DEBUG msg="Hľadanie študenta" "registration number"=338728 "exam ID"=13
time=2026-05-18T16:18:39.888+02:00 level=DEBUG msg="Študent nebol nájdený" "student registration number"=338728 exam_id=13
time=2026-05-18T16:18:39.888+02:00 level=DEBUG msg="Vytváranie študenta" name="Max Jozef" surname=Trizma "registration number"=338728
time=2026-05-18T16:18:39.898+02:00 level=DEBUG msg="Hľadanie študenta" "registration number"=339728 "exam ID"=13
time=2026-05-18T16:18:39.898+02:00 level=DEBUG msg="Študent nebol nájdený" "student registration number"=339728 exam_id=13
time=2026-05-18T16:18:39.898+02:00 level=DEBUG msg="Vytváranie študenta" name=Alexander surname=Trnavský "registration number"=339728
time=2026-05-18T16:18:39.911+02:00 level=DEBUG msg="Hľadanie študenta" "registration number"=354728 "exam ID"=13
time=2026-05-18T16:18:39.911+02:00 level=DEBUG msg="Študent nebol nájdený" "student registration number"=354728 exam_id=13
time=2026-05-18T16:18:39.911+02:00 level=DEBUG msg="Vytváranie študenta" name=Denys surname=Trubenok "registration number"=354728
time=2026-05-18T16:18:39.922+02:00 level=DEBUG msg="Hľadanie študenta" "registration number"=843728 "exam ID"=13
time=2026-05-18T16:18:39.922+02:00 level=DEBUG msg="Študent nebol nájdený" "student registration number"=843728 exam_id=13
time=2026-05-18T16:18:39.922+02:00 level=DEBUG msg="Vytváranie študenta" name=Daniil surname=Tsurkan "registration number"=843728
time=2026-05-18T16:18:39.933+02:00 level=DEBUG msg="Hľadanie študenta" "registration number"=735728 "exam ID"=13
time=2026-05-18T16:18:39.934+02:00 level=DEBUG msg="Študent nebol nájdený" "student registration number"=735728 exam_id=13
time=2026-05-18T16:18:39.934+02:00 level=DEBUG msg="Vytváranie študenta" name=Timotej surname=Tupý "registration number"=735728
time=2026-05-18T16:18:39.944+02:00 level=DEBUG msg="Hľadanie študenta" "registration number"=247728 "exam ID"=13
time=2026-05-18T16:18:39.946+02:00 level=DEBUG msg="Študent nebol nájdený" "student registration number"=247728 exam_id=13
time=2026-05-18T16:18:39.946+02:00 level=DEBUG msg="Vytváranie študenta" name=Marek surname=Turňa "registration number"=247728
time=2026-05-18T16:18:39.957+02:00 level=DEBUG msg="Hľadanie študenta" "registration number"=124728 "exam ID"=13
time=2026-05-18T16:18:39.957+02:00 level=DEBUG msg="Študent nebol nájdený" "student registration number"=124728 exam_id=13
time=2026-05-18T16:18:39.957+02:00 level=DEBUG msg="Vytváranie študenta" name=Denys surname=Tyshchenko "registration number"=124728
time=2026-05-18T16:18:39.967+02:00 level=DEBUG msg="Hľadanie študenta" "registration number"=1002728 "exam ID"=13
time=2026-05-18T16:18:39.967+02:00 level=DEBUG msg="Študent nebol nájdený" "student registration number"=1002728 exam_id=13
time=2026-05-18T16:18:39.967+02:00 level=DEBUG msg="Vytváranie študenta" name=Michal surname=Urban "registration number"=1002728
time=2026-05-18T16:18:39.980+02:00 level=DEBUG msg="Hľadanie študenta" "registration number"=486728 "exam ID"=13
time=2026-05-18T16:18:39.981+02:00 level=DEBUG msg="Študent nebol nájdený" "student registration number"=486728 exam_id=13
time=2026-05-18T16:18:39.981+02:00 level=DEBUG msg="Vytváranie študenta" name=Timotej surname=Urban "registration number"=486728
time=2026-05-18T16:18:39.991+02:00 level=DEBUG msg="Hľadanie študenta" "registration number"=736728 "exam ID"=13
time=2026-05-18T16:18:39.991+02:00 level=DEBUG msg="Študent nebol nájdený" "student registration number"=736728 exam_id=13
time=2026-05-18T16:18:39.991+02:00 level=DEBUG msg="Vytváranie študenta" name=Viktor surname=Vacho "registration number"=736728
time=2026-05-18T16:18:40.003+02:00 level=DEBUG msg="Hľadanie študenta" "registration number"=202728 "exam ID"=13
time=2026-05-18T16:18:40.006+02:00 level=DEBUG msg="Študent nebol nájdený" "student registration number"=202728 exam_id=13
time=2026-05-18T16:18:40.006+02:00 level=DEBUG msg="Vytváranie študenta" name=Tomáš surname=Vajda "registration number"=202728
time=2026-05-18T16:18:40.019+02:00 level=DEBUG msg="Hľadanie študenta" "registration number"=1140728 "exam ID"=13
time=2026-05-18T16:18:40.020+02:00 level=DEBUG msg="Študent nebol nájdený" "student registration number"=1140728 exam_id=13
time=2026-05-18T16:18:40.020+02:00 level=DEBUG msg="Vytváranie študenta" name=Michal surname=Valo "registration number"=1140728
time=2026-05-18T16:18:40.033+02:00 level=DEBUG msg="Hľadanie študenta" "registration number"=1139728 "exam ID"=13
time=2026-05-18T16:18:40.033+02:00 level=DEBUG msg="Študent nebol nájdený" "student registration number"=1139728 exam_id=13
time=2026-05-18T16:18:40.033+02:00 level=DEBUG msg="Vytváranie študenta" name=David surname=Valocsay "registration number"=1139728
time=2026-05-18T16:18:40.046+02:00 level=DEBUG msg="Hľadanie študenta" "registration number"=355728 "exam ID"=13
time=2026-05-18T16:18:40.047+02:00 level=DEBUG msg="Študent nebol nájdený" "student registration number"=355728 exam_id=13
time=2026-05-18T16:18:40.047+02:00 level=DEBUG msg="Vytváranie študenta" name=Šimon surname=Vančík "registration number"=355728
time=2026-05-18T16:18:40.064+02:00 level=DEBUG msg="Hľadanie študenta" "registration number"=597728 "exam ID"=13
time=2026-05-18T16:18:40.064+02:00 level=DEBUG msg="Študent nebol nájdený" "student registration number"=597728 exam_id=13
time=2026-05-18T16:18:40.064+02:00 level=DEBUG msg="Vytváranie študenta" name="Eva Mária" surname=Váradyová "registration number"=597728
time=2026-05-18T16:18:40.078+02:00 level=DEBUG msg="Hľadanie študenta" "registration number"=844728 "exam ID"=13
time=2026-05-18T16:18:40.079+02:00 level=DEBUG msg="Študent nebol nájdený" "student registration number"=844728 exam_id=13
time=2026-05-18T16:18:40.079+02:00 level=DEBUG msg="Vytváranie študenta" name=Peter surname=Varecha "registration number"=844728
time=2026-05-18T16:18:40.090+02:00 level=DEBUG msg="Hľadanie študenta" "registration number"=340728 "exam ID"=13
time=2026-05-18T16:18:40.090+02:00 level=DEBUG msg="Študent nebol nájdený" "student registration number"=340728 exam_id=13
time=2026-05-18T16:18:40.090+02:00 level=DEBUG msg="Vytváranie študenta" name=Ján surname=Varga "registration number"=340728
time=2026-05-18T16:18:40.105+02:00 level=DEBUG msg="Hľadanie študenta" "registration number"=125728 "exam ID"=13
time=2026-05-18T16:18:40.105+02:00 level=DEBUG msg="Študent nebol nájdený" "student registration number"=125728 exam_id=13
time=2026-05-18T16:18:40.105+02:00 level=DEBUG msg="Vytváranie študenta" name=Jana surname=Varcholová "registration number"=125728
time=2026-05-18T16:18:40.120+02:00 level=DEBUG msg="Hľadanie študenta" "registration number"=248728 "exam ID"=13
time=2026-05-18T16:18:40.120+02:00 level=DEBUG msg="Študent nebol nájdený" "student registration number"=248728 exam_id=13
time=2026-05-18T16:18:40.120+02:00 level=DEBUG msg="Vytváranie študenta" name=Sandra surname=Varivová "registration number"=248728
time=2026-05-18T16:18:40.134+02:00 level=DEBUG msg="Hľadanie študenta" "registration number"=424728 "exam ID"=13
time=2026-05-18T16:18:40.137+02:00 level=DEBUG msg="Študent nebol nájdený" "student registration number"=424728 exam_id=13
time=2026-05-18T16:18:40.137+02:00 level=DEBUG msg="Vytváranie študenta" name=Vojtech surname=Váry "registration number"=424728
time=2026-05-18T16:18:40.150+02:00 level=DEBUG msg="Hľadanie študenta" "registration number"=1077728 "exam ID"=13
time=2026-05-18T16:18:40.150+02:00 level=DEBUG msg="Študent nebol nájdený" "student registration number"=1077728 exam_id=13
time=2026-05-18T16:18:40.150+02:00 level=DEBUG msg="Vytváranie študenta" name=Mark surname=Vash "registration number"=1077728
time=2026-05-18T16:18:40.161+02:00 level=DEBUG msg="Hľadanie študenta" "registration number"=487728 "exam ID"=13
time=2026-05-18T16:18:40.162+02:00 level=DEBUG msg="Študent nebol nájdený" "student registration number"=487728 exam_id=13
time=2026-05-18T16:18:40.162+02:00 level=DEBUG msg="Vytváranie študenta" name=Semen surname=Vasilchenko "registration number"=487728
time=2026-05-18T16:18:40.173+02:00 level=DEBUG msg="Hľadanie študenta" "registration number"=762728 "exam ID"=13
time=2026-05-18T16:18:40.173+02:00 level=DEBUG msg="Študent nebol nájdený" "student registration number"=762728 exam_id=13
time=2026-05-18T16:18:40.173+02:00 level=DEBUG msg="Vytváranie študenta" name=Tomáš surname=Vaštík "registration number"=762728
time=2026-05-18T16:18:40.183+02:00 level=DEBUG msg="Hľadanie študenta" "registration number"=737728 "exam ID"=13
time=2026-05-18T16:18:40.183+02:00 level=DEBUG msg="Študent nebol nájdený" "student registration number"=737728 exam_id=13
time=2026-05-18T16:18:40.183+02:00 level=DEBUG msg="Vytváranie študenta" name=Emil surname=Vavriňák "registration number"=737728
time=2026-05-18T16:18:40.192+02:00 level=DEBUG msg="Hľadanie študenta" "registration number"=488728 "exam ID"=13
time=2026-05-18T16:18:40.193+02:00 level=DEBUG msg="Študent nebol nájdený" "student registration number"=488728 exam_id=13
time=2026-05-18T16:18:40.193+02:00 level=DEBUG msg="Vytváranie študenta" name=Michaela surname=Vavrová "registration number"=488728
time=2026-05-18T16:18:40.204+02:00 level=DEBUG msg="Hľadanie študenta" "registration number"=739728 "exam ID"=13
time=2026-05-18T16:18:40.205+02:00 level=DEBUG msg="Študent nebol nájdený" "student registration number"=739728 exam_id=13
time=2026-05-18T16:18:40.205+02:00 level=DEBUG msg="Vytváranie študenta" name=Benjamín surname=Veňarský "registration number"=739728
time=2026-05-18T16:18:40.251+02:00 level=DEBUG msg="Hľadanie študenta" "registration number"=173728 "exam ID"=13
time=2026-05-18T16:18:40.251+02:00 level=DEBUG msg="Študent nebol nájdený" "student registration number"=173728 exam_id=13
time=2026-05-18T16:18:40.251+02:00 level=DEBUG msg="Vytváranie študenta" name=Danijel surname=Venjarski "registration number"=173728
time=2026-05-18T16:18:40.262+02:00 level=DEBUG msg="Hľadanie študenta" "registration number"=216728 "exam ID"=13
time=2026-05-18T16:18:40.263+02:00 level=DEBUG msg="Študent nebol nájdený" "student registration number"=216728 exam_id=13
time=2026-05-18T16:18:40.263+02:00 level=DEBUG msg="Vytváranie študenta" name=Filip surname=Vereš "registration number"=216728
time=2026-05-18T16:18:40.272+02:00 level=DEBUG msg="Hľadanie študenta" "registration number"=489728 "exam ID"=13
time=2026-05-18T16:18:40.272+02:00 level=DEBUG msg="Študent nebol nájdený" "student registration number"=489728 exam_id=13
time=2026-05-18T16:18:40.272+02:00 level=DEBUG msg="Vytváranie študenta" name=Marek surname=Veselý "registration number"=489728
time=2026-05-18T16:18:40.280+02:00 level=DEBUG msg="Hľadanie študenta" "registration number"=490728 "exam ID"=13
time=2026-05-18T16:18:40.281+02:00 level=DEBUG msg="Študent nebol nájdený" "student registration number"=490728 exam_id=13
time=2026-05-18T16:18:40.281+02:00 level=DEBUG msg="Vytváranie študenta" name=Nina surname=Vidová "registration number"=490728
time=2026-05-18T16:18:40.289+02:00 level=DEBUG msg="Hľadanie študenta" "registration number"=1280728 "exam ID"=13
time=2026-05-18T16:18:40.290+02:00 level=DEBUG msg="Študent nebol nájdený" "student registration number"=1280728 exam_id=13
time=2026-05-18T16:18:40.290+02:00 level=DEBUG msg="Vytváranie študenta" name=Jakub surname=Vigoda "registration number"=1280728
time=2026-05-18T16:18:40.299+02:00 level=DEBUG msg="Hľadanie študenta" "registration number"=1282728 "exam ID"=13
time=2026-05-18T16:18:40.299+02:00 level=DEBUG msg="Študent nebol nájdený" "student registration number"=1282728 exam_id=13
time=2026-05-18T16:18:40.299+02:00 level=DEBUG msg="Vytváranie študenta" name=Simon surname=Vita "registration number"=1282728
time=2026-05-18T16:18:40.307+02:00 level=DEBUG msg="Hľadanie študenta" "registration number"=126728 "exam ID"=13
time=2026-05-18T16:18:40.308+02:00 level=DEBUG msg="Študent nebol nájdený" "student registration number"=126728 exam_id=13
time=2026-05-18T16:18:40.308+02:00 level=DEBUG msg="Vytváranie študenta" name=Patrik surname=Vivodík "registration number"=126728
time=2026-05-18T16:18:40.316+02:00 level=DEBUG msg="Hľadanie študenta" "registration number"=740728 "exam ID"=13
time=2026-05-18T16:18:40.317+02:00 level=DEBUG msg="Študent nebol nájdený" "student registration number"=740728 exam_id=13
time=2026-05-18T16:18:40.317+02:00 level=DEBUG msg="Vytváranie študenta" name=Anastasiia surname=Vozniuk "registration number"=740728
time=2026-05-18T16:18:40.327+02:00 level=DEBUG msg="Hľadanie študenta" "registration number"=127728 "exam ID"=13
time=2026-05-18T16:18:40.327+02:00 level=DEBUG msg="Študent nebol nájdený" "student registration number"=127728 exam_id=13
time=2026-05-18T16:18:40.327+02:00 level=DEBUG msg="Vytváranie študenta" name=Alex surname=Vyšný "registration number"=127728
time=2026-05-18T16:18:40.337+02:00 level=DEBUG msg="Hľadanie študenta" "registration number"=1078728 "exam ID"=13
time=2026-05-18T16:18:40.337+02:00 level=DEBUG msg="Študent nebol nájdený" "student registration number"=1078728 exam_id=13
time=2026-05-18T16:18:40.337+02:00 level=DEBUG msg="Vytváranie študenta" name=Dáša surname=Wágnerová "registration number"=1078728
time=2026-05-18T16:18:40.346+02:00 level=DEBUG msg="Hľadanie študenta" "registration number"=174728 "exam ID"=13
time=2026-05-18T16:18:40.347+02:00 level=DEBUG msg="Študent nebol nájdený" "student registration number"=174728 exam_id=13
time=2026-05-18T16:18:40.347+02:00 level=DEBUG msg="Vytváranie študenta" name=Danylo surname=Yakovenko "registration number"=174728
time=2026-05-18T16:18:40.355+02:00 level=DEBUG msg="Hľadanie študenta" "registration number"=846728 "exam ID"=13
time=2026-05-18T16:18:40.355+02:00 level=DEBUG msg="Študent nebol nájdený" "student registration number"=846728 exam_id=13
time=2026-05-18T16:18:40.355+02:00 level=DEBUG msg="Vytváranie študenta" name=Olga surname=Yashenkina "registration number"=846728
time=2026-05-18T16:18:40.364+02:00 level=DEBUG msg="Hľadanie študenta" "registration number"=1003728 "exam ID"=13
time=2026-05-18T16:18:40.364+02:00 level=DEBUG msg="Študent nebol nájdený" "student registration number"=1003728 exam_id=13
time=2026-05-18T16:18:40.364+02:00 level=DEBUG msg="Vytváranie študenta" name=Tymur surname=Yukhnovets "registration number"=1003728
time=2026-05-18T16:18:40.372+02:00 level=DEBUG msg="Hľadanie študenta" "registration number"=175728 "exam ID"=13
time=2026-05-18T16:18:40.373+02:00 level=DEBUG msg="Študent nebol nájdený" "student registration number"=175728 exam_id=13
time=2026-05-18T16:18:40.373+02:00 level=DEBUG msg="Vytváranie študenta" name=Vladyslav surname=Zadyrko "registration number"=175728
time=2026-05-18T16:18:40.382+02:00 level=DEBUG msg="Hľadanie študenta" "registration number"=1141728 "exam ID"=13
time=2026-05-18T16:18:40.382+02:00 level=DEBUG msg="Študent nebol nájdený" "student registration number"=1141728 exam_id=13
time=2026-05-18T16:18:40.382+02:00 level=DEBUG msg="Vytváranie študenta" name=Pavol surname=Zagrapan "registration number"=1141728
time=2026-05-18T16:18:40.390+02:00 level=DEBUG msg="Hľadanie študenta" "registration number"=524728 "exam ID"=13
time=2026-05-18T16:18:40.391+02:00 level=DEBUG msg="Študent nebol nájdený" "student registration number"=524728 exam_id=13
time=2026-05-18T16:18:40.391+02:00 level=DEBUG msg="Vytváranie študenta" name=Peter surname=Záhora "registration number"=524728
time=2026-05-18T16:18:40.402+02:00 level=DEBUG msg="Hľadanie študenta" "registration number"=525728 "exam ID"=13
time=2026-05-18T16:18:40.403+02:00 level=DEBUG msg="Študent nebol nájdený" "student registration number"=525728 exam_id=13
time=2026-05-18T16:18:40.403+02:00 level=DEBUG msg="Vytváranie študenta" name=Peter surname=Záhora "registration number"=525728
time=2026-05-18T16:18:40.413+02:00 level=DEBUG msg="Hľadanie študenta" "registration number"=129728 "exam ID"=13
time=2026-05-18T16:18:40.413+02:00 level=DEBUG msg="Študent nebol nájdený" "student registration number"=129728 exam_id=13
time=2026-05-18T16:18:40.413+02:00 level=DEBUG msg="Vytváranie študenta" name=Oleksii surname=Zaitsev "registration number"=129728
time=2026-05-18T16:18:40.424+02:00 level=DEBUG msg="Hľadanie študenta" "registration number"=741728 "exam ID"=13
time=2026-05-18T16:18:40.424+02:00 level=DEBUG msg="Študent nebol nájdený" "student registration number"=741728 exam_id=13
time=2026-05-18T16:18:40.424+02:00 level=DEBUG msg="Vytváranie študenta" name=Tymofii surname=Zakharov "registration number"=741728
time=2026-05-18T16:18:40.435+02:00 level=DEBUG msg="Hľadanie študenta" "registration number"=598728 "exam ID"=13
time=2026-05-18T16:18:40.436+02:00 level=DEBUG msg="Študent nebol nájdený" "student registration number"=598728 exam_id=13
time=2026-05-18T16:18:40.436+02:00 level=DEBUG msg="Vytváranie študenta" name=Fedor surname=Zaplatin "registration number"=598728
time=2026-05-18T16:18:40.450+02:00 level=DEBUG msg="Hľadanie študenta" "registration number"=130728 "exam ID"=13
time=2026-05-18T16:18:40.450+02:00 level=DEBUG msg="Študent nebol nájdený" "student registration number"=130728 exam_id=13
time=2026-05-18T16:18:40.450+02:00 level=DEBUG msg="Vytváranie študenta" name=Matúš surname=Zaťko "registration number"=130728
time=2026-05-18T16:18:40.461+02:00 level=DEBUG msg="Hľadanie študenta" "registration number"=436728 "exam ID"=13
time=2026-05-18T16:18:40.461+02:00 level=DEBUG msg="Študent nebol nájdený" "student registration number"=436728 exam_id=13
time=2026-05-18T16:18:40.461+02:00 level=DEBUG msg="Vytváranie študenta" name=Leonid surname=Zavhorodnii "registration number"=436728
time=2026-05-18T16:18:40.472+02:00 level=DEBUG msg="Hľadanie študenta" "registration number"=847728 "exam ID"=13
time=2026-05-18T16:18:40.472+02:00 level=DEBUG msg="Študent nebol nájdený" "student registration number"=847728 exam_id=13
time=2026-05-18T16:18:40.472+02:00 level=DEBUG msg="Vytváranie študenta" name="Jakub Benjamín" surname=Zeleňák "registration number"=847728
time=2026-05-18T16:18:40.481+02:00 level=DEBUG msg="Hľadanie študenta" "registration number"=176728 "exam ID"=13
time=2026-05-18T16:18:40.481+02:00 level=DEBUG msg="Študent nebol nájdený" "student registration number"=176728 exam_id=13
time=2026-05-18T16:18:40.481+02:00 level=DEBUG msg="Vytváranie študenta" name=Natália surname=Zimová "registration number"=176728
time=2026-05-18T16:18:40.492+02:00 level=DEBUG msg="Hľadanie študenta" "registration number"=599728 "exam ID"=13
time=2026-05-18T16:18:40.492+02:00 level=DEBUG msg="Študent nebol nájdený" "student registration number"=599728 exam_id=13
time=2026-05-18T16:18:40.492+02:00 level=DEBUG msg="Vytváranie študenta" name=Roman surname=Zinenko "registration number"=599728
time=2026-05-18T16:18:40.503+02:00 level=DEBUG msg="Hľadanie študenta" "registration number"=132728 "exam ID"=13
time=2026-05-18T16:18:40.503+02:00 level=DEBUG msg="Študent nebol nájdený" "student registration number"=132728 exam_id=13
time=2026-05-18T16:18:40.503+02:00 level=DEBUG msg="Vytváranie študenta" name=Viktória surname=Zsírosová "registration number"=132728
time=2026-05-18T16:18:40.515+02:00 level=DEBUG msg="Hľadanie študenta" "registration number"=1143728 "exam ID"=13
time=2026-05-18T16:18:40.515+02:00 level=DEBUG msg="Študent nebol nájdený" "student registration number"=1143728 exam_id=13
time=2026-05-18T16:18:40.515+02:00 level=DEBUG msg="Vytváranie študenta" name="Timotej Philip" surname=Zumrík "registration number"=1143728
time=2026-05-18T16:18:40.526+02:00 level=DEBUG msg="Hľadanie študenta" "registration number"=600728 "exam ID"=13
time=2026-05-18T16:18:40.526+02:00 level=DEBUG msg="Študent nebol nájdený" "student registration number"=600728 exam_id=13
time=2026-05-18T16:18:40.526+02:00 level=DEBUG msg="Vytváranie študenta" name=Oliver surname=Zverko "registration number"=600728
time=2026-05-18T16:18:40.538+02:00 level=DEBUG msg="Hľadanie študenta" "registration number"=133728 "exam ID"=13
time=2026-05-18T16:18:40.538+02:00 level=DEBUG msg="Študent nebol nájdený" "student registration number"=133728 exam_id=13
time=2026-05-18T16:18:40.538+02:00 level=DEBUG msg="Vytváranie študenta" name=Peter surname=Želiezka "registration number"=133728
time=2026-05-18T16:18:40.549+02:00 level=DEBUG msg="Hľadanie študenta" "registration number"=177728 "exam ID"=13
time=2026-05-18T16:18:40.550+02:00 level=DEBUG msg="Študent nebol nájdený" "student registration number"=177728 exam_id=13
time=2026-05-18T16:18:40.550+02:00 level=DEBUG msg="Vytváranie študenta" name=Jakub surname=Žovinec "registration number"=177728
time=2026-05-18T16:18:40.561+02:00 level=INFO msg="Full CSV import dokončený" imported=595
time=2026-05-18T16:18:44.349+02:00 level=DEBUG msg="Hľadanie testu" "ID testu"=13
time=2026-05-18T16:18:44.349+02:00 level=DEBUG msg="Test bol nájdený" test=prij2 year=2025/26
time=2026-05-18T16:19:04.027+02:00 level=DEBUG msg="Pripájam sa k databáze..."
time=2026-05-18T16:19:04.027+02:00 level=DEBUG msg="Používam databázu" path=/home/vbox/Downloads/ScanEvalApp-WithCsv/database/scan-eval-db.db
time=2026-05-18T16:19:04.027+02:00 level=DEBUG msg="Spúšťam migrácie..."
time=2026-05-18T16:19:04.048+02:00 level=INFO msg="Migrácia databázy úspešne dokončená"
