time=2025-11-20T20:21:48.688+01:00 level=INFO msg=---------------------------------------------------
time=2025-11-20T20:21:48.690+01:00 level=INFO msg="Aplikácia spustená"
time=2025-11-20T20:21:48.690+01:00 level=INFO msg="Spúšťam migráciu databázy."
time=2025-11-20T20:21:48.690+01:00 level=DEBUG msg="Pripájam sa k databáze..."
time=2025-11-20T20:21:48.692+01:00 level=DEBUG msg="Spúšťam migrácie..."
time=2025-11-20T20:21:48.694+01:00 level=INFO msg="Migrácia databázy úspešne dokončená"
time=2025-11-20T20:21:48.694+01:00 level=INFO msg="Migrácia databázy dokončená."
time=2025-11-20T20:21:48.694+01:00 level=INFO msg="Spúšťam GUI."
time=2025-11-20T20:21:58.784+01:00 level=DEBUG msg="Current working directory" working_directory=/home/vbox/ScanEvalApp
time=2025-11-20T20:21:58.784+01:00 level=DEBUG msg="Starting PDF generation" exam_id=1
time=2025-11-20T20:21:58.784+01:00 level=DEBUG msg="Exam details loaded" exam_id=1 exam_title="Matematický test" option_count=5 question_count=40
time=2025-11-20T20:21:58.784+01:00 level=DEBUG msg="GetTemplatePath called" input_option_count=5
time=2025-11-20T20:21:58.784+01:00 level=DEBUG msg="Template path construction" template_file=template_5.tex base_path=./assets/latex/templates/ full_path=assets/latex/templates/template_5.tex
time=2025-11-20T20:21:58.784+01:00 level=DEBUG msg="GetTemplatePath result" absolute_path=/home/vbox/ScanEvalApp/assets/latex/templates/template_5.tex
time=2025-11-20T20:21:58.784+01:00 level=DEBUG msg="=== TEMPLATE PATH DEBUGGING ==="
time=2025-11-20T20:21:58.784+01:00 level=DEBUG msg="Template path result" template_path=/home/vbox/ScanEvalApp/assets/latex/templates/template_5.tex input_option_count=5
time=2025-11-20T20:21:58.784+01:00 level=INFO msg="=== TEMPLATE FILE FOUND ===" template_path=/home/vbox/ScanEvalApp/assets/latex/templates/template_5.tex file_size=3128 file_mod_time=2025-11-20T20:08:55.156+01:00
time=2025-11-20T20:21:58.784+01:00 level=INFO msg="Using template" template_path=/home/vbox/ScanEvalApp/assets/latex/templates/template_5.tex option_count=5
time=2025-11-20T20:21:58.784+01:00 level=DEBUG msg="Starting parallel PDF generation" option_count=5 template_path=/home/vbox/ScanEvalApp/assets/latex/templates/template_5.tex num_rooms=5
time=2025-11-20T20:21:58.784+01:00 level=INFO msg="Processing students in room" room=DE300
time=2025-11-20T20:21:58.785+01:00 level=DEBUG msg="Found students for room" room=DE300 num_students=11
time=2025-11-20T20:21:58.785+01:00 level=DEBUG msg="Reading template file for student" student_id=46 template_path=/home/vbox/ScanEvalApp/assets/latex/templates/template_5.tex
time=2025-11-20T20:21:58.785+01:00 level=DEBUG msg="Reading template file for student" student_id=16 template_path=/home/vbox/ScanEvalApp/assets/latex/templates/template_5.tex
time=2025-11-20T20:21:58.787+01:00 level=DEBUG msg="Successfully read template" student_id=16 template_size_bytes=3128
time=2025-11-20T20:21:58.787+01:00 level=DEBUG msg="Template replacement completed" student_id=16 original_template_size=3128 updated_latex_size=3105
time=2025-11-20T20:21:58.787+01:00 level=DEBUG msg="Generated LaTeX sample (first 200 chars):" student_id=16 sample="\\documentclass[12pt]{article}\n\\usepackage{tikz}\n\\usepackage{subfig}\n\\usepackage{graphicx}\n\\usepackage{xcolor}\n\\usepackage[margin=1.0in]{geometry}\n\\usepackage{fancyhdr}\n\\usepackage{pgf}\n\\usepackage{qrc"
time=2025-11-20T20:21:58.790+01:00 level=DEBUG msg="Reading template file for student" student_id=1 template_path=/home/vbox/ScanEvalApp/assets/latex/templates/template_5.tex
time=2025-11-20T20:21:58.790+01:00 level=DEBUG msg="Successfully read template" student_id=1 template_size_bytes=3128
time=2025-11-20T20:21:58.790+01:00 level=DEBUG msg="Template replacement completed" student_id=1 original_template_size=3128 updated_latex_size=3101
time=2025-11-20T20:21:58.790+01:00 level=DEBUG msg="Generated LaTeX sample (first 200 chars):" student_id=1 sample="\\documentclass[12pt]{article}\n\\usepackage{tikz}\n\\usepackage{subfig}\n\\usepackage{graphicx}\n\\usepackage{xcolor}\n\\usepackage[margin=1.0in]{geometry}\n\\usepackage{fancyhdr}\n\\usepackage{pgf}\n\\usepackage{qrc"
time=2025-11-20T20:21:58.790+01:00 level=DEBUG msg="Successfully read template" student_id=46 template_size_bytes=3128
time=2025-11-20T20:21:58.790+01:00 level=DEBUG msg="Template replacement completed" student_id=46 original_template_size=3128 updated_latex_size=3106
time=2025-11-20T20:21:58.790+01:00 level=DEBUG msg="Generated LaTeX sample (first 200 chars):" student_id=46 sample="\\documentclass[12pt]{article}\n\\usepackage{tikz}\n\\usepackage{subfig}\n\\usepackage{graphicx}\n\\usepackage{xcolor}\n\\usepackage[margin=1.0in]{geometry}\n\\usepackage{fancyhdr}\n\\usepackage{pgf}\n\\usepackage{qrc"
time=2025-11-20T20:21:58.798+01:00 level=DEBUG msg="Reading template file for student" student_id=25 template_path=/home/vbox/ScanEvalApp/assets/latex/templates/template_5.tex
time=2025-11-20T20:21:58.798+01:00 level=DEBUG msg="Successfully read template" student_id=25 template_size_bytes=3128
time=2025-11-20T20:21:58.799+01:00 level=DEBUG msg="Template replacement completed" student_id=25 original_template_size=3128 updated_latex_size=3113
time=2025-11-20T20:21:58.799+01:00 level=DEBUG msg="Generated LaTeX sample (first 200 chars):" student_id=25 sample="\\documentclass[12pt]{article}\n\\usepackage{tikz}\n\\usepackage{subfig}\n\\usepackage{graphicx}\n\\usepackage{xcolor}\n\\usepackage[margin=1.0in]{geometry}\n\\usepackage{fancyhdr}\n\\usepackage{pgf}\n\\usepackage{qrc"
time=2025-11-20T20:21:58.799+01:00 level=DEBUG msg="Reading template file for student" student_id=28 template_path=/home/vbox/ScanEvalApp/assets/latex/templates/template_5.tex
time=2025-11-20T20:21:58.799+01:00 level=DEBUG msg="Successfully read template" student_id=28 template_size_bytes=3128
time=2025-11-20T20:21:58.799+01:00 level=DEBUG msg="Template replacement completed" student_id=28 original_template_size=3128 updated_latex_size=3104
time=2025-11-20T20:21:58.799+01:00 level=DEBUG msg="Generated LaTeX sample (first 200 chars):" student_id=28 sample="\\documentclass[12pt]{article}\n\\usepackage{tikz}\n\\usepackage{subfig}\n\\usepackage{graphicx}\n\\usepackage{xcolor}\n\\usepackage[margin=1.0in]{geometry}\n\\usepackage{fancyhdr}\n\\usepackage{pgf}\n\\usepackage{qrc"
time=2025-11-20T20:21:58.801+01:00 level=DEBUG msg="Reading template file for student" student_id=6 template_path=/home/vbox/ScanEvalApp/assets/latex/templates/template_5.tex
time=2025-11-20T20:21:58.802+01:00 level=DEBUG msg="Successfully read template" student_id=6 template_size_bytes=3128
time=2025-11-20T20:21:58.802+01:00 level=DEBUG msg="Template replacement completed" student_id=6 original_template_size=3128 updated_latex_size=3113
time=2025-11-20T20:21:58.802+01:00 level=DEBUG msg="Generated LaTeX sample (first 200 chars):" student_id=6 sample="\\documentclass[12pt]{article}\n\\usepackage{tikz}\n\\usepackage{subfig}\n\\usepackage{graphicx}\n\\usepackage{xcolor}\n\\usepackage[margin=1.0in]{geometry}\n\\usepackage{fancyhdr}\n\\usepackage{pgf}\n\\usepackage{qrc"
time=2025-11-20T20:21:58.802+01:00 level=INFO msg="LaTeX file created" file_path=./assets/tmp/2550819532.tex
time=2025-11-20T20:21:58.802+01:00 level=DEBUG msg="LaTeX content saved for debugging" debug_file=assets/tmp/latex_output805848279/debug_latex.tex
time=2025-11-20T20:21:58.802+01:00 level=DEBUG msg="Running pdflatex command" command="/usr/bin/pdflatex -interaction=nonstopmode -halt-on-error -output-directory ./assets/tmp/latex_output805848279 ./assets/tmp/2550819532.tex"
time=2025-11-20T20:21:58.802+01:00 level=DEBUG msg="Reading template file for student" student_id=34 template_path=/home/vbox/ScanEvalApp/assets/latex/templates/template_5.tex
time=2025-11-20T20:21:58.802+01:00 level=DEBUG msg="Successfully read template" student_id=34 template_size_bytes=3128
time=2025-11-20T20:21:58.803+01:00 level=INFO msg="LaTeX file created" file_path=./assets/tmp/294674327.tex
time=2025-11-20T20:21:58.803+01:00 level=DEBUG msg="Template replacement completed" student_id=34 original_template_size=3128 updated_latex_size=3106
time=2025-11-20T20:21:58.803+01:00 level=DEBUG msg="Generated LaTeX sample (first 200 chars):" student_id=34 sample="\\documentclass[12pt]{article}\n\\usepackage{tikz}\n\\usepackage{subfig}\n\\usepackage{graphicx}\n\\usepackage{xcolor}\n\\usepackage[margin=1.0in]{geometry}\n\\usepackage{fancyhdr}\n\\usepackage{pgf}\n\\usepackage{qrc"
time=2025-11-20T20:21:58.803+01:00 level=DEBUG msg="LaTeX content saved for debugging" debug_file=assets/tmp/latex_output2538635581/debug_latex.tex
time=2025-11-20T20:21:58.803+01:00 level=DEBUG msg="Running pdflatex command" command="/usr/bin/pdflatex -interaction=nonstopmode -halt-on-error -output-directory ./assets/tmp/latex_output2538635581 ./assets/tmp/294674327.tex"
time=2025-11-20T20:21:58.803+01:00 level=INFO msg="LaTeX file created" file_path=./assets/tmp/689808674.tex
time=2025-11-20T20:21:58.803+01:00 level=DEBUG msg="LaTeX content saved for debugging" debug_file=assets/tmp/latex_output1973825984/debug_latex.tex
time=2025-11-20T20:21:58.803+01:00 level=DEBUG msg="Running pdflatex command" command="/usr/bin/pdflatex -interaction=nonstopmode -halt-on-error -output-directory ./assets/tmp/latex_output1973825984 ./assets/tmp/689808674.tex"
time=2025-11-20T20:21:58.804+01:00 level=INFO msg="LaTeX file created" file_path=./assets/tmp/1469967173.tex
time=2025-11-20T20:21:58.804+01:00 level=DEBUG msg="LaTeX content saved for debugging" debug_file=assets/tmp/latex_output1775684105/debug_latex.tex
time=2025-11-20T20:21:58.806+01:00 level=DEBUG msg="Running pdflatex command" command="/usr/bin/pdflatex -interaction=nonstopmode -halt-on-error -output-directory ./assets/tmp/latex_output1775684105 ./assets/tmp/1469967173.tex"
time=2025-11-20T20:21:58.807+01:00 level=INFO msg="LaTeX file created" file_path=./assets/tmp/3011847296.tex
time=2025-11-20T20:21:58.807+01:00 level=DEBUG msg="LaTeX content saved for debugging" debug_file=assets/tmp/latex_output1563137121/debug_latex.tex
time=2025-11-20T20:21:58.807+01:00 level=DEBUG msg="Running pdflatex command" command="/usr/bin/pdflatex -interaction=nonstopmode -halt-on-error -output-directory ./assets/tmp/latex_output1563137121 ./assets/tmp/3011847296.tex"
time=2025-11-20T20:21:58.807+01:00 level=INFO msg="LaTeX file created" file_path=./assets/tmp/3115621266.tex
time=2025-11-20T20:21:58.807+01:00 level=DEBUG msg="LaTeX content saved for debugging" debug_file=assets/tmp/latex_output4261331795/debug_latex.tex
time=2025-11-20T20:21:58.807+01:00 level=DEBUG msg="Running pdflatex command" command="/usr/bin/pdflatex -interaction=nonstopmode -halt-on-error -output-directory ./assets/tmp/latex_output4261331795 ./assets/tmp/3115621266.tex"
time=2025-11-20T20:21:58.805+01:00 level=DEBUG msg="Reading template file for student" student_id=14 template_path=/home/vbox/ScanEvalApp/assets/latex/templates/template_5.tex
time=2025-11-20T20:21:58.819+01:00 level=DEBUG msg="Successfully read template" student_id=14 template_size_bytes=3128
time=2025-11-20T20:21:58.819+01:00 level=DEBUG msg="Template replacement completed" student_id=14 original_template_size=3128 updated_latex_size=3104
time=2025-11-20T20:21:58.819+01:00 level=DEBUG msg="Generated LaTeX sample (first 200 chars):" student_id=14 sample="\\documentclass[12pt]{article}\n\\usepackage{tikz}\n\\usepackage{subfig}\n\\usepackage{graphicx}\n\\usepackage{xcolor}\n\\usepackage[margin=1.0in]{geometry}\n\\usepackage{fancyhdr}\n\\usepackage{pgf}\n\\usepackage{qrc"
time=2025-11-20T20:21:58.805+01:00 level=DEBUG msg="Reading template file for student" student_id=15 template_path=/home/vbox/ScanEvalApp/assets/latex/templates/template_5.tex
time=2025-11-20T20:21:58.805+01:00 level=DEBUG msg="Reading template file for student" student_id=37 template_path=/home/vbox/ScanEvalApp/assets/latex/templates/template_5.tex
time=2025-11-20T20:21:58.819+01:00 level=DEBUG msg="Successfully read template" student_id=15 template_size_bytes=3128
time=2025-11-20T20:21:58.819+01:00 level=INFO msg="LaTeX file created" file_path=./assets/tmp/2063331752.tex
time=2025-11-20T20:21:58.819+01:00 level=DEBUG msg="LaTeX content saved for debugging" debug_file=assets/tmp/latex_output83950984/debug_latex.tex
time=2025-11-20T20:21:58.819+01:00 level=DEBUG msg="Template replacement completed" student_id=15 original_template_size=3128 updated_latex_size=3104
time=2025-11-20T20:21:58.819+01:00 level=DEBUG msg="Generated LaTeX sample (first 200 chars):" student_id=15 sample="\\documentclass[12pt]{article}\n\\usepackage{tikz}\n\\usepackage{subfig}\n\\usepackage{graphicx}\n\\usepackage{xcolor}\n\\usepackage[margin=1.0in]{geometry}\n\\usepackage{fancyhdr}\n\\usepackage{pgf}\n\\usepackage{qrc"
time=2025-11-20T20:21:58.819+01:00 level=DEBUG msg="Running pdflatex command" command="/usr/bin/pdflatex -interaction=nonstopmode -halt-on-error -output-directory ./assets/tmp/latex_output83950984 ./assets/tmp/2063331752.tex"
time=2025-11-20T20:21:58.819+01:00 level=INFO msg="LaTeX file created" file_path=./assets/tmp/407397878.tex
time=2025-11-20T20:21:58.819+01:00 level=DEBUG msg="LaTeX content saved for debugging" debug_file=assets/tmp/latex_output2089610952/debug_latex.tex
time=2025-11-20T20:21:58.819+01:00 level=DEBUG msg="Running pdflatex command" command="/usr/bin/pdflatex -interaction=nonstopmode -halt-on-error -output-directory ./assets/tmp/latex_output2089610952 ./assets/tmp/407397878.tex"
time=2025-11-20T20:21:58.805+01:00 level=DEBUG msg="Reading template file for student" student_id=39 template_path=/home/vbox/ScanEvalApp/assets/latex/templates/template_5.tex
time=2025-11-20T20:21:58.820+01:00 level=DEBUG msg="Successfully read template" student_id=39 template_size_bytes=3128
time=2025-11-20T20:21:58.820+01:00 level=DEBUG msg="Template replacement completed" student_id=39 original_template_size=3128 updated_latex_size=3105
time=2025-11-20T20:21:58.820+01:00 level=DEBUG msg="Generated LaTeX sample (first 200 chars):" student_id=39 sample="\\documentclass[12pt]{article}\n\\usepackage{tikz}\n\\usepackage{subfig}\n\\usepackage{graphicx}\n\\usepackage{xcolor}\n\\usepackage[margin=1.0in]{geometry}\n\\usepackage{fancyhdr}\n\\usepackage{pgf}\n\\usepackage{qrc"
time=2025-11-20T20:21:58.820+01:00 level=INFO msg="LaTeX file created" file_path=./assets/tmp/2215665688.tex
time=2025-11-20T20:21:58.820+01:00 level=DEBUG msg="LaTeX content saved for debugging" debug_file=assets/tmp/latex_output1054987833/debug_latex.tex
time=2025-11-20T20:21:58.820+01:00 level=DEBUG msg="Running pdflatex command" command="/usr/bin/pdflatex -interaction=nonstopmode -halt-on-error -output-directory ./assets/tmp/latex_output1054987833 ./assets/tmp/2215665688.tex"
time=2025-11-20T20:21:58.821+01:00 level=DEBUG msg="Successfully read template" student_id=37 template_size_bytes=3128
time=2025-11-20T20:21:58.821+01:00 level=DEBUG msg="Template replacement completed" student_id=37 original_template_size=3128 updated_latex_size=3109
time=2025-11-20T20:21:58.805+01:00 level=INFO msg="LaTeX file created" file_path=./assets/tmp/1664651337.tex
time=2025-11-20T20:21:58.821+01:00 level=DEBUG msg="Generated LaTeX sample (first 200 chars):" student_id=37 sample="\\documentclass[12pt]{article}\n\\usepackage{tikz}\n\\usepackage{subfig}\n\\usepackage{graphicx}\n\\usepackage{xcolor}\n\\usepackage[margin=1.0in]{geometry}\n\\usepackage{fancyhdr}\n\\usepackage{pgf}\n\\usepackage{qrc"
time=2025-11-20T20:21:58.822+01:00 level=INFO msg="LaTeX file created" file_path=./assets/tmp/3162450088.tex
time=2025-11-20T20:21:58.822+01:00 level=DEBUG msg="LaTeX content saved for debugging" debug_file=assets/tmp/latex_output3570992454/debug_latex.tex
time=2025-11-20T20:21:58.822+01:00 level=DEBUG msg="Running pdflatex command" command="/usr/bin/pdflatex -interaction=nonstopmode -halt-on-error -output-directory ./assets/tmp/latex_output3570992454 ./assets/tmp/3162450088.tex"
time=2025-11-20T20:21:58.824+01:00 level=DEBUG msg="LaTeX content saved for debugging" debug_file=assets/tmp/latex_output111025617/debug_latex.tex
time=2025-11-20T20:21:58.824+01:00 level=DEBUG msg="Running pdflatex command" command="/usr/bin/pdflatex -interaction=nonstopmode -halt-on-error -output-directory ./assets/tmp/latex_output111025617 ./assets/tmp/1664651337.tex"
time=2025-11-20T20:22:02.892+01:00 level=INFO msg="PDF compiled successfully" pdf_size_bytes=53775
time=2025-11-20T20:22:02.892+01:00 level=INFO msg="Súbor úspešne vymazaný" file_path=./assets/tmp/2550819532.tex
time=2025-11-20T20:22:02.893+01:00 level=INFO msg="Set initial main PDF for student" student_id=6
time=2025-11-20T20:22:02.893+01:00 level=DEBUG msg="Generovanie PDF" spracovaných=1 celkovo=11 exam="Matematický test" "id študenta"=6 "dokončené za"=4.091129453s
time=2025-11-20T20:22:03.653+01:00 level=INFO msg="PDF compiled successfully" pdf_size_bytes=52587
time=2025-11-20T20:22:03.653+01:00 level=INFO msg="Súbor úspešne vymazaný" file_path=./assets/tmp/407397878.tex
time=2025-11-20T20:22:03.775+01:00 level=DEBUG msg="Merging PDFs" pdf1=assets/tmp/student_6.pdf pdf2=assets/tmp/student_15.pdf
time=2025-11-20T20:22:03.842+01:00 level=INFO msg="PDF compiled successfully" pdf_size_bytes=52784
time=2025-11-20T20:22:03.842+01:00 level=INFO msg="Súbor úspešne vymazaný" file_path=./assets/tmp/2215665688.tex
time=2025-11-20T20:22:03.843+01:00 level=INFO msg="PDF compiled successfully" pdf_size_bytes=52607
time=2025-11-20T20:22:03.843+01:00 level=INFO msg="Súbor úspešne vymazaný" file_path=./assets/tmp/1469967173.tex
time=2025-11-20T20:22:03.861+01:00 level=INFO msg="PDF compiled successfully" pdf_size_bytes=52961
time=2025-11-20T20:22:03.861+01:00 level=INFO msg="Súbor úspešne vymazaný" file_path=./assets/tmp/1664651337.tex
time=2025-11-20T20:22:03.894+01:00 level=INFO msg="PDFs merged" output_path=assets/tmp/merged.pdf
time=2025-11-20T20:22:03.896+01:00 level=DEBUG msg="Generovanie PDF" spracovaných=2 celkovo=11 exam="Matematický test" "id študenta"=15 "dokončené za"=5.091386655s
time=2025-11-20T20:22:03.896+01:00 level=INFO msg="Súbor úspešne vymazaný" file_path=assets/tmp/student_15.pdf
time=2025-11-20T20:22:03.896+01:00 level=DEBUG msg="Merging PDFs" pdf1=assets/tmp/student_6.pdf pdf2=assets/tmp/student_39.pdf
time=2025-11-20T20:22:03.924+01:00 level=INFO msg="PDFs merged" output_path=assets/tmp/merged.pdf
time=2025-11-20T20:22:03.924+01:00 level=DEBUG msg="Generovanie PDF" spracovaných=3 celkovo=11 exam="Matematický test" "id študenta"=39 "dokončené za"=5.118751587s
time=2025-11-20T20:22:03.925+01:00 level=INFO msg="Súbor úspešne vymazaný" file_path=assets/tmp/student_39.pdf
time=2025-11-20T20:22:03.925+01:00 level=DEBUG msg="Merging PDFs" pdf1=assets/tmp/student_6.pdf pdf2=assets/tmp/student_1.pdf
time=2025-11-20T20:22:03.940+01:00 level=INFO msg="PDF compiled successfully" pdf_size_bytes=52750
time=2025-11-20T20:22:03.940+01:00 level=INFO msg="Súbor úspešne vymazaný" file_path=./assets/tmp/3162450088.tex
time=2025-11-20T20:22:03.964+01:00 level=INFO msg="PDFs merged" output_path=assets/tmp/merged.pdf
time=2025-11-20T20:22:03.964+01:00 level=DEBUG msg="Generovanie PDF" spracovaných=4 celkovo=11 exam="Matematický test" "id študenta"=1 "dokončené za"=5.174463655s
time=2025-11-20T20:22:03.964+01:00 level=INFO msg="Súbor úspešne vymazaný" file_path=assets/tmp/student_1.pdf
time=2025-11-20T20:22:03.964+01:00 level=DEBUG msg="Merging PDFs" pdf1=assets/tmp/student_6.pdf pdf2=assets/tmp/student_28.pdf
time=2025-11-20T20:22:03.999+01:00 level=INFO msg="PDFs merged" output_path=assets/tmp/merged.pdf
time=2025-11-20T20:22:03.999+01:00 level=DEBUG msg="Generovanie PDF" spracovaných=5 celkovo=11 exam="Matematický test" "id študenta"=28 "dokončené za"=5.200308574s
time=2025-11-20T20:22:03.999+01:00 level=INFO msg="Súbor úspešne vymazaný" file_path=assets/tmp/student_28.pdf
time=2025-11-20T20:22:04.000+01:00 level=DEBUG msg="Merging PDFs" pdf1=assets/tmp/student_6.pdf pdf2=assets/tmp/student_37.pdf
time=2025-11-20T20:22:04.022+01:00 level=INFO msg="PDF compiled successfully" pdf_size_bytes=53554
time=2025-11-20T20:22:04.027+01:00 level=INFO msg="Súbor úspešne vymazaný" file_path=./assets/tmp/3011847296.tex
time=2025-11-20T20:22:04.043+01:00 level=INFO msg="PDFs merged" output_path=assets/tmp/merged.pdf
time=2025-11-20T20:22:04.043+01:00 level=DEBUG msg="Generovanie PDF" spracovaných=6 celkovo=11 exam="Matematický test" "id študenta"=37 "dokončené za"=5.237995201s
time=2025-11-20T20:22:04.043+01:00 level=INFO msg="Súbor úspešne vymazaný" file_path=assets/tmp/student_37.pdf
time=2025-11-20T20:22:04.044+01:00 level=DEBUG msg="Merging PDFs" pdf1=assets/tmp/student_6.pdf pdf2=assets/tmp/student_25.pdf
time=2025-11-20T20:22:04.074+01:00 level=INFO msg="PDFs merged" output_path=assets/tmp/merged.pdf
time=2025-11-20T20:22:04.079+01:00 level=DEBUG msg="Generovanie PDF" spracovaných=7 celkovo=11 exam="Matematický test" "id študenta"=25 "dokončené za"=5.280772147s
time=2025-11-20T20:22:04.079+01:00 level=INFO msg="Súbor úspešne vymazaný" file_path=assets/tmp/student_25.pdf
time=2025-11-20T20:22:04.153+01:00 level=INFO msg="PDF compiled successfully" pdf_size_bytes=52862
time=2025-11-20T20:22:04.154+01:00 level=INFO msg="Súbor úspešne vymazaný" file_path=./assets/tmp/294674327.tex
time=2025-11-20T20:22:04.154+01:00 level=DEBUG msg="Merging PDFs" pdf1=assets/tmp/student_6.pdf pdf2=assets/tmp/student_16.pdf
time=2025-11-20T20:22:04.193+01:00 level=INFO msg="PDFs merged" output_path=assets/tmp/merged.pdf
time=2025-11-20T20:22:04.194+01:00 level=DEBUG msg="Generovanie PDF" spracovaných=8 celkovo=11 exam="Matematický test" "id študenta"=16 "dokončené za"=5.408496346s
time=2025-11-20T20:22:04.194+01:00 level=INFO msg="Súbor úspešne vymazaný" file_path=assets/tmp/student_16.pdf
time=2025-11-20T20:22:04.231+01:00 level=INFO msg="PDF compiled successfully" pdf_size_bytes=52971
time=2025-11-20T20:22:04.231+01:00 level=INFO msg="Súbor úspešne vymazaný" file_path=./assets/tmp/3115621266.tex
time=2025-11-20T20:22:04.231+01:00 level=DEBUG msg="Merging PDFs" pdf1=assets/tmp/student_6.pdf pdf2=assets/tmp/student_46.pdf
time=2025-11-20T20:22:04.241+01:00 level=INFO msg="PDF compiled successfully" pdf_size_bytes=52700
time=2025-11-20T20:22:04.242+01:00 level=INFO msg="Súbor úspešne vymazaný" file_path=./assets/tmp/2063331752.tex
time=2025-11-20T20:22:04.251+01:00 level=INFO msg="PDF compiled successfully" pdf_size_bytes=52227
time=2025-11-20T20:22:04.251+01:00 level=INFO msg="Súbor úspešne vymazaný" file_path=./assets/tmp/689808674.tex
time=2025-11-20T20:22:04.275+01:00 level=INFO msg="PDFs merged" output_path=assets/tmp/merged.pdf
time=2025-11-20T20:22:04.276+01:00 level=DEBUG msg="Generovanie PDF" spracovaných=9 celkovo=11 exam="Matematický test" "id študenta"=46 "dokončené za"=5.490932318s
time=2025-11-20T20:22:04.276+01:00 level=INFO msg="Súbor úspešne vymazaný" file_path=assets/tmp/student_46.pdf
time=2025-11-20T20:22:04.276+01:00 level=DEBUG msg="Merging PDFs" pdf1=assets/tmp/student_6.pdf pdf2=assets/tmp/student_14.pdf
time=2025-11-20T20:22:04.313+01:00 level=INFO msg="PDFs merged" output_path=assets/tmp/merged.pdf
time=2025-11-20T20:22:04.313+01:00 level=DEBUG msg="Generovanie PDF" spracovaných=10 celkovo=11 exam="Matematický test" "id študenta"=14 "dokončené za"=5.508304361s
time=2025-11-20T20:22:04.313+01:00 level=INFO msg="Súbor úspešne vymazaný" file_path=assets/tmp/student_14.pdf
time=2025-11-20T20:22:04.314+01:00 level=DEBUG msg="Merging PDFs" pdf1=assets/tmp/student_6.pdf pdf2=assets/tmp/student_34.pdf
time=2025-11-20T20:22:04.374+01:00 level=INFO msg="PDFs merged" output_path=assets/tmp/merged.pdf
time=2025-11-20T20:22:04.377+01:00 level=DEBUG msg="Generovanie PDF" spracovaných=11 celkovo=11 exam="Matematický test" "id študenta"=34 "dokončené za"=5.574566584s
time=2025-11-20T20:22:04.377+01:00 level=INFO msg="Súbor úspešne vymazaný" file_path=assets/tmp/student_34.pdf
time=2025-11-20T20:22:04.379+01:00 level=INFO msg="Processing students in room" room=AB150
time=2025-11-20T20:22:04.380+01:00 level=DEBUG msg="Found students for room" room=AB150 num_students=15
time=2025-11-20T20:22:04.380+01:00 level=DEBUG msg="Reading template file for student" student_id=49 template_path=/home/vbox/ScanEvalApp/assets/latex/templates/template_5.tex
time=2025-11-20T20:22:04.380+01:00 level=DEBUG msg="Successfully read template" student_id=49 template_size_bytes=3128
time=2025-11-20T20:22:04.380+01:00 level=DEBUG msg="Template replacement completed" student_id=49 original_template_size=3128 updated_latex_size=3102
time=2025-11-20T20:22:04.380+01:00 level=DEBUG msg="Generated LaTeX sample (first 200 chars):" student_id=49 sample="\\documentclass[12pt]{article}\n\\usepackage{tikz}\n\\usepackage{subfig}\n\\usepackage{graphicx}\n\\usepackage{xcolor}\n\\usepackage[margin=1.0in]{geometry}\n\\usepackage{fancyhdr}\n\\usepackage{pgf}\n\\usepackage{qrc"
time=2025-11-20T20:22:04.380+01:00 level=DEBUG msg="Reading template file for student" student_id=26 template_path=/home/vbox/ScanEvalApp/assets/latex/templates/template_5.tex
time=2025-11-20T20:22:04.380+01:00 level=DEBUG msg="Successfully read template" student_id=26 template_size_bytes=3128
time=2025-11-20T20:22:04.380+01:00 level=INFO msg="LaTeX file created" file_path=./assets/tmp/1549197931.tex
time=2025-11-20T20:22:04.380+01:00 level=DEBUG msg="Template replacement completed" student_id=26 original_template_size=3128 updated_latex_size=3115
time=2025-11-20T20:22:04.380+01:00 level=DEBUG msg="Generated LaTeX sample (first 200 chars):" student_id=26 sample="\\documentclass[12pt]{article}\n\\usepackage{tikz}\n\\usepackage{subfig}\n\\usepackage{graphicx}\n\\usepackage{xcolor}\n\\usepackage[margin=1.0in]{geometry}\n\\usepackage{fancyhdr}\n\\usepackage{pgf}\n\\usepackage{qrc"
time=2025-11-20T20:22:04.380+01:00 level=INFO msg="LaTeX file created" file_path=./assets/tmp/3026501779.tex
time=2025-11-20T20:22:04.380+01:00 level=DEBUG msg="LaTeX content saved for debugging" debug_file=assets/tmp/latex_output3986286445/debug_latex.tex
time=2025-11-20T20:22:04.380+01:00 level=DEBUG msg="LaTeX content saved for debugging" debug_file=assets/tmp/latex_output1196669678/debug_latex.tex
time=2025-11-20T20:22:04.380+01:00 level=DEBUG msg="Running pdflatex command" command="/usr/bin/pdflatex -interaction=nonstopmode -halt-on-error -output-directory ./assets/tmp/latex_output3986286445 ./assets/tmp/1549197931.tex"
time=2025-11-20T20:22:04.380+01:00 level=DEBUG msg="Running pdflatex command" command="/usr/bin/pdflatex -interaction=nonstopmode -halt-on-error -output-directory ./assets/tmp/latex_output1196669678 ./assets/tmp/3026501779.tex"
time=2025-11-20T20:22:04.380+01:00 level=DEBUG msg="Reading template file for student" student_id=30 template_path=/home/vbox/ScanEvalApp/assets/latex/templates/template_5.tex
time=2025-11-20T20:22:04.380+01:00 level=DEBUG msg="Successfully read template" student_id=30 template_size_bytes=3128
time=2025-11-20T20:22:04.380+01:00 level=DEBUG msg="Template replacement completed" student_id=30 original_template_size=3128 updated_latex_size=3104
time=2025-11-20T20:22:04.380+01:00 level=DEBUG msg="Generated LaTeX sample (first 200 chars):" student_id=30 sample="\\documentclass[12pt]{article}\n\\usepackage{tikz}\n\\usepackage{subfig}\n\\usepackage{graphicx}\n\\usepackage{xcolor}\n\\usepackage[margin=1.0in]{geometry}\n\\usepackage{fancyhdr}\n\\usepackage{pgf}\n\\usepackage{qrc"
time=2025-11-20T20:22:04.380+01:00 level=INFO msg="LaTeX file created" file_path=./assets/tmp/1985178047.tex
time=2025-11-20T20:22:04.380+01:00 level=DEBUG msg="LaTeX content saved for debugging" debug_file=assets/tmp/latex_output2559123474/debug_latex.tex
time=2025-11-20T20:22:04.381+01:00 level=DEBUG msg="Running pdflatex command" command="/usr/bin/pdflatex -interaction=nonstopmode -halt-on-error -output-directory ./assets/tmp/latex_output2559123474 ./assets/tmp/1985178047.tex"
time=2025-11-20T20:22:04.381+01:00 level=DEBUG msg="Reading template file for student" student_id=41 template_path=/home/vbox/ScanEvalApp/assets/latex/templates/template_5.tex
time=2025-11-20T20:22:04.383+01:00 level=DEBUG msg="Reading template file for student" student_id=8 template_path=/home/vbox/ScanEvalApp/assets/latex/templates/template_5.tex
time=2025-11-20T20:22:04.383+01:00 level=DEBUG msg="Successfully read template" student_id=41 template_size_bytes=3128
time=2025-11-20T20:22:04.383+01:00 level=DEBUG msg="Reading template file for student" student_id=17 template_path=/home/vbox/ScanEvalApp/assets/latex/templates/template_5.tex
time=2025-11-20T20:22:04.383+01:00 level=DEBUG msg="Successfully read template" student_id=17 template_size_bytes=3128
time=2025-11-20T20:22:04.383+01:00 level=DEBUG msg="Template replacement completed" student_id=41 original_template_size=3128 updated_latex_size=3104
time=2025-11-20T20:22:04.383+01:00 level=DEBUG msg="Generated LaTeX sample (first 200 chars):" student_id=41 sample="\\documentclass[12pt]{article}\n\\usepackage{tikz}\n\\usepackage{subfig}\n\\usepackage{graphicx}\n\\usepackage{xcolor}\n\\usepackage[margin=1.0in]{geometry}\n\\usepackage{fancyhdr}\n\\usepackage{pgf}\n\\usepackage{qrc"
time=2025-11-20T20:22:04.383+01:00 level=DEBUG msg="Template replacement completed" student_id=17 original_template_size=3128 updated_latex_size=3106
time=2025-11-20T20:22:04.383+01:00 level=DEBUG msg="Generated LaTeX sample (first 200 chars):" student_id=17 sample="\\documentclass[12pt]{article}\n\\usepackage{tikz}\n\\usepackage{subfig}\n\\usepackage{graphicx}\n\\usepackage{xcolor}\n\\usepackage[margin=1.0in]{geometry}\n\\usepackage{fancyhdr}\n\\usepackage{pgf}\n\\usepackage{qrc"
time=2025-11-20T20:22:04.383+01:00 level=INFO msg="LaTeX file created" file_path=./assets/tmp/2390615481.tex
time=2025-11-20T20:22:04.383+01:00 level=INFO msg="LaTeX file created" file_path=./assets/tmp/3272574173.tex
time=2025-11-20T20:22:04.383+01:00 level=DEBUG msg="LaTeX content saved for debugging" debug_file=assets/tmp/latex_output2801618156/debug_latex.tex
time=2025-11-20T20:22:04.383+01:00 level=DEBUG msg="Running pdflatex command" command="/usr/bin/pdflatex -interaction=nonstopmode -halt-on-error -output-directory ./assets/tmp/latex_output2801618156 ./assets/tmp/2390615481.tex"
time=2025-11-20T20:22:04.383+01:00 level=DEBUG msg="Reading template file for student" student_id=20 template_path=/home/vbox/ScanEvalApp/assets/latex/templates/template_5.tex
time=2025-11-20T20:22:04.383+01:00 level=DEBUG msg="Successfully read template" student_id=20 template_size_bytes=3128
time=2025-11-20T20:22:04.383+01:00 level=DEBUG msg="Template replacement completed" student_id=20 original_template_size=3128 updated_latex_size=3104
time=2025-11-20T20:22:04.383+01:00 level=DEBUG msg="Generated LaTeX sample (first 200 chars):" student_id=20 sample="\\documentclass[12pt]{article}\n\\usepackage{tikz}\n\\usepackage{subfig}\n\\usepackage{graphicx}\n\\usepackage{xcolor}\n\\usepackage[margin=1.0in]{geometry}\n\\usepackage{fancyhdr}\n\\usepackage{pgf}\n\\usepackage{qrc"
time=2025-11-20T20:22:04.383+01:00 level=INFO msg="LaTeX file created" file_path=./assets/tmp/1772136202.tex
time=2025-11-20T20:22:04.384+01:00 level=DEBUG msg="LaTeX content saved for debugging" debug_file=assets/tmp/latex_output3586454796/debug_latex.tex
time=2025-11-20T20:22:04.384+01:00 level=DEBUG msg="Running pdflatex command" command="/usr/bin/pdflatex -interaction=nonstopmode -halt-on-error -output-directory ./assets/tmp/latex_output3586454796 ./assets/tmp/1772136202.tex"
time=2025-11-20T20:22:04.387+01:00 level=DEBUG msg="Reading template file for student" student_id=33 template_path=/home/vbox/ScanEvalApp/assets/latex/templates/template_5.tex
time=2025-11-20T20:22:04.387+01:00 level=DEBUG msg="Successfully read template" student_id=33 template_size_bytes=3128
time=2025-11-20T20:22:04.387+01:00 level=DEBUG msg="Template replacement completed" student_id=33 original_template_size=3128 updated_latex_size=3116
time=2025-11-20T20:22:04.387+01:00 level=DEBUG msg="Generated LaTeX sample (first 200 chars):" student_id=33 sample="\\documentclass[12pt]{article}\n\\usepackage{tikz}\n\\usepackage{subfig}\n\\usepackage{graphicx}\n\\usepackage{xcolor}\n\\usepackage[margin=1.0in]{geometry}\n\\usepackage{fancyhdr}\n\\usepackage{pgf}\n\\usepackage{qrc"
time=2025-11-20T20:22:04.387+01:00 level=INFO msg="LaTeX file created" file_path=./assets/tmp/2797534263.tex
time=2025-11-20T20:22:04.387+01:00 level=DEBUG msg="LaTeX content saved for debugging" debug_file=assets/tmp/latex_output3397206803/debug_latex.tex
time=2025-11-20T20:22:04.388+01:00 level=DEBUG msg="Running pdflatex command" command="/usr/bin/pdflatex -interaction=nonstopmode -halt-on-error -output-directory ./assets/tmp/latex_output3397206803 ./assets/tmp/2797534263.tex"
time=2025-11-20T20:22:04.421+01:00 level=DEBUG msg="Reading template file for student" student_id=29 template_path=/home/vbox/ScanEvalApp/assets/latex/templates/template_5.tex
time=2025-11-20T20:22:04.421+01:00 level=DEBUG msg="Successfully read template" student_id=29 template_size_bytes=3128
time=2025-11-20T20:22:04.421+01:00 level=DEBUG msg="Template replacement completed" student_id=29 original_template_size=3128 updated_latex_size=3103
time=2025-11-20T20:22:04.421+01:00 level=DEBUG msg="Generated LaTeX sample (first 200 chars):" student_id=29 sample="\\documentclass[12pt]{article}\n\\usepackage{tikz}\n\\usepackage{subfig}\n\\usepackage{graphicx}\n\\usepackage{xcolor}\n\\usepackage[margin=1.0in]{geometry}\n\\usepackage{fancyhdr}\n\\usepackage{pgf}\n\\usepackage{qrc"
time=2025-11-20T20:22:04.421+01:00 level=INFO msg="LaTeX file created" file_path=./assets/tmp/929888156.tex
time=2025-11-20T20:22:04.421+01:00 level=DEBUG msg="LaTeX content saved for debugging" debug_file=assets/tmp/latex_output2192390328/debug_latex.tex
time=2025-11-20T20:22:04.421+01:00 level=DEBUG msg="Running pdflatex command" command="/usr/bin/pdflatex -interaction=nonstopmode -halt-on-error -output-directory ./assets/tmp/latex_output2192390328 ./assets/tmp/929888156.tex"
time=2025-11-20T20:22:04.423+01:00 level=DEBUG msg="Reading template file for student" student_id=31 template_path=/home/vbox/ScanEvalApp/assets/latex/templates/template_5.tex
time=2025-11-20T20:22:04.423+01:00 level=DEBUG msg="Successfully read template" student_id=31 template_size_bytes=3128
time=2025-11-20T20:22:04.423+01:00 level=DEBUG msg="Template replacement completed" student_id=31 original_template_size=3128 updated_latex_size=3108
time=2025-11-20T20:22:04.423+01:00 level=DEBUG msg="Generated LaTeX sample (first 200 chars):" student_id=31 sample="\\documentclass[12pt]{article}\n\\usepackage{tikz}\n\\usepackage{subfig}\n\\usepackage{graphicx}\n\\usepackage{xcolor}\n\\usepackage[margin=1.0in]{geometry}\n\\usepackage{fancyhdr}\n\\usepackage{pgf}\n\\usepackage{qrc"
time=2025-11-20T20:22:04.383+01:00 level=DEBUG msg="Successfully read template" student_id=8 template_size_bytes=3128
time=2025-11-20T20:22:04.423+01:00 level=DEBUG msg="Template replacement completed" student_id=8 original_template_size=3128 updated_latex_size=3102
time=2025-11-20T20:22:04.423+01:00 level=DEBUG msg="Generated LaTeX sample (first 200 chars):" student_id=8 sample="\\documentclass[12pt]{article}\n\\usepackage{tikz}\n\\usepackage{subfig}\n\\usepackage{graphicx}\n\\usepackage{xcolor}\n\\usepackage[margin=1.0in]{geometry}\n\\usepackage{fancyhdr}\n\\usepackage{pgf}\n\\usepackage{qrc"
time=2025-11-20T20:22:04.424+01:00 level=INFO msg="LaTeX file created" file_path=./assets/tmp/3536527057.tex
time=2025-11-20T20:22:04.424+01:00 level=INFO msg="LaTeX file created" file_path=./assets/tmp/1270426314.tex
time=2025-11-20T20:22:04.424+01:00 level=DEBUG msg="LaTeX content saved for debugging" debug_file=assets/tmp/latex_output862375419/debug_latex.tex
time=2025-11-20T20:22:04.424+01:00 level=DEBUG msg="Running pdflatex command" command="/usr/bin/pdflatex -interaction=nonstopmode -halt-on-error -output-directory ./assets/tmp/latex_output862375419 ./assets/tmp/1270426314.tex"
time=2025-11-20T20:22:04.383+01:00 level=DEBUG msg="Reading template file for student" student_id=4 template_path=/home/vbox/ScanEvalApp/assets/latex/templates/template_5.tex
time=2025-11-20T20:22:04.383+01:00 level=DEBUG msg="Reading template file for student" student_id=43 template_path=/home/vbox/ScanEvalApp/assets/latex/templates/template_5.tex
time=2025-11-20T20:22:04.442+01:00 level=DEBUG msg="Successfully read template" student_id=43 template_size_bytes=3128
time=2025-11-20T20:22:04.442+01:00 level=DEBUG msg="Template replacement completed" student_id=43 original_template_size=3128 updated_latex_size=3104
time=2025-11-20T20:22:04.442+01:00 level=DEBUG msg="Generated LaTeX sample (first 200 chars):" student_id=43 sample="\\documentclass[12pt]{article}\n\\usepackage{tikz}\n\\usepackage{subfig}\n\\usepackage{graphicx}\n\\usepackage{xcolor}\n\\usepackage[margin=1.0in]{geometry}\n\\usepackage{fancyhdr}\n\\usepackage{pgf}\n\\usepackage{qrc"
time=2025-11-20T20:22:04.442+01:00 level=INFO msg="LaTeX file created" file_path=./assets/tmp/542178727.tex
time=2025-11-20T20:22:04.442+01:00 level=DEBUG msg="LaTeX content saved for debugging" debug_file=assets/tmp/latex_output374864926/debug_latex.tex
time=2025-11-20T20:22:04.442+01:00 level=DEBUG msg="Running pdflatex command" command="/usr/bin/pdflatex -interaction=nonstopmode -halt-on-error -output-directory ./assets/tmp/latex_output374864926 ./assets/tmp/542178727.tex"
time=2025-11-20T20:22:04.488+01:00 level=DEBUG msg="LaTeX content saved for debugging" debug_file=assets/tmp/latex_output3780221207/debug_latex.tex
time=2025-11-20T20:22:04.488+01:00 level=DEBUG msg="Running pdflatex command" command="/usr/bin/pdflatex -interaction=nonstopmode -halt-on-error -output-directory ./assets/tmp/latex_output3780221207 ./assets/tmp/3536527057.tex"
time=2025-11-20T20:22:04.383+01:00 level=DEBUG msg="LaTeX content saved for debugging" debug_file=assets/tmp/latex_output1037294733/debug_latex.tex
time=2025-11-20T20:22:04.489+01:00 level=DEBUG msg="Running pdflatex command" command="/usr/bin/pdflatex -interaction=nonstopmode -halt-on-error -output-directory ./assets/tmp/latex_output1037294733 ./assets/tmp/3272574173.tex"
time=2025-11-20T20:22:04.493+01:00 level=DEBUG msg="Successfully read template" student_id=4 template_size_bytes=3128
time=2025-11-20T20:22:04.494+01:00 level=DEBUG msg="Template replacement completed" student_id=4 original_template_size=3128 updated_latex_size=3101
time=2025-11-20T20:22:04.494+01:00 level=DEBUG msg="Generated LaTeX sample (first 200 chars):" student_id=4 sample="\\documentclass[12pt]{article}\n\\usepackage{tikz}\n\\usepackage{subfig}\n\\usepackage{graphicx}\n\\usepackage{xcolor}\n\\usepackage[margin=1.0in]{geometry}\n\\usepackage{fancyhdr}\n\\usepackage{pgf}\n\\usepackage{qrc"
time=2025-11-20T20:22:04.494+01:00 level=INFO msg="LaTeX file created" file_path=./assets/tmp/2603931239.tex
time=2025-11-20T20:22:04.494+01:00 level=DEBUG msg="LaTeX content saved for debugging" debug_file=assets/tmp/latex_output1188775494/debug_latex.tex
time=2025-11-20T20:22:04.494+01:00 level=DEBUG msg="Running pdflatex command" command="/usr/bin/pdflatex -interaction=nonstopmode -halt-on-error -output-directory ./assets/tmp/latex_output1188775494 ./assets/tmp/2603931239.tex"
time=2025-11-20T20:22:04.383+01:00 level=DEBUG msg="Reading template file for student" student_id=5 template_path=/home/vbox/ScanEvalApp/assets/latex/templates/template_5.tex
time=2025-11-20T20:22:04.500+01:00 level=DEBUG msg="Successfully read template" student_id=5 template_size_bytes=3128
time=2025-11-20T20:22:04.500+01:00 level=DEBUG msg="Template replacement completed" student_id=5 original_template_size=3128 updated_latex_size=3106
time=2025-11-20T20:22:04.500+01:00 level=DEBUG msg="Generated LaTeX sample (first 200 chars):" student_id=5 sample="\\documentclass[12pt]{article}\n\\usepackage{tikz}\n\\usepackage{subfig}\n\\usepackage{graphicx}\n\\usepackage{xcolor}\n\\usepackage[margin=1.0in]{geometry}\n\\usepackage{fancyhdr}\n\\usepackage{pgf}\n\\usepackage{qrc"
time=2025-11-20T20:22:04.500+01:00 level=INFO msg="LaTeX file created" file_path=./assets/tmp/3904091284.tex
time=2025-11-20T20:22:04.500+01:00 level=DEBUG msg="LaTeX content saved for debugging" debug_file=assets/tmp/latex_output2887003770/debug_latex.tex
time=2025-11-20T20:22:04.500+01:00 level=DEBUG msg="Running pdflatex command" command="/usr/bin/pdflatex -interaction=nonstopmode -halt-on-error -output-directory ./assets/tmp/latex_output2887003770 ./assets/tmp/3904091284.tex"
time=2025-11-20T20:22:04.383+01:00 level=DEBUG msg="Reading template file for student" student_id=47 template_path=/home/vbox/ScanEvalApp/assets/latex/templates/template_5.tex
time=2025-11-20T20:22:04.506+01:00 level=DEBUG msg="Successfully read template" student_id=47 template_size_bytes=3128
time=2025-11-20T20:22:04.507+01:00 level=DEBUG msg="Template replacement completed" student_id=47 original_template_size=3128 updated_latex_size=3111
time=2025-11-20T20:22:04.383+01:00 level=DEBUG msg="Reading template file for student" student_id=2 template_path=/home/vbox/ScanEvalApp/assets/latex/templates/template_5.tex
time=2025-11-20T20:22:04.526+01:00 level=DEBUG msg="Generated LaTeX sample (first 200 chars):" student_id=47 sample="\\documentclass[12pt]{article}\n\\usepackage{tikz}\n\\usepackage{subfig}\n\\usepackage{graphicx}\n\\usepackage{xcolor}\n\\usepackage[margin=1.0in]{geometry}\n\\usepackage{fancyhdr}\n\\usepackage{pgf}\n\\usepackage{qrc"
time=2025-11-20T20:22:04.527+01:00 level=INFO msg="LaTeX file created" file_path=./assets/tmp/1977196057.tex
time=2025-11-20T20:22:04.528+01:00 level=DEBUG msg="Successfully read template" student_id=2 template_size_bytes=3128
time=2025-11-20T20:22:04.528+01:00 level=DEBUG msg="Template replacement completed" student_id=2 original_template_size=3128 updated_latex_size=3104
time=2025-11-20T20:22:04.528+01:00 level=DEBUG msg="Generated LaTeX sample (first 200 chars):" student_id=2 sample="\\documentclass[12pt]{article}\n\\usepackage{tikz}\n\\usepackage{subfig}\n\\usepackage{graphicx}\n\\usepackage{xcolor}\n\\usepackage[margin=1.0in]{geometry}\n\\usepackage{fancyhdr}\n\\usepackage{pgf}\n\\usepackage{qrc"
time=2025-11-20T20:22:04.528+01:00 level=INFO msg="LaTeX file created" file_path=./assets/tmp/170621918.tex
time=2025-11-20T20:22:04.528+01:00 level=DEBUG msg="LaTeX content saved for debugging" debug_file=assets/tmp/latex_output766778632/debug_latex.tex
time=2025-11-20T20:22:04.528+01:00 level=DEBUG msg="Running pdflatex command" command="/usr/bin/pdflatex -interaction=nonstopmode -halt-on-error -output-directory ./assets/tmp/latex_output766778632 ./assets/tmp/170621918.tex"
time=2025-11-20T20:22:04.545+01:00 level=DEBUG msg="LaTeX content saved for debugging" debug_file=assets/tmp/latex_output3262871131/debug_latex.tex
time=2025-11-20T20:22:04.545+01:00 level=DEBUG msg="Running pdflatex command" command="/usr/bin/pdflatex -interaction=nonstopmode -halt-on-error -output-directory ./assets/tmp/latex_output3262871131 ./assets/tmp/1977196057.tex"
time=2025-11-20T20:22:07.230+01:00 level=INFO msg="PDF compiled successfully" pdf_size_bytes=52539
time=2025-11-20T20:22:07.230+01:00 level=INFO msg="Súbor úspešne vymazaný" file_path=./assets/tmp/1772136202.tex
time=2025-11-20T20:22:07.230+01:00 level=DEBUG msg="Merging PDFs" pdf1=assets/tmp/student_6.pdf pdf2=assets/tmp/student_20.pdf
time=2025-11-20T20:22:08.072+01:00 level=INFO msg="PDFs merged" output_path=assets/tmp/merged.pdf
time=2025-11-20T20:22:08.072+01:00 level=DEBUG msg="Generovanie PDF" spracovaných=12 celkovo=15 exam="Matematický test" "id študenta"=20 "dokončené za"=3.688644555s
time=2025-11-20T20:22:08.072+01:00 level=INFO msg="Súbor úspešne vymazaný" file_path=assets/tmp/student_20.pdf
time=2025-11-20T20:22:08.072+01:00 level=INFO msg="PDF compiled successfully" pdf_size_bytes=52830
time=2025-11-20T20:22:08.072+01:00 level=INFO msg="Súbor úspešne vymazaný" file_path=./assets/tmp/3272574173.tex
time=2025-11-20T20:22:08.073+01:00 level=DEBUG msg="Merging PDFs" pdf1=assets/tmp/student_6.pdf pdf2=assets/tmp/student_17.pdf
time=2025-11-20T20:22:08.268+01:00 level=INFO msg="PDF compiled successfully" pdf_size_bytes=52986
time=2025-11-20T20:22:08.268+01:00 level=INFO msg="Súbor úspešne vymazaný" file_path=./assets/tmp/1270426314.tex
time=2025-11-20T20:22:08.367+01:00 level=INFO msg="PDFs merged" output_path=assets/tmp/merged.pdf
time=2025-11-20T20:22:08.368+01:00 level=DEBUG msg="Generovanie PDF" spracovaných=13 celkovo=15 exam="Matematický test" "id študenta"=17 "dokončené za"=3.985042684s
time=2025-11-20T20:22:08.368+01:00 level=INFO msg="Súbor úspešne vymazaný" file_path=assets/tmp/student_17.pdf
time=2025-11-20T20:22:08.368+01:00 level=DEBUG msg="Merging PDFs" pdf1=assets/tmp/student_6.pdf pdf2=assets/tmp/student_8.pdf
time=2025-11-20T20:22:08.556+01:00 level=INFO msg="PDF compiled successfully" pdf_size_bytes=52586
time=2025-11-20T20:22:08.557+01:00 level=INFO msg="Súbor úspešne vymazaný" file_path=./assets/tmp/3904091284.tex
time=2025-11-20T20:22:08.939+01:00 level=INFO msg="PDFs merged" output_path=assets/tmp/merged.pdf
time=2025-11-20T20:22:08.939+01:00 level=DEBUG msg="Generovanie PDF" spracovaných=14 celkovo=15 exam="Matematický test" "id študenta"=8 "dokončené za"=4.556265061s
time=2025-11-20T20:22:08.939+01:00 level=INFO msg="Súbor úspešne vymazaný" file_path=assets/tmp/student_8.pdf
time=2025-11-20T20:22:08.968+01:00 level=INFO msg="PDF compiled successfully" pdf_size_bytes=52708
time=2025-11-20T20:22:08.999+01:00 level=INFO msg="Súbor úspešne vymazaný" file_path=./assets/tmp/2603931239.tex
time=2025-11-20T20:22:08.971+01:00 level=DEBUG msg="Merging PDFs" pdf1=assets/tmp/student_6.pdf pdf2=assets/tmp/student_5.pdf
time=2025-11-20T20:22:09.405+01:00 level=INFO msg="PDF compiled successfully" pdf_size_bytes=52657
time=2025-11-20T20:22:09.406+01:00 level=INFO msg="Súbor úspešne vymazaný" file_path=./assets/tmp/1549197931.tex
time=2025-11-20T20:22:09.442+01:00 level=INFO msg="PDFs merged" output_path=assets/tmp/merged.pdf
time=2025-11-20T20:22:09.442+01:00 level=DEBUG msg="Generovanie PDF" spracovaných=15 celkovo=15 exam="Matematický test" "id študenta"=5 "dokončené za"=5.059054384s
time=2025-11-20T20:22:09.442+01:00 level=INFO msg="Súbor úspešne vymazaný" file_path=assets/tmp/student_5.pdf
time=2025-11-20T20:22:09.442+01:00 level=DEBUG msg="Merging PDFs" pdf1=assets/tmp/student_6.pdf pdf2=assets/tmp/student_4.pdf
time=2025-11-20T20:22:09.862+01:00 level=INFO msg="PDF compiled successfully" pdf_size_bytes=53069
time=2025-11-20T20:22:09.862+01:00 level=INFO msg="Súbor úspešne vymazaný" file_path=./assets/tmp/3536527057.tex
time=2025-11-20T20:22:09.862+01:00 level=INFO msg="PDFs merged" output_path=assets/tmp/merged.pdf
time=2025-11-20T20:22:09.863+01:00 level=DEBUG msg="Generovanie PDF" spracovaných=16 celkovo=15 exam="Matematický test" "id študenta"=4 "dokončené za"=5.479516385s
time=2025-11-20T20:22:09.863+01:00 level=INFO msg="Súbor úspešne vymazaný" file_path=assets/tmp/student_4.pdf
time=2025-11-20T20:22:09.863+01:00 level=DEBUG msg="Merging PDFs" pdf1=assets/tmp/student_6.pdf pdf2=assets/tmp/student_49.pdf
time=2025-11-20T20:22:09.971+01:00 level=INFO msg="PDFs merged" output_path=assets/tmp/merged.pdf
time=2025-11-20T20:22:09.973+01:00 level=DEBUG msg="Generovanie PDF" spracovaných=17 celkovo=15 exam="Matematický test" "id študenta"=49 "dokončené za"=5.592961326s
time=2025-11-20T20:22:09.973+01:00 level=INFO msg="Súbor úspešne vymazaný" file_path=assets/tmp/student_49.pdf
time=2025-11-20T20:22:09.976+01:00 level=DEBUG msg="Merging PDFs" pdf1=assets/tmp/student_6.pdf pdf2=assets/tmp/student_31.pdf
time=2025-11-20T20:22:09.999+01:00 level=INFO msg="PDF compiled successfully" pdf_size_bytes=52550
time=2025-11-20T20:22:09.999+01:00 level=INFO msg="Súbor úspešne vymazaný" file_path=./assets/tmp/929888156.tex
time=2025-11-20T20:22:10.015+01:00 level=INFO msg="PDF compiled successfully" pdf_size_bytes=52174
time=2025-11-20T20:22:10.015+01:00 level=INFO msg="Súbor úspešne vymazaný" file_path=./assets/tmp/1985178047.tex
time=2025-11-20T20:22:10.065+01:00 level=INFO msg="PDFs merged" output_path=assets/tmp/merged.pdf
time=2025-11-20T20:22:10.071+01:00 level=DEBUG msg="Generovanie PDF" spracovaných=18 celkovo=15 exam="Matematický test" "id študenta"=31 "dokončené za"=5.64872328s
time=2025-11-20T20:22:10.071+01:00 level=INFO msg="Súbor úspešne vymazaný" file_path=assets/tmp/student_31.pdf
time=2025-11-20T20:22:10.071+01:00 level=DEBUG msg="Merging PDFs" pdf1=assets/tmp/student_6.pdf pdf2=assets/tmp/student_29.pdf
time=2025-11-20T20:22:10.164+01:00 level=INFO msg="PDFs merged" output_path=assets/tmp/merged.pdf
time=2025-11-20T20:22:10.170+01:00 level=DEBUG msg="Generovanie PDF" spracovaných=19 celkovo=15 exam="Matematický test" "id študenta"=29 "dokončené za"=5.748617919s
time=2025-11-20T20:22:10.170+01:00 level=INFO msg="Súbor úspešne vymazaný" file_path=assets/tmp/student_29.pdf
time=2025-11-20T20:22:10.170+01:00 level=DEBUG msg="Merging PDFs" pdf1=assets/tmp/student_6.pdf pdf2=assets/tmp/student_30.pdf
time=2025-11-20T20:22:10.270+01:00 level=INFO msg="PDFs merged" output_path=assets/tmp/merged.pdf
time=2025-11-20T20:22:10.276+01:00 level=DEBUG msg="Generovanie PDF" spracovaných=20 celkovo=15 exam="Matematický test" "id študenta"=30 "dokončené za"=5.895564775s
time=2025-11-20T20:22:10.276+01:00 level=INFO msg="Súbor úspešne vymazaný" file_path=assets/tmp/student_30.pdf
time=2025-11-20T20:22:10.298+01:00 level=INFO msg="PDF compiled successfully" pdf_size_bytes=52433
time=2025-11-20T20:22:10.298+01:00 level=INFO msg="Súbor úspešne vymazaný" file_path=./assets/tmp/170621918.tex
time=2025-11-20T20:22:10.298+01:00 level=DEBUG msg="Merging PDFs" pdf1=assets/tmp/student_6.pdf pdf2=assets/tmp/student_2.pdf
time=2025-11-20T20:22:10.371+01:00 level=INFO msg="PDFs merged" output_path=assets/tmp/merged.pdf
time=2025-11-20T20:22:10.373+01:00 level=DEBUG msg="Generovanie PDF" spracovaných=21 celkovo=15 exam="Matematický test" "id študenta"=2 "dokončené za"=5.989879102s
time=2025-11-20T20:22:10.373+01:00 level=INFO msg="Súbor úspešne vymazaný" file_path=assets/tmp/student_2.pdf
time=2025-11-20T20:22:10.417+01:00 level=INFO msg="PDF compiled successfully" pdf_size_bytes=53380
time=2025-11-20T20:22:10.417+01:00 level=INFO msg="Súbor úspešne vymazaný" file_path=./assets/tmp/2797534263.tex
time=2025-11-20T20:22:10.418+01:00 level=DEBUG msg="Merging PDFs" pdf1=assets/tmp/student_6.pdf pdf2=assets/tmp/student_33.pdf
time=2025-11-20T20:22:10.474+01:00 level=INFO msg="PDF compiled successfully" pdf_size_bytes=53144
time=2025-11-20T20:22:10.474+01:00 level=INFO msg="Súbor úspešne vymazaný" file_path=./assets/tmp/3026501779.tex
time=2025-11-20T20:22:10.507+01:00 level=INFO msg="PDFs merged" output_path=assets/tmp/merged.pdf
time=2025-11-20T20:22:10.508+01:00 level=DEBUG msg="Generovanie PDF" spracovaných=22 celkovo=15 exam="Matematický test" "id študenta"=33 "dokončené za"=6.121248195s
time=2025-11-20T20:22:10.508+01:00 level=INFO msg="Súbor úspešne vymazaný" file_path=assets/tmp/student_33.pdf
time=2025-11-20T20:22:10.508+01:00 level=DEBUG msg="Merging PDFs" pdf1=assets/tmp/student_6.pdf pdf2=assets/tmp/student_26.pdf
time=2025-11-20T20:22:10.583+01:00 level=INFO msg="PDFs merged" output_path=assets/tmp/merged.pdf
time=2025-11-20T20:22:10.584+01:00 level=DEBUG msg="Generovanie PDF" spracovaných=23 celkovo=15 exam="Matematický test" "id študenta"=26 "dokončené za"=6.204097994s
time=2025-11-20T20:22:10.584+01:00 level=INFO msg="Súbor úspešne vymazaný" file_path=assets/tmp/student_26.pdf
time=2025-11-20T20:22:10.640+01:00 level=INFO msg="PDF compiled successfully" pdf_size_bytes=53231
time=2025-11-20T20:22:10.640+01:00 level=INFO msg="Súbor úspešne vymazaný" file_path=./assets/tmp/2390615481.tex
time=2025-11-20T20:22:10.640+01:00 level=DEBUG msg="Merging PDFs" pdf1=assets/tmp/student_6.pdf pdf2=assets/tmp/student_41.pdf
time=2025-11-20T20:22:10.667+01:00 level=INFO msg="PDF compiled successfully" pdf_size_bytes=52817
time=2025-11-20T20:22:10.668+01:00 level=INFO msg="Súbor úspešne vymazaný" file_path=./assets/tmp/1977196057.tex
time=2025-11-20T20:22:10.701+01:00 level=INFO msg="PDFs merged" output_path=assets/tmp/merged.pdf
time=2025-11-20T20:22:10.701+01:00 level=DEBUG msg="Generovanie PDF" spracovaných=24 celkovo=15 exam="Matematický test" "id študenta"=41 "dokončené za"=6.320319844s
time=2025-11-20T20:22:10.701+01:00 level=INFO msg="Súbor úspešne vymazaný" file_path=assets/tmp/student_41.pdf
time=2025-11-20T20:22:10.702+01:00 level=DEBUG msg="Merging PDFs" pdf1=assets/tmp/student_6.pdf pdf2=assets/tmp/student_47.pdf
time=2025-11-20T20:22:10.759+01:00 level=INFO msg="PDFs merged" output_path=assets/tmp/merged.pdf
time=2025-11-20T20:22:10.760+01:00 level=DEBUG msg="Generovanie PDF" spracovaných=25 celkovo=15 exam="Matematický test" "id študenta"=47 "dokončené za"=6.376386176s
time=2025-11-20T20:22:10.760+01:00 level=INFO msg="Súbor úspešne vymazaný" file_path=assets/tmp/student_47.pdf
time=2025-11-20T20:22:10.923+01:00 level=INFO msg="PDF compiled successfully" pdf_size_bytes=52753
time=2025-11-20T20:22:10.923+01:00 level=INFO msg="Súbor úspešne vymazaný" file_path=./assets/tmp/542178727.tex
time=2025-11-20T20:22:10.923+01:00 level=DEBUG msg="Merging PDFs" pdf1=assets/tmp/student_6.pdf pdf2=assets/tmp/student_43.pdf
time=2025-11-20T20:22:10.986+01:00 level=INFO msg="PDFs merged" output_path=assets/tmp/merged.pdf
time=2025-11-20T20:22:10.989+01:00 level=DEBUG msg="Generovanie PDF" spracovaných=26 celkovo=15 exam="Matematický test" "id študenta"=43 "dokončené za"=6.605965613s
time=2025-11-20T20:22:10.989+01:00 level=INFO msg="Súbor úspešne vymazaný" file_path=assets/tmp/student_43.pdf
time=2025-11-20T20:22:10.991+01:00 level=INFO msg="Processing students in room" room=CD300
time=2025-11-20T20:22:10.992+01:00 level=DEBUG msg="Found students for room" room=CD300 num_students=9
time=2025-11-20T20:22:10.993+01:00 level=DEBUG msg="Reading template file for student" student_id=50 template_path=/home/vbox/ScanEvalApp/assets/latex/templates/template_5.tex
time=2025-11-20T20:22:10.993+01:00 level=DEBUG msg="Reading template file for student" student_id=32 template_path=/home/vbox/ScanEvalApp/assets/latex/templates/template_5.tex
time=2025-11-20T20:22:10.993+01:00 level=DEBUG msg="Successfully read template" student_id=32 template_size_bytes=3128
time=2025-11-20T20:22:10.993+01:00 level=DEBUG msg="Template replacement completed" student_id=32 original_template_size=3128 updated_latex_size=3111
time=2025-11-20T20:22:10.993+01:00 level=DEBUG msg="Generated LaTeX sample (first 200 chars):" student_id=32 sample="\\documentclass[12pt]{article}\n\\usepackage{tikz}\n\\usepackage{subfig}\n\\usepackage{graphicx}\n\\usepackage{xcolor}\n\\usepackage[margin=1.0in]{geometry}\n\\usepackage{fancyhdr}\n\\usepackage{pgf}\n\\usepackage{qrc"
time=2025-11-20T20:22:10.993+01:00 level=INFO msg="LaTeX file created" file_path=./assets/tmp/3738053593.tex
time=2025-11-20T20:22:10.993+01:00 level=DEBUG msg="Reading template file for student" student_id=21 template_path=/home/vbox/ScanEvalApp/assets/latex/templates/template_5.tex
time=2025-11-20T20:22:10.993+01:00 level=DEBUG msg="Successfully read template" student_id=21 template_size_bytes=3128
time=2025-11-20T20:22:10.994+01:00 level=DEBUG msg="Template replacement completed" student_id=21 original_template_size=3128 updated_latex_size=3108
time=2025-11-20T20:22:10.994+01:00 level=DEBUG msg="Generated LaTeX sample (first 200 chars):" student_id=21 sample="\\documentclass[12pt]{article}\n\\usepackage{tikz}\n\\usepackage{subfig}\n\\usepackage{graphicx}\n\\usepackage{xcolor}\n\\usepackage[margin=1.0in]{geometry}\n\\usepackage{fancyhdr}\n\\usepackage{pgf}\n\\usepackage{qrc"
time=2025-11-20T20:22:10.994+01:00 level=DEBUG msg="Reading template file for student" student_id=36 template_path=/home/vbox/ScanEvalApp/assets/latex/templates/template_5.tex
time=2025-11-20T20:22:10.994+01:00 level=DEBUG msg="Successfully read template" student_id=36 template_size_bytes=3128
time=2025-11-20T20:22:10.994+01:00 level=DEBUG msg="Template replacement completed" student_id=36 original_template_size=3128 updated_latex_size=3103
time=2025-11-20T20:22:10.994+01:00 level=DEBUG msg="Generated LaTeX sample (first 200 chars):" student_id=36 sample="\\documentclass[12pt]{article}\n\\usepackage{tikz}\n\\usepackage{subfig}\n\\usepackage{graphicx}\n\\usepackage{xcolor}\n\\usepackage[margin=1.0in]{geometry}\n\\usepackage{fancyhdr}\n\\usepackage{pgf}\n\\usepackage{qrc"
time=2025-11-20T20:22:10.994+01:00 level=DEBUG msg="LaTeX content saved for debugging" debug_file=assets/tmp/latex_output2086517938/debug_latex.tex
time=2025-11-20T20:22:10.994+01:00 level=DEBUG msg="Running pdflatex command" command="/usr/bin/pdflatex -interaction=nonstopmode -halt-on-error -output-directory ./assets/tmp/latex_output2086517938 ./assets/tmp/3738053593.tex"
time=2025-11-20T20:22:10.994+01:00 level=INFO msg="LaTeX file created" file_path=./assets/tmp/2404620740.tex
time=2025-11-20T20:22:10.994+01:00 level=DEBUG msg="LaTeX content saved for debugging" debug_file=assets/tmp/latex_output233422891/debug_latex.tex
time=2025-11-20T20:22:10.994+01:00 level=DEBUG msg="Running pdflatex command" command="/usr/bin/pdflatex -interaction=nonstopmode -halt-on-error -output-directory ./assets/tmp/latex_output233422891 ./assets/tmp/2404620740.tex"
time=2025-11-20T20:22:10.994+01:00 level=DEBUG msg="Successfully read template" student_id=50 template_size_bytes=3128
time=2025-11-20T20:22:10.995+01:00 level=DEBUG msg="Template replacement completed" student_id=50 original_template_size=3128 updated_latex_size=3106
time=2025-11-20T20:22:10.995+01:00 level=DEBUG msg="Generated LaTeX sample (first 200 chars):" student_id=50 sample="\\documentclass[12pt]{article}\n\\usepackage{tikz}\n\\usepackage{subfig}\n\\usepackage{graphicx}\n\\usepackage{xcolor}\n\\usepackage[margin=1.0in]{geometry}\n\\usepackage{fancyhdr}\n\\usepackage{pgf}\n\\usepackage{qrc"
time=2025-11-20T20:22:10.995+01:00 level=INFO msg="LaTeX file created" file_path=./assets/tmp/1681352362.tex
time=2025-11-20T20:22:10.995+01:00 level=DEBUG msg="LaTeX content saved for debugging" debug_file=assets/tmp/latex_output401128485/debug_latex.tex
time=2025-11-20T20:22:10.995+01:00 level=DEBUG msg="Running pdflatex command" command="/usr/bin/pdflatex -interaction=nonstopmode -halt-on-error -output-directory ./assets/tmp/latex_output401128485 ./assets/tmp/1681352362.tex"
time=2025-11-20T20:22:10.996+01:00 level=DEBUG msg="Reading template file for student" student_id=3 template_path=/home/vbox/ScanEvalApp/assets/latex/templates/template_5.tex
time=2025-11-20T20:22:10.996+01:00 level=DEBUG msg="Successfully read template" student_id=3 template_size_bytes=3128
time=2025-11-20T20:22:10.996+01:00 level=DEBUG msg="Reading template file for student" student_id=22 template_path=/home/vbox/ScanEvalApp/assets/latex/templates/template_5.tex
time=2025-11-20T20:22:10.996+01:00 level=DEBUG msg="Successfully read template" student_id=22 template_size_bytes=3128
time=2025-11-20T20:22:10.996+01:00 level=DEBUG msg="Template replacement completed" student_id=3 original_template_size=3128 updated_latex_size=3114
time=2025-11-20T20:22:10.996+01:00 level=DEBUG msg="Generated LaTeX sample (first 200 chars):" student_id=3 sample="\\documentclass[12pt]{article}\n\\usepackage{tikz}\n\\usepackage{subfig}\n\\usepackage{graphicx}\n\\usepackage{xcolor}\n\\usepackage[margin=1.0in]{geometry}\n\\usepackage{fancyhdr}\n\\usepackage{pgf}\n\\usepackage{qrc"
time=2025-11-20T20:22:10.996+01:00 level=DEBUG msg="Template replacement completed" student_id=22 original_template_size=3128 updated_latex_size=3106
time=2025-11-20T20:22:10.996+01:00 level=DEBUG msg="Generated LaTeX sample (first 200 chars):" student_id=22 sample="\\documentclass[12pt]{article}\n\\usepackage{tikz}\n\\usepackage{subfig}\n\\usepackage{graphicx}\n\\usepackage{xcolor}\n\\usepackage[margin=1.0in]{geometry}\n\\usepackage{fancyhdr}\n\\usepackage{pgf}\n\\usepackage{qrc"
time=2025-11-20T20:22:10.996+01:00 level=INFO msg="LaTeX file created" file_path=./assets/tmp/4107082616.tex
time=2025-11-20T20:22:10.996+01:00 level=INFO msg="LaTeX file created" file_path=./assets/tmp/2824983460.tex
time=2025-11-20T20:22:10.996+01:00 level=DEBUG msg="LaTeX content saved for debugging" debug_file=assets/tmp/latex_output4092452377/debug_latex.tex
time=2025-11-20T20:22:10.996+01:00 level=DEBUG msg="LaTeX content saved for debugging" debug_file=assets/tmp/latex_output373886594/debug_latex.tex
time=2025-11-20T20:22:10.996+01:00 level=DEBUG msg="Running pdflatex command" command="/usr/bin/pdflatex -interaction=nonstopmode -halt-on-error -output-directory ./assets/tmp/latex_output4092452377 ./assets/tmp/4107082616.tex"
time=2025-11-20T20:22:10.996+01:00 level=DEBUG msg="Running pdflatex command" command="/usr/bin/pdflatex -interaction=nonstopmode -halt-on-error -output-directory ./assets/tmp/latex_output373886594 ./assets/tmp/2824983460.tex"
time=2025-11-20T20:22:10.997+01:00 level=DEBUG msg="Reading template file for student" student_id=42 template_path=/home/vbox/ScanEvalApp/assets/latex/templates/template_5.tex
time=2025-11-20T20:22:10.997+01:00 level=DEBUG msg="Successfully read template" student_id=42 template_size_bytes=3128
time=2025-11-20T20:22:10.998+01:00 level=DEBUG msg="Template replacement completed" student_id=42 original_template_size=3128 updated_latex_size=3109
time=2025-11-20T20:22:10.998+01:00 level=DEBUG msg="Generated LaTeX sample (first 200 chars):" student_id=42 sample="\\documentclass[12pt]{article}\n\\usepackage{tikz}\n\\usepackage{subfig}\n\\usepackage{graphicx}\n\\usepackage{xcolor}\n\\usepackage[margin=1.0in]{geometry}\n\\usepackage{fancyhdr}\n\\usepackage{pgf}\n\\usepackage{qrc"
time=2025-11-20T20:22:10.998+01:00 level=INFO msg="LaTeX file created" file_path=./assets/tmp/2616382272.tex
time=2025-11-20T20:22:10.998+01:00 level=INFO msg="LaTeX file created" file_path=./assets/tmp/1723512036.tex
time=2025-11-20T20:22:10.998+01:00 level=DEBUG msg="LaTeX content saved for debugging" debug_file=assets/tmp/latex_output3146988123/debug_latex.tex
time=2025-11-20T20:22:10.998+01:00 level=DEBUG msg="LaTeX content saved for debugging" debug_file=assets/tmp/latex_output3497030347/debug_latex.tex
time=2025-11-20T20:22:10.998+01:00 level=DEBUG msg="Running pdflatex command" command="/usr/bin/pdflatex -interaction=nonstopmode -halt-on-error -output-directory ./assets/tmp/latex_output3146988123 ./assets/tmp/2616382272.tex"
time=2025-11-20T20:22:10.998+01:00 level=DEBUG msg="Running pdflatex command" command="/usr/bin/pdflatex -interaction=nonstopmode -halt-on-error -output-directory ./assets/tmp/latex_output3497030347 ./assets/tmp/1723512036.tex"
time=2025-11-20T20:22:11.024+01:00 level=DEBUG msg="Reading template file for student" student_id=7 template_path=/home/vbox/ScanEvalApp/assets/latex/templates/template_5.tex
time=2025-11-20T20:22:11.024+01:00 level=DEBUG msg="Successfully read template" student_id=7 template_size_bytes=3128
time=2025-11-20T20:22:11.024+01:00 level=DEBUG msg="Template replacement completed" student_id=7 original_template_size=3128 updated_latex_size=3104
time=2025-11-20T20:22:11.024+01:00 level=DEBUG msg="Generated LaTeX sample (first 200 chars):" student_id=7 sample="\\documentclass[12pt]{article}\n\\usepackage{tikz}\n\\usepackage{subfig}\n\\usepackage{graphicx}\n\\usepackage{xcolor}\n\\usepackage[margin=1.0in]{geometry}\n\\usepackage{fancyhdr}\n\\usepackage{pgf}\n\\usepackage{qrc"
time=2025-11-20T20:22:11.024+01:00 level=INFO msg="LaTeX file created" file_path=./assets/tmp/4284115166.tex
time=2025-11-20T20:22:11.024+01:00 level=DEBUG msg="LaTeX content saved for debugging" debug_file=assets/tmp/latex_output3966852998/debug_latex.tex
time=2025-11-20T20:22:11.024+01:00 level=DEBUG msg="Running pdflatex command" command="/usr/bin/pdflatex -interaction=nonstopmode -halt-on-error -output-directory ./assets/tmp/latex_output3966852998 ./assets/tmp/4284115166.tex"
time=2025-11-20T20:22:11.249+01:00 level=DEBUG msg="Reading template file for student" student_id=10 template_path=/home/vbox/ScanEvalApp/assets/latex/templates/template_5.tex
time=2025-11-20T20:22:11.249+01:00 level=DEBUG msg="Successfully read template" student_id=10 template_size_bytes=3128
time=2025-11-20T20:22:11.250+01:00 level=DEBUG msg="Template replacement completed" student_id=10 original_template_size=3128 updated_latex_size=3102
time=2025-11-20T20:22:11.250+01:00 level=DEBUG msg="Generated LaTeX sample (first 200 chars):" student_id=10 sample="\\documentclass[12pt]{article}\n\\usepackage{tikz}\n\\usepackage{subfig}\n\\usepackage{graphicx}\n\\usepackage{xcolor}\n\\usepackage[margin=1.0in]{geometry}\n\\usepackage{fancyhdr}\n\\usepackage{pgf}\n\\usepackage{qrc"
time=2025-11-20T20:22:11.250+01:00 level=INFO msg="LaTeX file created" file_path=./assets/tmp/4061473191.tex
time=2025-11-20T20:22:11.250+01:00 level=DEBUG msg="LaTeX content saved for debugging" debug_file=assets/tmp/latex_output1918091329/debug_latex.tex
time=2025-11-20T20:22:11.250+01:00 level=DEBUG msg="Running pdflatex command" command="/usr/bin/pdflatex -interaction=nonstopmode -halt-on-error -output-directory ./assets/tmp/latex_output1918091329 ./assets/tmp/4061473191.tex"
time=2025-11-20T20:22:13.538+01:00 level=INFO msg="PDF compiled successfully" pdf_size_bytes=52328
time=2025-11-20T20:22:13.538+01:00 level=INFO msg="Súbor úspešne vymazaný" file_path=./assets/tmp/1681352362.tex
time=2025-11-20T20:22:13.538+01:00 level=DEBUG msg="Merging PDFs" pdf1=assets/tmp/student_6.pdf pdf2=assets/tmp/student_50.pdf
time=2025-11-20T20:22:13.539+01:00 level=INFO msg="PDF compiled successfully" pdf_size_bytes=52124
time=2025-11-20T20:22:13.539+01:00 level=INFO msg="Súbor úspešne vymazaný" file_path=./assets/tmp/2824983460.tex
time=2025-11-20T20:22:13.650+01:00 level=INFO msg="PDF compiled successfully" pdf_size_bytes=52649
time=2025-11-20T20:22:13.650+01:00 level=INFO msg="PDF compiled successfully" pdf_size_bytes=52942
time=2025-11-20T20:22:13.650+01:00 level=INFO msg="Súbor úspešne vymazaný" file_path=./assets/tmp/4284115166.tex
time=2025-11-20T20:22:13.650+01:00 level=INFO msg="Súbor úspešne vymazaný" file_path=./assets/tmp/4061473191.tex
time=2025-11-20T20:22:13.678+01:00 level=INFO msg="PDFs merged" output_path=assets/tmp/merged.pdf
time=2025-11-20T20:22:13.679+01:00 level=DEBUG msg="Generovanie PDF" spracovaných=27 celkovo=9 exam="Matematický test" "id študenta"=50 "dokončené za"=2.686520243s
time=2025-11-20T20:22:13.679+01:00 level=INFO msg="Súbor úspešne vymazaný" file_path=assets/tmp/student_50.pdf
time=2025-11-20T20:22:13.689+01:00 level=DEBUG msg="Merging PDFs" pdf1=assets/tmp/student_6.pdf pdf2=assets/tmp/student_22.pdf
time=2025-11-20T20:22:13.742+01:00 level=INFO msg="PDF compiled successfully" pdf_size_bytes=52990
time=2025-11-20T20:22:13.743+01:00 level=INFO msg="Súbor úspešne vymazaný" file_path=./assets/tmp/4107082616.tex
time=2025-11-20T20:22:13.767+01:00 level=INFO msg="PDF compiled successfully" pdf_size_bytes=51955
time=2025-11-20T20:22:13.767+01:00 level=INFO msg="Súbor úspešne vymazaný" file_path=./assets/tmp/2404620740.tex
time=2025-11-20T20:22:13.788+01:00 level=INFO msg="PDFs merged" output_path=assets/tmp/merged.pdf
time=2025-11-20T20:22:13.792+01:00 level=DEBUG msg="Generovanie PDF" spracovaných=28 celkovo=9 exam="Matematický test" "id študenta"=22 "dokončené za"=2.795918101s
time=2025-11-20T20:22:13.792+01:00 level=INFO msg="Súbor úspešne vymazaný" file_path=assets/tmp/student_22.pdf
time=2025-11-20T20:22:13.792+01:00 level=DEBUG msg="Merging PDFs" pdf1=assets/tmp/student_6.pdf pdf2=assets/tmp/student_7.pdf
time=2025-11-20T20:22:13.852+01:00 level=INFO msg="PDFs merged" output_path=assets/tmp/merged.pdf
time=2025-11-20T20:22:13.853+01:00 level=DEBUG msg="Generovanie PDF" spracovaných=29 celkovo=9 exam="Matematický test" "id študenta"=7 "dokončené za"=2.829280538s
time=2025-11-20T20:22:13.853+01:00 level=INFO msg="Súbor úspešne vymazaný" file_path=assets/tmp/student_7.pdf
time=2025-11-20T20:22:13.853+01:00 level=DEBUG msg="Merging PDFs" pdf1=assets/tmp/student_6.pdf pdf2=assets/tmp/student_10.pdf
time=2025-11-20T20:22:13.915+01:00 level=INFO msg="PDFs merged" output_path=assets/tmp/merged.pdf
time=2025-11-20T20:22:13.916+01:00 level=DEBUG msg="Generovanie PDF" spracovaných=30 celkovo=9 exam="Matematický test" "id študenta"=10 "dokončené za"=2.891676558s
time=2025-11-20T20:22:13.917+01:00 level=INFO msg="Súbor úspešne vymazaný" file_path=assets/tmp/student_10.pdf
time=2025-11-20T20:22:13.917+01:00 level=DEBUG msg="Merging PDFs" pdf1=assets/tmp/student_6.pdf pdf2=assets/tmp/student_3.pdf
time=2025-11-20T20:22:13.951+01:00 level=INFO msg="PDF compiled successfully" pdf_size_bytes=52716
time=2025-11-20T20:22:13.951+01:00 level=INFO msg="Súbor úspešne vymazaný" file_path=./assets/tmp/2616382272.tex
time=2025-11-20T20:22:14.004+01:00 level=INFO msg="PDFs merged" output_path=assets/tmp/merged.pdf
time=2025-11-20T20:22:14.006+01:00 level=DEBUG msg="Generovanie PDF" spracovaných=31 celkovo=9 exam="Matematický test" "id študenta"=3 "dokončené za"=3.009961652s
time=2025-11-20T20:22:14.006+01:00 level=INFO msg="Súbor úspešne vymazaný" file_path=assets/tmp/student_3.pdf
time=2025-11-20T20:22:14.006+01:00 level=DEBUG msg="Merging PDFs" pdf1=assets/tmp/student_6.pdf pdf2=assets/tmp/student_21.pdf
time=2025-11-20T20:22:14.058+01:00 level=INFO msg="PDF compiled successfully" pdf_size_bytes=52588
time=2025-11-20T20:22:14.058+01:00 level=INFO msg="Súbor úspešne vymazaný" file_path=./assets/tmp/1723512036.tex
time=2025-11-20T20:22:14.093+01:00 level=INFO msg="PDFs merged" output_path=assets/tmp/merged.pdf
time=2025-11-20T20:22:14.099+01:00 level=DEBUG msg="Generovanie PDF" spracovaných=32 celkovo=9 exam="Matematický test" "id študenta"=21 "dokončené za"=3.105288221s
time=2025-11-20T20:22:14.099+01:00 level=INFO msg="Súbor úspešne vymazaný" file_path=assets/tmp/student_21.pdf
time=2025-11-20T20:22:14.099+01:00 level=DEBUG msg="Merging PDFs" pdf1=assets/tmp/student_6.pdf pdf2=assets/tmp/student_42.pdf
time=2025-11-20T20:22:14.175+01:00 level=INFO msg="PDFs merged" output_path=assets/tmp/merged.pdf
time=2025-11-20T20:22:14.184+01:00 level=DEBUG msg="Generovanie PDF" spracovaných=33 celkovo=9 exam="Matematický test" "id študenta"=42 "dokončené za"=3.186710576s
time=2025-11-20T20:22:14.184+01:00 level=INFO msg="Súbor úspešne vymazaný" file_path=assets/tmp/student_42.pdf
time=2025-11-20T20:22:14.184+01:00 level=DEBUG msg="Merging PDFs" pdf1=assets/tmp/student_6.pdf pdf2=assets/tmp/student_36.pdf
time=2025-11-20T20:22:14.308+01:00 level=INFO msg="PDFs merged" output_path=assets/tmp/merged.pdf
time=2025-11-20T20:22:14.313+01:00 level=DEBUG msg="Generovanie PDF" spracovaných=34 celkovo=9 exam="Matematický test" "id študenta"=36 "dokončené za"=3.31875426s
time=2025-11-20T20:22:14.313+01:00 level=INFO msg="Súbor úspešne vymazaný" file_path=assets/tmp/student_36.pdf
time=2025-11-20T20:22:14.510+01:00 level=INFO msg="PDF compiled successfully" pdf_size_bytes=53430
time=2025-11-20T20:22:14.510+01:00 level=INFO msg="Súbor úspešne vymazaný" file_path=./assets/tmp/3738053593.tex
time=2025-11-20T20:22:14.511+01:00 level=DEBUG msg="Merging PDFs" pdf1=assets/tmp/student_6.pdf pdf2=assets/tmp/student_32.pdf
time=2025-11-20T20:22:14.595+01:00 level=INFO msg="PDFs merged" output_path=assets/tmp/merged.pdf
time=2025-11-20T20:22:14.597+01:00 level=DEBUG msg="Generovanie PDF" spracovaných=35 celkovo=9 exam="Matematický test" "id študenta"=32 "dokončené za"=3.603853719s
time=2025-11-20T20:22:14.597+01:00 level=INFO msg="Súbor úspešne vymazaný" file_path=assets/tmp/student_32.pdf
time=2025-11-20T20:22:14.597+01:00 level=INFO msg="Processing students in room" room=AB300
time=2025-11-20T20:22:14.599+01:00 level=DEBUG msg="Found students for room" room=AB300 num_students=6
time=2025-11-20T20:22:14.599+01:00 level=DEBUG msg="Reading template file for student" student_id=44 template_path=/home/vbox/ScanEvalApp/assets/latex/templates/template_5.tex
time=2025-11-20T20:22:14.599+01:00 level=DEBUG msg="Successfully read template" student_id=44 template_size_bytes=3128
time=2025-11-20T20:22:14.599+01:00 level=DEBUG msg="Template replacement completed" student_id=44 original_template_size=3128 updated_latex_size=3109
time=2025-11-20T20:22:14.599+01:00 level=DEBUG msg="Generated LaTeX sample (first 200 chars):" student_id=44 sample="\\documentclass[12pt]{article}\n\\usepackage{tikz}\n\\usepackage{subfig}\n\\usepackage{graphicx}\n\\usepackage{xcolor}\n\\usepackage[margin=1.0in]{geometry}\n\\usepackage{fancyhdr}\n\\usepackage{pgf}\n\\usepackage{qrc"
time=2025-11-20T20:22:14.599+01:00 level=INFO msg="LaTeX file created" file_path=./assets/tmp/1288343245.tex
time=2025-11-20T20:22:14.599+01:00 level=DEBUG msg="LaTeX content saved for debugging" debug_file=assets/tmp/latex_output391633928/debug_latex.tex
time=2025-11-20T20:22:14.599+01:00 level=DEBUG msg="Running pdflatex command" command="/usr/bin/pdflatex -interaction=nonstopmode -halt-on-error -output-directory ./assets/tmp/latex_output391633928 ./assets/tmp/1288343245.tex"
time=2025-11-20T20:22:14.599+01:00 level=DEBUG msg="Reading template file for student" student_id=9 template_path=/home/vbox/ScanEvalApp/assets/latex/templates/template_5.tex
time=2025-11-20T20:22:14.599+01:00 level=DEBUG msg="Reading template file for student" student_id=11 template_path=/home/vbox/ScanEvalApp/assets/latex/templates/template_5.tex
time=2025-11-20T20:22:14.599+01:00 level=DEBUG msg="Successfully read template" student_id=9 template_size_bytes=3128
time=2025-11-20T20:22:14.599+01:00 level=DEBUG msg="Template replacement completed" student_id=9 original_template_size=3128 updated_latex_size=3107
time=2025-11-20T20:22:14.599+01:00 level=DEBUG msg="Generated LaTeX sample (first 200 chars):" student_id=9 sample="\\documentclass[12pt]{article}\n\\usepackage{tikz}\n\\usepackage{subfig}\n\\usepackage{graphicx}\n\\usepackage{xcolor}\n\\usepackage[margin=1.0in]{geometry}\n\\usepackage{fancyhdr}\n\\usepackage{pgf}\n\\usepackage{qrc"
time=2025-11-20T20:22:14.599+01:00 level=INFO msg="LaTeX file created" file_path=./assets/tmp/2868538938.tex
time=2025-11-20T20:22:14.599+01:00 level=DEBUG msg="LaTeX content saved for debugging" debug_file=assets/tmp/latex_output719338327/debug_latex.tex
time=2025-11-20T20:22:14.599+01:00 level=DEBUG msg="Running pdflatex command" command="/usr/bin/pdflatex -interaction=nonstopmode -halt-on-error -output-directory ./assets/tmp/latex_output719338327 ./assets/tmp/2868538938.tex"
time=2025-11-20T20:22:14.599+01:00 level=DEBUG msg="Successfully read template" student_id=11 template_size_bytes=3128
time=2025-11-20T20:22:14.600+01:00 level=DEBUG msg="Template replacement completed" student_id=11 original_template_size=3128 updated_latex_size=3103
time=2025-11-20T20:22:14.600+01:00 level=DEBUG msg="Generated LaTeX sample (first 200 chars):" student_id=11 sample="\\documentclass[12pt]{article}\n\\usepackage{tikz}\n\\usepackage{subfig}\n\\usepackage{graphicx}\n\\usepackage{xcolor}\n\\usepackage[margin=1.0in]{geometry}\n\\usepackage{fancyhdr}\n\\usepackage{pgf}\n\\usepackage{qrc"
time=2025-11-20T20:22:14.600+01:00 level=INFO msg="LaTeX file created" file_path=./assets/tmp/4157170683.tex
time=2025-11-20T20:22:14.600+01:00 level=DEBUG msg="LaTeX content saved for debugging" debug_file=assets/tmp/latex_output454435639/debug_latex.tex
time=2025-11-20T20:22:14.600+01:00 level=DEBUG msg="Running pdflatex command" command="/usr/bin/pdflatex -interaction=nonstopmode -halt-on-error -output-directory ./assets/tmp/latex_output454435639 ./assets/tmp/4157170683.tex"
time=2025-11-20T20:22:14.599+01:00 level=DEBUG msg="Reading template file for student" student_id=19 template_path=/home/vbox/ScanEvalApp/assets/latex/templates/template_5.tex
time=2025-11-20T20:22:14.601+01:00 level=DEBUG msg="Successfully read template" student_id=19 template_size_bytes=3128
time=2025-11-20T20:22:14.601+01:00 level=DEBUG msg="Template replacement completed" student_id=19 original_template_size=3128 updated_latex_size=3116
time=2025-11-20T20:22:14.601+01:00 level=DEBUG msg="Generated LaTeX sample (first 200 chars):" student_id=19 sample="\\documentclass[12pt]{article}\n\\usepackage{tikz}\n\\usepackage{subfig}\n\\usepackage{graphicx}\n\\usepackage{xcolor}\n\\usepackage[margin=1.0in]{geometry}\n\\usepackage{fancyhdr}\n\\usepackage{pgf}\n\\usepackage{qrc"
time=2025-11-20T20:22:14.601+01:00 level=INFO msg="LaTeX file created" file_path=./assets/tmp/4117844694.tex
time=2025-11-20T20:22:14.599+01:00 level=DEBUG msg="Reading template file for student" student_id=23 template_path=/home/vbox/ScanEvalApp/assets/latex/templates/template_5.tex
time=2025-11-20T20:22:14.602+01:00 level=DEBUG msg="LaTeX content saved for debugging" debug_file=assets/tmp/latex_output3036226498/debug_latex.tex
time=2025-11-20T20:22:14.602+01:00 level=DEBUG msg="Running pdflatex command" command="/usr/bin/pdflatex -interaction=nonstopmode -halt-on-error -output-directory ./assets/tmp/latex_output3036226498 ./assets/tmp/4117844694.tex"
time=2025-11-20T20:22:14.602+01:00 level=DEBUG msg="Successfully read template" student_id=23 template_size_bytes=3128
time=2025-11-20T20:22:14.602+01:00 level=DEBUG msg="Template replacement completed" student_id=23 original_template_size=3128 updated_latex_size=3102
time=2025-11-20T20:22:14.602+01:00 level=DEBUG msg="Generated LaTeX sample (first 200 chars):" student_id=23 sample="\\documentclass[12pt]{article}\n\\usepackage{tikz}\n\\usepackage{subfig}\n\\usepackage{graphicx}\n\\usepackage{xcolor}\n\\usepackage[margin=1.0in]{geometry}\n\\usepackage{fancyhdr}\n\\usepackage{pgf}\n\\usepackage{qrc"
time=2025-11-20T20:22:14.602+01:00 level=INFO msg="LaTeX file created" file_path=./assets/tmp/2326207715.tex
time=2025-11-20T20:22:14.602+01:00 level=DEBUG msg="LaTeX content saved for debugging" debug_file=assets/tmp/latex_output2665770142/debug_latex.tex
time=2025-11-20T20:22:14.602+01:00 level=DEBUG msg="Running pdflatex command" command="/usr/bin/pdflatex -interaction=nonstopmode -halt-on-error -output-directory ./assets/tmp/latex_output2665770142 ./assets/tmp/2326207715.tex"
time=2025-11-20T20:22:14.599+01:00 level=DEBUG msg="Reading template file for student" student_id=13 template_path=/home/vbox/ScanEvalApp/assets/latex/templates/template_5.tex
time=2025-11-20T20:22:14.603+01:00 level=DEBUG msg="Successfully read template" student_id=13 template_size_bytes=3128
time=2025-11-20T20:22:14.603+01:00 level=DEBUG msg="Template replacement completed" student_id=13 original_template_size=3128 updated_latex_size=3104
time=2025-11-20T20:22:14.603+01:00 level=DEBUG msg="Generated LaTeX sample (first 200 chars):" student_id=13 sample="\\documentclass[12pt]{article}\n\\usepackage{tikz}\n\\usepackage{subfig}\n\\usepackage{graphicx}\n\\usepackage{xcolor}\n\\usepackage[margin=1.0in]{geometry}\n\\usepackage{fancyhdr}\n\\usepackage{pgf}\n\\usepackage{qrc"
time=2025-11-20T20:22:14.603+01:00 level=INFO msg="LaTeX file created" file_path=./assets/tmp/2548094804.tex
time=2025-11-20T20:22:14.603+01:00 level=DEBUG msg="LaTeX content saved for debugging" debug_file=assets/tmp/latex_output3176361552/debug_latex.tex
time=2025-11-20T20:22:14.603+01:00 level=DEBUG msg="Running pdflatex command" command="/usr/bin/pdflatex -interaction=nonstopmode -halt-on-error -output-directory ./assets/tmp/latex_output3176361552 ./assets/tmp/2548094804.tex"
time=2025-11-20T20:22:15.990+01:00 level=INFO msg="PDF compiled successfully" pdf_size_bytes=52560
time=2025-11-20T20:22:15.990+01:00 level=INFO msg="Súbor úspešne vymazaný" file_path=./assets/tmp/4157170683.tex
time=2025-11-20T20:22:15.991+01:00 level=DEBUG msg="Merging PDFs" pdf1=assets/tmp/student_6.pdf pdf2=assets/tmp/student_11.pdf
time=2025-11-20T20:22:15.999+01:00 level=INFO msg="PDF compiled successfully" pdf_size_bytes=52511
time=2025-11-20T20:22:15.999+01:00 level=INFO msg="Súbor úspešne vymazaný" file_path=./assets/tmp/2548094804.tex
time=2025-11-20T20:22:16.117+01:00 level=INFO msg="PDFs merged" output_path=assets/tmp/merged.pdf
time=2025-11-20T20:22:16.118+01:00 level=DEBUG msg="Generovanie PDF" spracovaných=36 celkovo=6 exam="Matematický test" "id študenta"=11 "dokončené za"=1.519131505s
time=2025-11-20T20:22:16.118+01:00 level=INFO msg="Súbor úspešne vymazaný" file_path=assets/tmp/student_11.pdf
time=2025-11-20T20:22:16.118+01:00 level=DEBUG msg="Merging PDFs" pdf1=assets/tmp/student_6.pdf pdf2=assets/tmp/student_13.pdf
time=2025-11-20T20:22:16.204+01:00 level=INFO msg="PDFs merged" output_path=assets/tmp/merged.pdf
time=2025-11-20T20:22:16.205+01:00 level=DEBUG msg="Generovanie PDF" spracovaných=37 celkovo=6 exam="Matematický test" "id študenta"=13 "dokončené za"=1.605605372s
time=2025-11-20T20:22:16.205+01:00 level=INFO msg="Súbor úspešne vymazaný" file_path=assets/tmp/student_13.pdf
time=2025-11-20T20:22:16.555+01:00 level=INFO msg="PDF compiled successfully" pdf_size_bytes=52731
time=2025-11-20T20:22:16.556+01:00 level=INFO msg="Súbor úspešne vymazaný" file_path=./assets/tmp/2326207715.tex
time=2025-11-20T20:22:16.556+01:00 level=DEBUG msg="Merging PDFs" pdf1=assets/tmp/student_6.pdf pdf2=assets/tmp/student_23.pdf
time=2025-11-20T20:22:16.628+01:00 level=INFO msg="PDFs merged" output_path=assets/tmp/merged.pdf
time=2025-11-20T20:22:16.631+01:00 level=DEBUG msg="Generovanie PDF" spracovaných=38 celkovo=6 exam="Matematický test" "id študenta"=23 "dokončené za"=2.031561098s
time=2025-11-20T20:22:16.632+01:00 level=INFO msg="Súbor úspešne vymazaný" file_path=assets/tmp/student_23.pdf
time=2025-11-20T20:22:16.979+01:00 level=INFO msg="PDF compiled successfully" pdf_size_bytes=53099
time=2025-11-20T20:22:16.979+01:00 level=INFO msg="Súbor úspešne vymazaný" file_path=./assets/tmp/1288343245.tex
time=2025-11-20T20:22:16.979+01:00 level=DEBUG msg="Merging PDFs" pdf1=assets/tmp/student_6.pdf pdf2=assets/tmp/student_44.pdf
time=2025-11-20T20:22:16.988+01:00 level=INFO msg="PDF compiled successfully" pdf_size_bytes=52304
time=2025-11-20T20:22:16.988+01:00 level=INFO msg="Súbor úspešne vymazaný" file_path=./assets/tmp/2868538938.tex
time=2025-11-20T20:22:17.011+01:00 level=INFO msg="PDF compiled successfully" pdf_size_bytes=53576
time=2025-11-20T20:22:17.011+01:00 level=INFO msg="Súbor úspešne vymazaný" file_path=./assets/tmp/4117844694.tex
time=2025-11-20T20:22:17.058+01:00 level=INFO msg="PDFs merged" output_path=assets/tmp/merged.pdf
time=2025-11-20T20:22:17.064+01:00 level=DEBUG msg="Generovanie PDF" spracovaných=39 celkovo=6 exam="Matematický test" "id študenta"=44 "dokončené za"=2.465109162s
time=2025-11-20T20:22:17.064+01:00 level=INFO msg="Súbor úspešne vymazaný" file_path=assets/tmp/student_44.pdf
time=2025-11-20T20:22:17.067+01:00 level=DEBUG msg="Merging PDFs" pdf1=assets/tmp/student_6.pdf pdf2=assets/tmp/student_9.pdf
time=2025-11-20T20:22:17.147+01:00 level=INFO msg="PDFs merged" output_path=assets/tmp/merged.pdf
time=2025-11-20T20:22:17.153+01:00 level=DEBUG msg="Generovanie PDF" spracovaných=40 celkovo=6 exam="Matematický test" "id študenta"=9 "dokončené za"=2.553283297s
time=2025-11-20T20:22:17.153+01:00 level=INFO msg="Súbor úspešne vymazaný" file_path=assets/tmp/student_9.pdf
time=2025-11-20T20:22:17.153+01:00 level=DEBUG msg="Merging PDFs" pdf1=assets/tmp/student_6.pdf pdf2=assets/tmp/student_19.pdf
time=2025-11-20T20:22:17.242+01:00 level=INFO msg="PDFs merged" output_path=assets/tmp/merged.pdf
time=2025-11-20T20:22:17.251+01:00 level=DEBUG msg="Generovanie PDF" spracovaných=41 celkovo=6 exam="Matematický test" "id študenta"=19 "dokončené za"=2.651604246s
time=2025-11-20T20:22:17.251+01:00 level=INFO msg="Súbor úspešne vymazaný" file_path=assets/tmp/student_19.pdf
time=2025-11-20T20:22:17.251+01:00 level=INFO msg="Processing students in room" room=BC300
time=2025-11-20T20:22:17.251+01:00 level=DEBUG msg="Found students for room" room=BC300 num_students=9
time=2025-11-20T20:22:17.251+01:00 level=DEBUG msg="Reading template file for student" student_id=48 template_path=/home/vbox/ScanEvalApp/assets/latex/templates/template_5.tex
time=2025-11-20T20:22:17.251+01:00 level=DEBUG msg="Successfully read template" student_id=48 template_size_bytes=3128
time=2025-11-20T20:22:17.251+01:00 level=DEBUG msg="Template replacement completed" student_id=48 original_template_size=3128 updated_latex_size=3105
time=2025-11-20T20:22:17.251+01:00 level=DEBUG msg="Generated LaTeX sample (first 200 chars):" student_id=48 sample="\\documentclass[12pt]{article}\n\\usepackage{tikz}\n\\usepackage{subfig}\n\\usepackage{graphicx}\n\\usepackage{xcolor}\n\\usepackage[margin=1.0in]{geometry}\n\\usepackage{fancyhdr}\n\\usepackage{pgf}\n\\usepackage{qrc"
time=2025-11-20T20:22:17.252+01:00 level=INFO msg="LaTeX file created" file_path=./assets/tmp/299892116.tex
time=2025-11-20T20:22:17.252+01:00 level=DEBUG msg="LaTeX content saved for debugging" debug_file=assets/tmp/latex_output1243563388/debug_latex.tex
time=2025-11-20T20:22:17.252+01:00 level=DEBUG msg="Running pdflatex command" command="/usr/bin/pdflatex -interaction=nonstopmode -halt-on-error -output-directory ./assets/tmp/latex_output1243563388 ./assets/tmp/299892116.tex"
time=2025-11-20T20:22:17.252+01:00 level=DEBUG msg="Reading template file for student" student_id=27 template_path=/home/vbox/ScanEvalApp/assets/latex/templates/template_5.tex
time=2025-11-20T20:22:17.252+01:00 level=DEBUG msg="Reading template file for student" student_id=38 template_path=/home/vbox/ScanEvalApp/assets/latex/templates/template_5.tex
time=2025-11-20T20:22:17.252+01:00 level=DEBUG msg="Successfully read template" student_id=27 template_size_bytes=3128
time=2025-11-20T20:22:17.252+01:00 level=DEBUG msg="Template replacement completed" student_id=27 original_template_size=3128 updated_latex_size=3102
time=2025-11-20T20:22:17.252+01:00 level=DEBUG msg="Generated LaTeX sample (first 200 chars):" student_id=27 sample="\\documentclass[12pt]{article}\n\\usepackage{tikz}\n\\usepackage{subfig}\n\\usepackage{graphicx}\n\\usepackage{xcolor}\n\\usepackage[margin=1.0in]{geometry}\n\\usepackage{fancyhdr}\n\\usepackage{pgf}\n\\usepackage{qrc"
time=2025-11-20T20:22:17.252+01:00 level=DEBUG msg="Successfully read template" student_id=38 template_size_bytes=3128
time=2025-11-20T20:22:17.252+01:00 level=DEBUG msg="Template replacement completed" student_id=38 original_template_size=3128 updated_latex_size=3106
time=2025-11-20T20:22:17.252+01:00 level=DEBUG msg="Reading template file for student" student_id=35 template_path=/home/vbox/ScanEvalApp/assets/latex/templates/template_5.tex
time=2025-11-20T20:22:17.252+01:00 level=DEBUG msg="Generated LaTeX sample (first 200 chars):" student_id=38 sample="\\documentclass[12pt]{article}\n\\usepackage{tikz}\n\\usepackage{subfig}\n\\usepackage{graphicx}\n\\usepackage{xcolor}\n\\usepackage[margin=1.0in]{geometry}\n\\usepackage{fancyhdr}\n\\usepackage{pgf}\n\\usepackage{qrc"
time=2025-11-20T20:22:17.252+01:00 level=DEBUG msg="Successfully read template" student_id=35 template_size_bytes=3128
time=2025-11-20T20:22:17.252+01:00 level=INFO msg="LaTeX file created" file_path=./assets/tmp/935094058.tex
time=2025-11-20T20:22:17.252+01:00 level=DEBUG msg="LaTeX content saved for debugging" debug_file=assets/tmp/latex_output2929848803/debug_latex.tex
time=2025-11-20T20:22:17.252+01:00 level=DEBUG msg="Template replacement completed" student_id=35 original_template_size=3128 updated_latex_size=3105
time=2025-11-20T20:22:17.252+01:00 level=DEBUG msg="Generated LaTeX sample (first 200 chars):" student_id=35 sample="\\documentclass[12pt]{article}\n\\usepackage{tikz}\n\\usepackage{subfig}\n\\usepackage{graphicx}\n\\usepackage{xcolor}\n\\usepackage[margin=1.0in]{geometry}\n\\usepackage{fancyhdr}\n\\usepackage{pgf}\n\\usepackage{qrc"
time=2025-11-20T20:22:17.252+01:00 level=DEBUG msg="Running pdflatex command" command="/usr/bin/pdflatex -interaction=nonstopmode -halt-on-error -output-directory ./assets/tmp/latex_output2929848803 ./assets/tmp/935094058.tex"
time=2025-11-20T20:22:17.252+01:00 level=INFO msg="LaTeX file created" file_path=./assets/tmp/3726380409.tex
time=2025-11-20T20:22:17.252+01:00 level=DEBUG msg="LaTeX content saved for debugging" debug_file=assets/tmp/latex_output3140034772/debug_latex.tex
time=2025-11-20T20:22:17.252+01:00 level=DEBUG msg="Running pdflatex command" command="/usr/bin/pdflatex -interaction=nonstopmode -halt-on-error -output-directory ./assets/tmp/latex_output3140034772 ./assets/tmp/3726380409.tex"
time=2025-11-20T20:22:17.255+01:00 level=INFO msg="LaTeX file created" file_path=./assets/tmp/1324424569.tex
time=2025-11-20T20:22:17.255+01:00 level=DEBUG msg="LaTeX content saved for debugging" debug_file=assets/tmp/latex_output2488811881/debug_latex.tex
time=2025-11-20T20:22:17.255+01:00 level=DEBUG msg="Running pdflatex command" command="/usr/bin/pdflatex -interaction=nonstopmode -halt-on-error -output-directory ./assets/tmp/latex_output2488811881 ./assets/tmp/1324424569.tex"
time=2025-11-20T20:22:17.256+01:00 level=DEBUG msg="Reading template file for student" student_id=40 template_path=/home/vbox/ScanEvalApp/assets/latex/templates/template_5.tex
time=2025-11-20T20:22:17.256+01:00 level=DEBUG msg="Successfully read template" student_id=40 template_size_bytes=3128
time=2025-11-20T20:22:17.256+01:00 level=DEBUG msg="Template replacement completed" student_id=40 original_template_size=3128 updated_latex_size=3102
time=2025-11-20T20:22:17.256+01:00 level=DEBUG msg="Generated LaTeX sample (first 200 chars):" student_id=40 sample="\\documentclass[12pt]{article}\n\\usepackage{tikz}\n\\usepackage{subfig}\n\\usepackage{graphicx}\n\\usepackage{xcolor}\n\\usepackage[margin=1.0in]{geometry}\n\\usepackage{fancyhdr}\n\\usepackage{pgf}\n\\usepackage{qrc"
time=2025-11-20T20:22:17.256+01:00 level=INFO msg="LaTeX file created" file_path=./assets/tmp/2563119640.tex
time=2025-11-20T20:22:17.256+01:00 level=DEBUG msg="LaTeX content saved for debugging" debug_file=assets/tmp/latex_output720168805/debug_latex.tex
time=2025-11-20T20:22:17.256+01:00 level=DEBUG msg="Running pdflatex command" command="/usr/bin/pdflatex -interaction=nonstopmode -halt-on-error -output-directory ./assets/tmp/latex_output720168805 ./assets/tmp/2563119640.tex"
time=2025-11-20T20:22:17.252+01:00 level=DEBUG msg="Reading template file for student" student_id=18 template_path=/home/vbox/ScanEvalApp/assets/latex/templates/template_5.tex
time=2025-11-20T20:22:18.227+01:00 level=DEBUG msg="Successfully read template" student_id=18 template_size_bytes=3128
time=2025-11-20T20:22:18.227+01:00 level=DEBUG msg="Template replacement completed" student_id=18 original_template_size=3128 updated_latex_size=3104
time=2025-11-20T20:22:18.227+01:00 level=DEBUG msg="Generated LaTeX sample (first 200 chars):" student_id=18 sample="\\documentclass[12pt]{article}\n\\usepackage{tikz}\n\\usepackage{subfig}\n\\usepackage{graphicx}\n\\usepackage{xcolor}\n\\usepackage[margin=1.0in]{geometry}\n\\usepackage{fancyhdr}\n\\usepackage{pgf}\n\\usepackage{qrc"
time=2025-11-20T20:22:18.227+01:00 level=INFO msg="LaTeX file created" file_path=./assets/tmp/2593534513.tex
time=2025-11-20T20:22:18.227+01:00 level=DEBUG msg="LaTeX content saved for debugging" debug_file=assets/tmp/latex_output2077004446/debug_latex.tex
time=2025-11-20T20:22:18.227+01:00 level=DEBUG msg="Running pdflatex command" command="/usr/bin/pdflatex -interaction=nonstopmode -halt-on-error -output-directory ./assets/tmp/latex_output2077004446 ./assets/tmp/2593534513.tex"
time=2025-11-20T20:22:18.510+01:00 level=DEBUG msg="Reading template file for student" student_id=45 template_path=/home/vbox/ScanEvalApp/assets/latex/templates/template_5.tex
time=2025-11-20T20:22:18.511+01:00 level=DEBUG msg="Successfully read template" student_id=45 template_size_bytes=3128
time=2025-11-20T20:22:18.511+01:00 level=DEBUG msg="Template replacement completed" student_id=45 original_template_size=3128 updated_latex_size=3105
time=2025-11-20T20:22:18.511+01:00 level=DEBUG msg="Generated LaTeX sample (first 200 chars):" student_id=45 sample="\\documentclass[12pt]{article}\n\\usepackage{tikz}\n\\usepackage{subfig}\n\\usepackage{graphicx}\n\\usepackage{xcolor}\n\\usepackage[margin=1.0in]{geometry}\n\\usepackage{fancyhdr}\n\\usepackage{pgf}\n\\usepackage{qrc"
time=2025-11-20T20:22:18.511+01:00 level=INFO msg="LaTeX file created" file_path=./assets/tmp/3165790026.tex
time=2025-11-20T20:22:18.511+01:00 level=DEBUG msg="LaTeX content saved for debugging" debug_file=assets/tmp/latex_output183199364/debug_latex.tex
time=2025-11-20T20:22:18.511+01:00 level=DEBUG msg="Running pdflatex command" command="/usr/bin/pdflatex -interaction=nonstopmode -halt-on-error -output-directory ./assets/tmp/latex_output183199364 ./assets/tmp/3165790026.tex"
time=2025-11-20T20:22:17.252+01:00 level=DEBUG msg="Reading template file for student" student_id=12 template_path=/home/vbox/ScanEvalApp/assets/latex/templates/template_5.tex
time=2025-11-20T20:22:18.517+01:00 level=DEBUG msg="Successfully read template" student_id=12 template_size_bytes=3128
time=2025-11-20T20:22:18.517+01:00 level=DEBUG msg="Template replacement completed" student_id=12 original_template_size=3128 updated_latex_size=3105
time=2025-11-20T20:22:18.517+01:00 level=DEBUG msg="Generated LaTeX sample (first 200 chars):" student_id=12 sample="\\documentclass[12pt]{article}\n\\usepackage{tikz}\n\\usepackage{subfig}\n\\usepackage{graphicx}\n\\usepackage{xcolor}\n\\usepackage[margin=1.0in]{geometry}\n\\usepackage{fancyhdr}\n\\usepackage{pgf}\n\\usepackage{qrc"
time=2025-11-20T20:22:18.517+01:00 level=INFO msg="LaTeX file created" file_path=./assets/tmp/880279257.tex
time=2025-11-20T20:22:18.517+01:00 level=DEBUG msg="LaTeX content saved for debugging" debug_file=assets/tmp/latex_output1957459302/debug_latex.tex
time=2025-11-20T20:22:18.517+01:00 level=DEBUG msg="Running pdflatex command" command="/usr/bin/pdflatex -interaction=nonstopmode -halt-on-error -output-directory ./assets/tmp/latex_output1957459302 ./assets/tmp/880279257.tex"
time=2025-11-20T20:22:17.252+01:00 level=DEBUG msg="Reading template file for student" student_id=24 template_path=/home/vbox/ScanEvalApp/assets/latex/templates/template_5.tex
time=2025-11-20T20:22:19.225+01:00 level=DEBUG msg="Successfully read template" student_id=24 template_size_bytes=3128
time=2025-11-20T20:22:19.226+01:00 level=DEBUG msg="Template replacement completed" student_id=24 original_template_size=3128 updated_latex_size=3104
time=2025-11-20T20:22:19.226+01:00 level=DEBUG msg="Generated LaTeX sample (first 200 chars):" student_id=24 sample="\\documentclass[12pt]{article}\n\\usepackage{tikz}\n\\usepackage{subfig}\n\\usepackage{graphicx}\n\\usepackage{xcolor}\n\\usepackage[margin=1.0in]{geometry}\n\\usepackage{fancyhdr}\n\\usepackage{pgf}\n\\usepackage{qrc"
time=2025-11-20T20:22:19.226+01:00 level=INFO msg="LaTeX file created" file_path=./assets/tmp/841318660.tex
time=2025-11-20T20:22:19.226+01:00 level=DEBUG msg="LaTeX content saved for debugging" debug_file=assets/tmp/latex_output949219801/debug_latex.tex
time=2025-11-20T20:22:19.226+01:00 level=DEBUG msg="Running pdflatex command" command="/usr/bin/pdflatex -interaction=nonstopmode -halt-on-error -output-directory ./assets/tmp/latex_output949219801 ./assets/tmp/841318660.tex"
time=2025-11-20T20:22:19.229+01:00 level=INFO msg="PDF compiled successfully" pdf_size_bytes=52563
time=2025-11-20T20:22:19.229+01:00 level=INFO msg="Súbor úspešne vymazaný" file_path=./assets/tmp/1324424569.tex
time=2025-11-20T20:22:19.231+01:00 level=DEBUG msg="Merging PDFs" pdf1=assets/tmp/student_6.pdf pdf2=assets/tmp/student_27.pdf
time=2025-11-20T20:22:19.231+01:00 level=INFO msg="PDF compiled successfully" pdf_size_bytes=52441
time=2025-11-20T20:22:19.231+01:00 level=INFO msg="Súbor úspešne vymazaný" file_path=./assets/tmp/299892116.tex
time=2025-11-20T20:22:19.244+01:00 level=INFO msg="PDF compiled successfully" pdf_size_bytes=52926
time=2025-11-20T20:22:19.244+01:00 level=INFO msg="Súbor úspešne vymazaný" file_path=./assets/tmp/3726380409.tex
time=2025-11-20T20:22:19.337+01:00 level=INFO msg="PDFs merged" output_path=assets/tmp/merged.pdf
time=2025-11-20T20:22:19.338+01:00 level=DEBUG msg="Generovanie PDF" spracovaných=42 celkovo=9 exam="Matematický test" "id študenta"=27 "dokončené za"=2.086057747s
time=2025-11-20T20:22:19.338+01:00 level=INFO msg="Súbor úspešne vymazaný" file_path=assets/tmp/student_27.pdf
time=2025-11-20T20:22:19.338+01:00 level=DEBUG msg="Merging PDFs" pdf1=assets/tmp/student_6.pdf pdf2=assets/tmp/student_48.pdf
time=2025-11-20T20:22:19.422+01:00 level=INFO msg="PDFs merged" output_path=assets/tmp/merged.pdf
time=2025-11-20T20:22:19.425+01:00 level=DEBUG msg="Generovanie PDF" spracovaných=43 celkovo=9 exam="Matematický test" "id študenta"=48 "dokončené za"=2.173164623s
time=2025-11-20T20:22:19.425+01:00 level=INFO msg="Súbor úspešne vymazaný" file_path=assets/tmp/student_48.pdf
time=2025-11-20T20:22:19.425+01:00 level=DEBUG msg="Merging PDFs" pdf1=assets/tmp/student_6.pdf pdf2=assets/tmp/student_35.pdf
time=2025-11-20T20:22:19.658+01:00 level=INFO msg="PDF compiled successfully" pdf_size_bytes=52652
time=2025-11-20T20:22:19.659+01:00 level=INFO msg="Súbor úspešne vymazaný" file_path=./assets/tmp/2563119640.tex
time=2025-11-20T20:22:19.736+01:00 level=INFO msg="PDFs merged" output_path=assets/tmp/merged.pdf
time=2025-11-20T20:22:19.743+01:00 level=DEBUG msg="Generovanie PDF" spracovaných=44 celkovo=9 exam="Matematický test" "id študenta"=35 "dokončené za"=2.490828579s
time=2025-11-20T20:22:19.743+01:00 level=INFO msg="Súbor úspešne vymazaný" file_path=assets/tmp/student_35.pdf
time=2025-11-20T20:22:19.743+01:00 level=DEBUG msg="Merging PDFs" pdf1=assets/tmp/student_6.pdf pdf2=assets/tmp/student_40.pdf
time=2025-11-20T20:22:19.851+01:00 level=INFO msg="PDFs merged" output_path=assets/tmp/merged.pdf
time=2025-11-20T20:22:19.875+01:00 level=DEBUG msg="Generovanie PDF" spracovaných=45 celkovo=9 exam="Matematický test" "id študenta"=40 "dokončené za"=2.619623375s
time=2025-11-20T20:22:19.875+01:00 level=INFO msg="Súbor úspešne vymazaný" file_path=assets/tmp/student_40.pdf
time=2025-11-20T20:22:19.944+01:00 level=INFO msg="PDF compiled successfully" pdf_size_bytes=52430
time=2025-11-20T20:22:19.945+01:00 level=INFO msg="Súbor úspešne vymazaný" file_path=./assets/tmp/935094058.tex
time=2025-11-20T20:22:19.945+01:00 level=DEBUG msg="Merging PDFs" pdf1=assets/tmp/student_6.pdf pdf2=assets/tmp/student_38.pdf
time=2025-11-20T20:22:20.112+01:00 level=INFO msg="PDFs merged" output_path=assets/tmp/merged.pdf
time=2025-11-20T20:22:20.113+01:00 level=DEBUG msg="Generovanie PDF" spracovaných=46 celkovo=9 exam="Matematický test" "id študenta"=38 "dokončené za"=2.861533036s
time=2025-11-20T20:22:20.113+01:00 level=INFO msg="Súbor úspešne vymazaný" file_path=assets/tmp/student_38.pdf
time=2025-11-20T20:22:20.144+01:00 level=INFO msg="PDF compiled successfully" pdf_size_bytes=52911
time=2025-11-20T20:22:20.144+01:00 level=INFO msg="Súbor úspešne vymazaný" file_path=./assets/tmp/2593534513.tex
time=2025-11-20T20:22:20.145+01:00 level=DEBUG msg="Merging PDFs" pdf1=assets/tmp/student_6.pdf pdf2=assets/tmp/student_18.pdf
time=2025-11-20T20:22:20.244+01:00 level=INFO msg="PDFs merged" output_path=assets/tmp/merged.pdf
time=2025-11-20T20:22:20.247+01:00 level=DEBUG msg="Generovanie PDF" spracovaných=47 celkovo=9 exam="Matematický test" "id študenta"=18 "dokončené za"=2.995235878s
time=2025-11-20T20:22:20.248+01:00 level=INFO msg="Súbor úspešne vymazaný" file_path=assets/tmp/student_18.pdf
time=2025-11-20T20:22:20.406+01:00 level=INFO msg="PDF compiled successfully" pdf_size_bytes=52561
time=2025-11-20T20:22:20.406+01:00 level=INFO msg="Súbor úspešne vymazaný" file_path=./assets/tmp/880279257.tex
time=2025-11-20T20:22:20.407+01:00 level=DEBUG msg="Merging PDFs" pdf1=assets/tmp/student_6.pdf pdf2=assets/tmp/student_12.pdf
time=2025-11-20T20:22:20.434+01:00 level=INFO msg="PDF compiled successfully" pdf_size_bytes=53013
time=2025-11-20T20:22:20.434+01:00 level=INFO msg="Súbor úspešne vymazaný" file_path=./assets/tmp/3165790026.tex
time=2025-11-20T20:22:20.520+01:00 level=INFO msg="PDFs merged" output_path=assets/tmp/merged.pdf
time=2025-11-20T20:22:20.533+01:00 level=DEBUG msg="Generovanie PDF" spracovaných=48 celkovo=9 exam="Matematický test" "id študenta"=12 "dokončené za"=3.280935272s
time=2025-11-20T20:22:20.533+01:00 level=INFO msg="Súbor úspešne vymazaný" file_path=assets/tmp/student_12.pdf
time=2025-11-20T20:22:20.535+01:00 level=DEBUG msg="Merging PDFs" pdf1=assets/tmp/student_6.pdf pdf2=assets/tmp/student_45.pdf
time=2025-11-20T20:22:20.629+01:00 level=INFO msg="PDFs merged" output_path=assets/tmp/merged.pdf
time=2025-11-20T20:22:20.639+01:00 level=DEBUG msg="Generovanie PDF" spracovaných=49 celkovo=9 exam="Matematický test" "id študenta"=45 "dokončené za"=2.128169192s
time=2025-11-20T20:22:20.640+01:00 level=INFO msg="Súbor úspešne vymazaný" file_path=assets/tmp/student_45.pdf
time=2025-11-20T20:22:21.362+01:00 level=INFO msg="PDF compiled successfully" pdf_size_bytes=52392
time=2025-11-20T20:22:21.362+01:00 level=INFO msg="Súbor úspešne vymazaný" file_path=./assets/tmp/841318660.tex
time=2025-11-20T20:22:21.362+01:00 level=DEBUG msg="Merging PDFs" pdf1=assets/tmp/student_6.pdf pdf2=assets/tmp/student_24.pdf
time=2025-11-20T20:22:21.461+01:00 level=INFO msg="PDFs merged" output_path=assets/tmp/merged.pdf
time=2025-11-20T20:22:21.469+01:00 level=DEBUG msg="Generovanie PDF" spracovaných=50 celkovo=9 exam="Matematický test" "id študenta"=24 "dokončené za"=4.21657673s
time=2025-11-20T20:22:21.469+01:00 level=INFO msg="Súbor úspešne vymazaný" file_path=assets/tmp/student_24.pdf
time=2025-11-20T20:22:21.479+01:00 level=DEBUG msg="Celkový čas generovania PDF" duration=22.694164906s
time=2025-11-20T20:22:21.479+01:00 level=INFO msg="Výsledné PDF úspešne uložené do" output_PDF_path=/home/vbox/Documents/Matematicky_test1.pdf
time=2025-11-20T20:22:21.489+01:00 level=INFO msg="Úspešne vygenerované PDF pre skúšku" examID=1
time=2025-11-20T20:23:47.333+01:00 level=DEBUG msg="Current working directory" working_directory=/home/vbox/ScanEvalApp
time=2025-11-20T20:23:47.333+01:00 level=DEBUG msg="Starting PDF generation" exam_id=1
time=2025-11-20T20:23:47.333+01:00 level=DEBUG msg="Exam details loaded" exam_id=1 exam_title="Matematický test" option_count=5 question_count=40
time=2025-11-20T20:23:47.333+01:00 level=DEBUG msg="GetTemplatePath called" input_option_count=5
time=2025-11-20T20:23:47.333+01:00 level=DEBUG msg="Template path construction" template_file=template_5.tex base_path=./assets/latex/templates/ full_path=assets/latex/templates/template_5.tex
time=2025-11-20T20:23:47.333+01:00 level=DEBUG msg="GetTemplatePath result" absolute_path=/home/vbox/ScanEvalApp/assets/latex/templates/template_5.tex
time=2025-11-20T20:23:47.333+01:00 level=DEBUG msg="=== TEMPLATE PATH DEBUGGING ==="
time=2025-11-20T20:23:47.333+01:00 level=DEBUG msg="Template path result" template_path=/home/vbox/ScanEvalApp/assets/latex/templates/template_5.tex input_option_count=5
time=2025-11-20T20:23:47.333+01:00 level=INFO msg="=== TEMPLATE FILE FOUND ===" template_path=/home/vbox/ScanEvalApp/assets/latex/templates/template_5.tex file_size=3128 file_mod_time=2025-11-20T20:08:55.156+01:00
time=2025-11-20T20:23:47.333+01:00 level=INFO msg="Using template" template_path=/home/vbox/ScanEvalApp/assets/latex/templates/template_5.tex option_count=5
time=2025-11-20T20:23:47.333+01:00 level=DEBUG msg="Starting parallel PDF generation" option_count=5 template_path=/home/vbox/ScanEvalApp/assets/latex/templates/template_5.tex num_rooms=5
time=2025-11-20T20:23:47.333+01:00 level=INFO msg="Processing students in room" room=DE300
time=2025-11-20T20:23:47.334+01:00 level=DEBUG msg="Found students for room" room=DE300 num_students=11
time=2025-11-20T20:23:47.334+01:00 level=DEBUG msg="Reading template file for student" student_id=46 template_path=/home/vbox/ScanEvalApp/assets/latex/templates/template_5.tex
time=2025-11-20T20:23:47.334+01:00 level=DEBUG msg="Successfully read template" student_id=46 template_size_bytes=3128
time=2025-11-20T20:23:47.334+01:00 level=DEBUG msg="Template replacement completed" student_id=46 original_template_size=3128 updated_latex_size=3106
time=2025-11-20T20:23:47.334+01:00 level=DEBUG msg="Generated LaTeX sample (first 200 chars):" student_id=46 sample="\\documentclass[12pt]{article}\n\\usepackage{tikz}\n\\usepackage{subfig}\n\\usepackage{graphicx}\n\\usepackage{xcolor}\n\\usepackage[margin=1.0in]{geometry}\n\\usepackage{fancyhdr}\n\\usepackage{pgf}\n\\usepackage{qrc"
time=2025-11-20T20:23:47.334+01:00 level=INFO msg="LaTeX file created" file_path=./assets/tmp/2104740376.tex
time=2025-11-20T20:23:47.334+01:00 level=DEBUG msg="LaTeX content saved for debugging" debug_file=assets/tmp/latex_output4097814735/debug_latex.tex
time=2025-11-20T20:23:47.334+01:00 level=DEBUG msg="Running pdflatex command" command="/usr/bin/pdflatex -interaction=nonstopmode -halt-on-error -output-directory ./assets/tmp/latex_output4097814735 ./assets/tmp/2104740376.tex"
time=2025-11-20T20:23:47.334+01:00 level=DEBUG msg="Reading template file for student" student_id=16 template_path=/home/vbox/ScanEvalApp/assets/latex/templates/template_5.tex
time=2025-11-20T20:23:47.334+01:00 level=DEBUG msg="Successfully read template" student_id=16 template_size_bytes=3128
time=2025-11-20T20:23:47.335+01:00 level=DEBUG msg="Template replacement completed" student_id=16 original_template_size=3128 updated_latex_size=3105
time=2025-11-20T20:23:47.335+01:00 level=DEBUG msg="Generated LaTeX sample (first 200 chars):" student_id=16 sample="\\documentclass[12pt]{article}\n\\usepackage{tikz}\n\\usepackage{subfig}\n\\usepackage{graphicx}\n\\usepackage{xcolor}\n\\usepackage[margin=1.0in]{geometry}\n\\usepackage{fancyhdr}\n\\usepackage{pgf}\n\\usepackage{qrc"
time=2025-11-20T20:23:47.335+01:00 level=INFO msg="LaTeX file created" file_path=./assets/tmp/2101480793.tex
time=2025-11-20T20:23:47.335+01:00 level=DEBUG msg="LaTeX content saved for debugging" debug_file=assets/tmp/latex_output904415899/debug_latex.tex
time=2025-11-20T20:23:47.335+01:00 level=DEBUG msg="Running pdflatex command" command="/usr/bin/pdflatex -interaction=nonstopmode -halt-on-error -output-directory ./assets/tmp/latex_output904415899 ./assets/tmp/2101480793.tex"
time=2025-11-20T20:23:47.350+01:00 level=DEBUG msg="Reading template file for student" student_id=6 template_path=/home/vbox/ScanEvalApp/assets/latex/templates/template_5.tex
time=2025-11-20T20:23:47.350+01:00 level=DEBUG msg="Successfully read template" student_id=6 template_size_bytes=3128
time=2025-11-20T20:23:47.350+01:00 level=DEBUG msg="Template replacement completed" student_id=6 original_template_size=3128 updated_latex_size=3113
time=2025-11-20T20:23:47.350+01:00 level=DEBUG msg="Generated LaTeX sample (first 200 chars):" student_id=6 sample="\\documentclass[12pt]{article}\n\\usepackage{tikz}\n\\usepackage{subfig}\n\\usepackage{graphicx}\n\\usepackage{xcolor}\n\\usepackage[margin=1.0in]{geometry}\n\\usepackage{fancyhdr}\n\\usepackage{pgf}\n\\usepackage{qrc"
time=2025-11-20T20:23:47.350+01:00 level=INFO msg="LaTeX file created" file_path=./assets/tmp/4275081235.tex
time=2025-11-20T20:23:47.350+01:00 level=DEBUG msg="LaTeX content saved for debugging" debug_file=assets/tmp/latex_output852547083/debug_latex.tex
time=2025-11-20T20:23:47.350+01:00 level=DEBUG msg="Running pdflatex command" command="/usr/bin/pdflatex -interaction=nonstopmode -halt-on-error -output-directory ./assets/tmp/latex_output852547083 ./assets/tmp/4275081235.tex"
time=2025-11-20T20:23:47.353+01:00 level=DEBUG msg="Reading template file for student" student_id=25 template_path=/home/vbox/ScanEvalApp/assets/latex/templates/template_5.tex
time=2025-11-20T20:23:47.354+01:00 level=DEBUG msg="Successfully read template" student_id=25 template_size_bytes=3128
time=2025-11-20T20:23:47.354+01:00 level=DEBUG msg="Template replacement completed" student_id=25 original_template_size=3128 updated_latex_size=3113
time=2025-11-20T20:23:47.354+01:00 level=DEBUG msg="Generated LaTeX sample (first 200 chars):" student_id=25 sample="\\documentclass[12pt]{article}\n\\usepackage{tikz}\n\\usepackage{subfig}\n\\usepackage{graphicx}\n\\usepackage{xcolor}\n\\usepackage[margin=1.0in]{geometry}\n\\usepackage{fancyhdr}\n\\usepackage{pgf}\n\\usepackage{qrc"
time=2025-11-20T20:23:47.354+01:00 level=INFO msg="LaTeX file created" file_path=./assets/tmp/715329872.tex
time=2025-11-20T20:23:47.354+01:00 level=DEBUG msg="LaTeX content saved for debugging" debug_file=assets/tmp/latex_output3502364931/debug_latex.tex
time=2025-11-20T20:23:47.354+01:00 level=DEBUG msg="Running pdflatex command" command="/usr/bin/pdflatex -interaction=nonstopmode -halt-on-error -output-directory ./assets/tmp/latex_output3502364931 ./assets/tmp/715329872.tex"
time=2025-11-20T20:23:47.361+01:00 level=DEBUG msg="Reading template file for student" student_id=14 template_path=/home/vbox/ScanEvalApp/assets/latex/templates/template_5.tex
time=2025-11-20T20:23:47.361+01:00 level=DEBUG msg="Successfully read template" student_id=14 template_size_bytes=3128
time=2025-11-20T20:23:47.361+01:00 level=DEBUG msg="Template replacement completed" student_id=14 original_template_size=3128 updated_latex_size=3104
time=2025-11-20T20:23:47.361+01:00 level=DEBUG msg="Generated LaTeX sample (first 200 chars):" student_id=14 sample="\\documentclass[12pt]{article}\n\\usepackage{tikz}\n\\usepackage{subfig}\n\\usepackage{graphicx}\n\\usepackage{xcolor}\n\\usepackage[margin=1.0in]{geometry}\n\\usepackage{fancyhdr}\n\\usepackage{pgf}\n\\usepackage{qrc"
time=2025-11-20T20:23:47.361+01:00 level=INFO msg="LaTeX file created" file_path=./assets/tmp/440923590.tex
time=2025-11-20T20:23:47.361+01:00 level=DEBUG msg="LaTeX content saved for debugging" debug_file=assets/tmp/latex_output825589378/debug_latex.tex
time=2025-11-20T20:23:47.361+01:00 level=DEBUG msg="Running pdflatex command" command="/usr/bin/pdflatex -interaction=nonstopmode -halt-on-error -output-directory ./assets/tmp/latex_output825589378 ./assets/tmp/440923590.tex"
time=2025-11-20T20:23:47.364+01:00 level=DEBUG msg="Reading template file for student" student_id=37 template_path=/home/vbox/ScanEvalApp/assets/latex/templates/template_5.tex
time=2025-11-20T20:23:47.364+01:00 level=DEBUG msg="Successfully read template" student_id=37 template_size_bytes=3128
time=2025-11-20T20:23:47.364+01:00 level=DEBUG msg="Reading template file for student" student_id=15 template_path=/home/vbox/ScanEvalApp/assets/latex/templates/template_5.tex
time=2025-11-20T20:23:47.364+01:00 level=DEBUG msg="Successfully read template" student_id=15 template_size_bytes=3128
time=2025-11-20T20:23:47.364+01:00 level=DEBUG msg="Reading template file for student" student_id=28 template_path=/home/vbox/ScanEvalApp/assets/latex/templates/template_5.tex
time=2025-11-20T20:23:47.364+01:00 level=DEBUG msg="Successfully read template" student_id=28 template_size_bytes=3128
time=2025-11-20T20:23:47.364+01:00 level=DEBUG msg="Template replacement completed" student_id=28 original_template_size=3128 updated_latex_size=3104
time=2025-11-20T20:23:47.364+01:00 level=DEBUG msg="Generated LaTeX sample (first 200 chars):" student_id=28 sample="\\documentclass[12pt]{article}\n\\usepackage{tikz}\n\\usepackage{subfig}\n\\usepackage{graphicx}\n\\usepackage{xcolor}\n\\usepackage[margin=1.0in]{geometry}\n\\usepackage{fancyhdr}\n\\usepackage{pgf}\n\\usepackage{qrc"
time=2025-11-20T20:23:47.364+01:00 level=INFO msg="LaTeX file created" file_path=./assets/tmp/2033396411.tex
time=2025-11-20T20:23:47.365+01:00 level=DEBUG msg="LaTeX content saved for debugging" debug_file=assets/tmp/latex_output3991452709/debug_latex.tex
time=2025-11-20T20:23:47.365+01:00 level=DEBUG msg="Running pdflatex command" command="/usr/bin/pdflatex -interaction=nonstopmode -halt-on-error -output-directory ./assets/tmp/latex_output3991452709 ./assets/tmp/2033396411.tex"
time=2025-11-20T20:23:47.388+01:00 level=DEBUG msg="Reading template file for student" student_id=39 template_path=/home/vbox/ScanEvalApp/assets/latex/templates/template_5.tex
time=2025-11-20T20:23:47.388+01:00 level=DEBUG msg="Successfully read template" student_id=39 template_size_bytes=3128
time=2025-11-20T20:23:47.388+01:00 level=DEBUG msg="Template replacement completed" student_id=39 original_template_size=3128 updated_latex_size=3105
time=2025-11-20T20:23:47.388+01:00 level=DEBUG msg="Generated LaTeX sample (first 200 chars):" student_id=39 sample="\\documentclass[12pt]{article}\n\\usepackage{tikz}\n\\usepackage{subfig}\n\\usepackage{graphicx}\n\\usepackage{xcolor}\n\\usepackage[margin=1.0in]{geometry}\n\\usepackage{fancyhdr}\n\\usepackage{pgf}\n\\usepackage{qrc"
time=2025-11-20T20:23:47.388+01:00 level=INFO msg="LaTeX file created" file_path=./assets/tmp/3640373494.tex
time=2025-11-20T20:23:47.388+01:00 level=DEBUG msg="LaTeX content saved for debugging" debug_file=assets/tmp/latex_output1985024474/debug_latex.tex
time=2025-11-20T20:23:47.388+01:00 level=DEBUG msg="Running pdflatex command" command="/usr/bin/pdflatex -interaction=nonstopmode -halt-on-error -output-directory ./assets/tmp/latex_output1985024474 ./assets/tmp/3640373494.tex"
time=2025-11-20T20:23:48.224+01:00 level=DEBUG msg="Reading template file for student" student_id=34 template_path=/home/vbox/ScanEvalApp/assets/latex/templates/template_5.tex
time=2025-11-20T20:23:48.224+01:00 level=DEBUG msg="Successfully read template" student_id=34 template_size_bytes=3128
time=2025-11-20T20:23:48.224+01:00 level=DEBUG msg="Template replacement completed" student_id=34 original_template_size=3128 updated_latex_size=3106
time=2025-11-20T20:23:48.224+01:00 level=DEBUG msg="Generated LaTeX sample (first 200 chars):" student_id=34 sample="\\documentclass[12pt]{article}\n\\usepackage{tikz}\n\\usepackage{subfig}\n\\usepackage{graphicx}\n\\usepackage{xcolor}\n\\usepackage[margin=1.0in]{geometry}\n\\usepackage{fancyhdr}\n\\usepackage{pgf}\n\\usepackage{qrc"
time=2025-11-20T20:23:48.224+01:00 level=INFO msg="LaTeX file created" file_path=./assets/tmp/281013876.tex
time=2025-11-20T20:23:48.224+01:00 level=DEBUG msg="LaTeX content saved for debugging" debug_file=assets/tmp/latex_output1829119226/debug_latex.tex
time=2025-11-20T20:23:48.224+01:00 level=DEBUG msg="Running pdflatex command" command="/usr/bin/pdflatex -interaction=nonstopmode -halt-on-error -output-directory ./assets/tmp/latex_output1829119226 ./assets/tmp/281013876.tex"
time=2025-11-20T20:23:48.609+01:00 level=DEBUG msg="Reading template file for student" student_id=1 template_path=/home/vbox/ScanEvalApp/assets/latex/templates/template_5.tex
time=2025-11-20T20:23:48.609+01:00 level=DEBUG msg="Successfully read template" student_id=1 template_size_bytes=3128
time=2025-11-20T20:23:48.610+01:00 level=DEBUG msg="Template replacement completed" student_id=1 original_template_size=3128 updated_latex_size=3101
time=2025-11-20T20:23:48.610+01:00 level=DEBUG msg="Generated LaTeX sample (first 200 chars):" student_id=1 sample="\\documentclass[12pt]{article}\n\\usepackage{tikz}\n\\usepackage{subfig}\n\\usepackage{graphicx}\n\\usepackage{xcolor}\n\\usepackage[margin=1.0in]{geometry}\n\\usepackage{fancyhdr}\n\\usepackage{pgf}\n\\usepackage{qrc"
time=2025-11-20T20:23:48.610+01:00 level=INFO msg="LaTeX file created" file_path=./assets/tmp/1978176139.tex
time=2025-11-20T20:23:48.610+01:00 level=DEBUG msg="LaTeX content saved for debugging" debug_file=assets/tmp/latex_output1101690114/debug_latex.tex
time=2025-11-20T20:23:48.610+01:00 level=DEBUG msg="Running pdflatex command" command="/usr/bin/pdflatex -interaction=nonstopmode -halt-on-error -output-directory ./assets/tmp/latex_output1101690114 ./assets/tmp/1978176139.tex"
time=2025-11-20T20:23:48.610+01:00 level=DEBUG msg="Template replacement completed" student_id=37 original_template_size=3128 updated_latex_size=3109
time=2025-11-20T20:23:48.610+01:00 level=DEBUG msg="Generated LaTeX sample (first 200 chars):" student_id=37 sample="\\documentclass[12pt]{article}\n\\usepackage{tikz}\n\\usepackage{subfig}\n\\usepackage{graphicx}\n\\usepackage{xcolor}\n\\usepackage[margin=1.0in]{geometry}\n\\usepackage{fancyhdr}\n\\usepackage{pgf}\n\\usepackage{qrc"
time=2025-11-20T20:23:48.610+01:00 level=INFO msg="LaTeX file created" file_path=./assets/tmp/1030992834.tex
time=2025-11-20T20:23:48.611+01:00 level=DEBUG msg="LaTeX content saved for debugging" debug_file=assets/tmp/latex_output2659274873/debug_latex.tex
time=2025-11-20T20:23:48.611+01:00 level=DEBUG msg="Running pdflatex command" command="/usr/bin/pdflatex -interaction=nonstopmode -halt-on-error -output-directory ./assets/tmp/latex_output2659274873 ./assets/tmp/1030992834.tex"
time=2025-11-20T20:23:48.902+01:00 level=DEBUG msg="Template replacement completed" student_id=15 original_template_size=3128 updated_latex_size=3104
time=2025-11-20T20:23:48.902+01:00 level=DEBUG msg="Generated LaTeX sample (first 200 chars):" student_id=15 sample="\\documentclass[12pt]{article}\n\\usepackage{tikz}\n\\usepackage{subfig}\n\\usepackage{graphicx}\n\\usepackage{xcolor}\n\\usepackage[margin=1.0in]{geometry}\n\\usepackage{fancyhdr}\n\\usepackage{pgf}\n\\usepackage{qrc"
time=2025-11-20T20:23:48.902+01:00 level=INFO msg="LaTeX file created" file_path=./assets/tmp/704060818.tex
time=2025-11-20T20:23:48.902+01:00 level=DEBUG msg="LaTeX content saved for debugging" debug_file=assets/tmp/latex_output2544567780/debug_latex.tex
time=2025-11-20T20:23:48.902+01:00 level=DEBUG msg="Running pdflatex command" command="/usr/bin/pdflatex -interaction=nonstopmode -halt-on-error -output-directory ./assets/tmp/latex_output2544567780 ./assets/tmp/704060818.tex"
time=2025-11-20T20:23:49.490+01:00 level=INFO msg="PDF compiled successfully" pdf_size_bytes=52971
time=2025-11-20T20:23:49.490+01:00 level=INFO msg="Súbor úspešne vymazaný" file_path=./assets/tmp/2104740376.tex
time=2025-11-20T20:23:49.490+01:00 level=INFO msg="Set initial main PDF for student" student_id=46
time=2025-11-20T20:23:49.490+01:00 level=DEBUG msg="Generovanie PDF" spracovaných=1 celkovo=11 exam="Matematický test" "id študenta"=46 "dokončené za"=2.156577141s
time=2025-11-20T20:23:49.491+01:00 level=INFO msg="PDF compiled successfully" pdf_size_bytes=52700
time=2025-11-20T20:23:49.491+01:00 level=INFO msg="Súbor úspešne vymazaný" file_path=./assets/tmp/440923590.tex
time=2025-11-20T20:23:49.491+01:00 level=DEBUG msg="Merging PDFs" pdf1=assets/tmp/student_46.pdf pdf2=assets/tmp/student_14.pdf
time=2025-11-20T20:23:49.584+01:00 level=INFO msg="PDFs merged" output_path=assets/tmp/merged.pdf
time=2025-11-20T20:23:49.584+01:00 level=DEBUG msg="Generovanie PDF" spracovaných=2 celkovo=11 exam="Matematický test" "id študenta"=14 "dokončené za"=2.223818377s
time=2025-11-20T20:23:49.585+01:00 level=INFO msg="Súbor úspešne vymazaný" file_path=assets/tmp/student_14.pdf
time=2025-11-20T20:23:49.912+01:00 level=INFO msg="PDF compiled successfully" pdf_size_bytes=53775
time=2025-11-20T20:23:49.912+01:00 level=INFO msg="Súbor úspešne vymazaný" file_path=./assets/tmp/4275081235.tex
time=2025-11-20T20:23:49.912+01:00 level=DEBUG msg="Merging PDFs" pdf1=assets/tmp/student_46.pdf pdf2=assets/tmp/student_6.pdf
time=2025-11-20T20:23:50.266+01:00 level=INFO msg="PDFs merged" output_path=assets/tmp/merged.pdf
time=2025-11-20T20:23:50.266+01:00 level=DEBUG msg="Generovanie PDF" spracovaných=3 celkovo=11 exam="Matematický test" "id študenta"=6 "dokončené za"=2.916355208s
time=2025-11-20T20:23:50.266+01:00 level=INFO msg="Súbor úspešne vymazaný" file_path=assets/tmp/student_6.pdf
time=2025-11-20T20:23:50.505+01:00 level=INFO msg="PDF compiled successfully" pdf_size_bytes=52784
time=2025-11-20T20:23:50.506+01:00 level=INFO msg="Súbor úspešne vymazaný" file_path=./assets/tmp/3640373494.tex
time=2025-11-20T20:23:50.506+01:00 level=DEBUG msg="Merging PDFs" pdf1=assets/tmp/student_46.pdf pdf2=assets/tmp/student_39.pdf
time=2025-11-20T20:23:50.586+01:00 level=INFO msg="PDFs merged" output_path=assets/tmp/merged.pdf
time=2025-11-20T20:23:50.586+01:00 level=DEBUG msg="Generovanie PDF" spracovaných=4 celkovo=11 exam="Matematický test" "id študenta"=39 "dokončené za"=3.198768015s
time=2025-11-20T20:23:50.586+01:00 level=INFO msg="Súbor úspešne vymazaný" file_path=assets/tmp/student_39.pdf
time=2025-11-20T20:23:50.779+01:00 level=INFO msg="PDF compiled successfully" pdf_size_bytes=52862
time=2025-11-20T20:23:50.779+01:00 level=INFO msg="Súbor úspešne vymazaný" file_path=./assets/tmp/2101480793.tex
time=2025-11-20T20:23:50.779+01:00 level=DEBUG msg="Merging PDFs" pdf1=assets/tmp/student_46.pdf pdf2=assets/tmp/student_16.pdf
time=2025-11-20T20:23:51.137+01:00 level=INFO msg="PDFs merged" output_path=assets/tmp/merged.pdf
time=2025-11-20T20:23:51.138+01:00 level=DEBUG msg="Generovanie PDF" spracovaných=5 celkovo=11 exam="Matematický test" "id študenta"=16 "dokončené za"=3.803270727s
time=2025-11-20T20:23:51.138+01:00 level=INFO msg="Súbor úspešne vymazaný" file_path=assets/tmp/student_16.pdf
time=2025-11-20T20:23:51.214+01:00 level=INFO msg="PDF compiled successfully" pdf_size_bytes=53554
time=2025-11-20T20:23:51.214+01:00 level=INFO msg="Súbor úspešne vymazaný" file_path=./assets/tmp/715329872.tex
time=2025-11-20T20:23:51.214+01:00 level=DEBUG msg="Merging PDFs" pdf1=assets/tmp/student_46.pdf pdf2=assets/tmp/student_25.pdf
time=2025-11-20T20:23:51.305+01:00 level=INFO msg="PDFs merged" output_path=assets/tmp/merged.pdf
time=2025-11-20T20:23:51.305+01:00 level=DEBUG msg="Generovanie PDF" spracovaných=6 celkovo=11 exam="Matematický test" "id študenta"=25 "dokončené za"=3.951388033s
time=2025-11-20T20:23:51.305+01:00 level=INFO msg="Súbor úspešne vymazaný" file_path=assets/tmp/student_25.pdf
time=2025-11-20T20:23:51.352+01:00 level=INFO msg="PDF compiled successfully" pdf_size_bytes=52587
time=2025-11-20T20:23:51.353+01:00 level=INFO msg="Súbor úspešne vymazaný" file_path=./assets/tmp/704060818.tex
time=2025-11-20T20:23:51.353+01:00 level=DEBUG msg="Merging PDFs" pdf1=assets/tmp/student_46.pdf pdf2=assets/tmp/student_15.pdf
time=2025-11-20T20:23:51.386+01:00 level=INFO msg="PDFs merged" output_path=assets/tmp/merged.pdf
time=2025-11-20T20:23:51.397+01:00 level=DEBUG msg="Generovanie PDF" spracovaných=7 celkovo=11 exam="Matematický test" "id študenta"=15 "dokončené za"=4.033094111s
time=2025-11-20T20:23:51.397+01:00 level=INFO msg="Súbor úspešne vymazaný" file_path=assets/tmp/student_15.pdf
time=2025-11-20T20:23:51.565+01:00 level=INFO msg="PDF compiled successfully" pdf_size_bytes=52750
time=2025-11-20T20:23:51.566+01:00 level=INFO msg="Súbor úspešne vymazaný" file_path=./assets/tmp/1030992834.tex
time=2025-11-20T20:23:51.566+01:00 level=DEBUG msg="Merging PDFs" pdf1=assets/tmp/student_46.pdf pdf2=assets/tmp/student_37.pdf
time=2025-11-20T20:23:51.659+01:00 level=INFO msg="PDFs merged" output_path=assets/tmp/merged.pdf
time=2025-11-20T20:23:51.661+01:00 level=DEBUG msg="Generovanie PDF" spracovaných=8 celkovo=11 exam="Matematický test" "id študenta"=37 "dokončené za"=4.296615731s
time=2025-11-20T20:23:51.661+01:00 level=INFO msg="Súbor úspešne vymazaný" file_path=assets/tmp/student_37.pdf
time=2025-11-20T20:23:52.088+01:00 level=INFO msg="PDF compiled successfully" pdf_size_bytes=52961
time=2025-11-20T20:23:52.088+01:00 level=INFO msg="Súbor úspešne vymazaný" file_path=./assets/tmp/2033396411.tex
time=2025-11-20T20:23:52.089+01:00 level=DEBUG msg="Merging PDFs" pdf1=assets/tmp/student_46.pdf pdf2=assets/tmp/student_28.pdf
time=2025-11-20T20:23:52.125+01:00 level=INFO msg="PDFs merged" output_path=assets/tmp/merged.pdf
time=2025-11-20T20:23:52.126+01:00 level=DEBUG msg="Generovanie PDF" spracovaných=9 celkovo=11 exam="Matematický test" "id študenta"=28 "dokončené za"=4.761700624s
time=2025-11-20T20:23:52.126+01:00 level=INFO msg="Súbor úspešne vymazaný" file_path=assets/tmp/student_28.pdf
time=2025-11-20T20:23:52.358+01:00 level=INFO msg="PDF compiled successfully" pdf_size_bytes=52227
time=2025-11-20T20:23:52.358+01:00 level=INFO msg="Súbor úspešne vymazaný" file_path=./assets/tmp/281013876.tex
time=2025-11-20T20:23:52.359+01:00 level=DEBUG msg="Merging PDFs" pdf1=assets/tmp/student_46.pdf pdf2=assets/tmp/student_34.pdf
time=2025-11-20T20:23:52.392+01:00 level=INFO msg="PDFs merged" output_path=assets/tmp/merged.pdf
time=2025-11-20T20:23:52.392+01:00 level=DEBUG msg="Generovanie PDF" spracovaných=10 celkovo=11 exam="Matematický test" "id študenta"=34 "dokončené za"=4.168365903s
time=2025-11-20T20:23:52.393+01:00 level=INFO msg="Súbor úspešne vymazaný" file_path=assets/tmp/student_34.pdf
time=2025-11-20T20:23:52.438+01:00 level=INFO msg="PDF compiled successfully" pdf_size_bytes=52607
time=2025-11-20T20:23:52.438+01:00 level=INFO msg="Súbor úspešne vymazaný" file_path=./assets/tmp/1978176139.tex
time=2025-11-20T20:23:52.439+01:00 level=DEBUG msg="Merging PDFs" pdf1=assets/tmp/student_46.pdf pdf2=assets/tmp/student_1.pdf
time=2025-11-20T20:23:52.475+01:00 level=INFO msg="PDFs merged" output_path=assets/tmp/merged.pdf
time=2025-11-20T20:23:52.476+01:00 level=DEBUG msg="Generovanie PDF" spracovaných=11 celkovo=11 exam="Matematický test" "id študenta"=1 "dokončené za"=3.866720498s
time=2025-11-20T20:23:52.476+01:00 level=INFO msg="Súbor úspešne vymazaný" file_path=assets/tmp/student_1.pdf
time=2025-11-20T20:23:52.476+01:00 level=INFO msg="Processing students in room" room=AB150
time=2025-11-20T20:23:52.477+01:00 level=DEBUG msg="Found students for room" room=AB150 num_students=15
time=2025-11-20T20:23:52.477+01:00 level=DEBUG msg="Reading template file for student" student_id=49 template_path=/home/vbox/ScanEvalApp/assets/latex/templates/template_5.tex
time=2025-11-20T20:23:52.477+01:00 level=DEBUG msg="Successfully read template" student_id=49 template_size_bytes=3128
time=2025-11-20T20:23:52.477+01:00 level=DEBUG msg="Reading template file for student" student_id=5 template_path=/home/vbox/ScanEvalApp/assets/latex/templates/template_5.tex
time=2025-11-20T20:23:52.477+01:00 level=DEBUG msg="Reading template file for student" student_id=33 template_path=/home/vbox/ScanEvalApp/assets/latex/templates/template_5.tex
time=2025-11-20T20:23:52.477+01:00 level=DEBUG msg="Successfully read template" student_id=5 template_size_bytes=3128
time=2025-11-20T20:23:52.477+01:00 level=DEBUG msg="Successfully read template" student_id=33 template_size_bytes=3128
time=2025-11-20T20:23:52.478+01:00 level=DEBUG msg="Template replacement completed" student_id=5 original_template_size=3128 updated_latex_size=3106
time=2025-11-20T20:23:52.478+01:00 level=DEBUG msg="Generated LaTeX sample (first 200 chars):" student_id=5 sample="\\documentclass[12pt]{article}\n\\usepackage{tikz}\n\\usepackage{subfig}\n\\usepackage{graphicx}\n\\usepackage{xcolor}\n\\usepackage[margin=1.0in]{geometry}\n\\usepackage{fancyhdr}\n\\usepackage{pgf}\n\\usepackage{qrc"
time=2025-11-20T20:23:52.478+01:00 level=DEBUG msg="Template replacement completed" student_id=33 original_template_size=3128 updated_latex_size=3116
time=2025-11-20T20:23:52.478+01:00 level=DEBUG msg="Generated LaTeX sample (first 200 chars):" student_id=33 sample="\\documentclass[12pt]{article}\n\\usepackage{tikz}\n\\usepackage{subfig}\n\\usepackage{graphicx}\n\\usepackage{xcolor}\n\\usepackage[margin=1.0in]{geometry}\n\\usepackage{fancyhdr}\n\\usepackage{pgf}\n\\usepackage{qrc"
time=2025-11-20T20:23:52.478+01:00 level=INFO msg="LaTeX file created" file_path=./assets/tmp/662474215.tex
time=2025-11-20T20:23:52.478+01:00 level=INFO msg="LaTeX file created" file_path=./assets/tmp/3909576638.tex
time=2025-11-20T20:23:52.478+01:00 level=DEBUG msg="LaTeX content saved for debugging" debug_file=assets/tmp/latex_output1125478162/debug_latex.tex
time=2025-11-20T20:23:52.478+01:00 level=DEBUG msg="Running pdflatex command" command="/usr/bin/pdflatex -interaction=nonstopmode -halt-on-error -output-directory ./assets/tmp/latex_output1125478162 ./assets/tmp/662474215.tex"
time=2025-11-20T20:23:52.478+01:00 level=DEBUG msg="LaTeX content saved for debugging" debug_file=assets/tmp/latex_output2510978247/debug_latex.tex
time=2025-11-20T20:23:52.478+01:00 level=DEBUG msg="Running pdflatex command" command="/usr/bin/pdflatex -interaction=nonstopmode -halt-on-error -output-directory ./assets/tmp/latex_output2510978247 ./assets/tmp/3909576638.tex"
time=2025-11-20T20:23:52.478+01:00 level=DEBUG msg="Reading template file for student" student_id=26 template_path=/home/vbox/ScanEvalApp/assets/latex/templates/template_5.tex
time=2025-11-20T20:23:52.478+01:00 level=DEBUG msg="Template replacement completed" student_id=49 original_template_size=3128 updated_latex_size=3102
time=2025-11-20T20:23:52.478+01:00 level=DEBUG msg="Successfully read template" student_id=26 template_size_bytes=3128
time=2025-11-20T20:23:52.478+01:00 level=DEBUG msg="Generated LaTeX sample (first 200 chars):" student_id=49 sample="\\documentclass[12pt]{article}\n\\usepackage{tikz}\n\\usepackage{subfig}\n\\usepackage{graphicx}\n\\usepackage{xcolor}\n\\usepackage[margin=1.0in]{geometry}\n\\usepackage{fancyhdr}\n\\usepackage{pgf}\n\\usepackage{qrc"
time=2025-11-20T20:23:52.478+01:00 level=INFO msg="LaTeX file created" file_path=./assets/tmp/470794014.tex
time=2025-11-20T20:23:52.478+01:00 level=DEBUG msg="LaTeX content saved for debugging" debug_file=assets/tmp/latex_output1968314186/debug_latex.tex
time=2025-11-20T20:23:52.478+01:00 level=DEBUG msg="Template replacement completed" student_id=26 original_template_size=3128 updated_latex_size=3115
time=2025-11-20T20:23:52.478+01:00 level=DEBUG msg="Generated LaTeX sample (first 200 chars):" student_id=26 sample="\\documentclass[12pt]{article}\n\\usepackage{tikz}\n\\usepackage{subfig}\n\\usepackage{graphicx}\n\\usepackage{xcolor}\n\\usepackage[margin=1.0in]{geometry}\n\\usepackage{fancyhdr}\n\\usepackage{pgf}\n\\usepackage{qrc"
time=2025-11-20T20:23:52.478+01:00 level=DEBUG msg="Running pdflatex command" command="/usr/bin/pdflatex -interaction=nonstopmode -halt-on-error -output-directory ./assets/tmp/latex_output1968314186 ./assets/tmp/470794014.tex"
time=2025-11-20T20:23:52.478+01:00 level=INFO msg="LaTeX file created" file_path=./assets/tmp/2346688991.tex
time=2025-11-20T20:23:52.478+01:00 level=DEBUG msg="LaTeX content saved for debugging" debug_file=assets/tmp/latex_output2524977562/debug_latex.tex
time=2025-11-20T20:23:52.478+01:00 level=DEBUG msg="Running pdflatex command" command="/usr/bin/pdflatex -interaction=nonstopmode -halt-on-error -output-directory ./assets/tmp/latex_output2524977562 ./assets/tmp/2346688991.tex"
time=2025-11-20T20:23:52.479+01:00 level=DEBUG msg="Reading template file for student" student_id=29 template_path=/home/vbox/ScanEvalApp/assets/latex/templates/template_5.tex
time=2025-11-20T20:23:52.479+01:00 level=DEBUG msg="Successfully read template" student_id=29 template_size_bytes=3128
time=2025-11-20T20:23:52.479+01:00 level=DEBUG msg="Template replacement completed" student_id=29 original_template_size=3128 updated_latex_size=3103
time=2025-11-20T20:23:52.479+01:00 level=DEBUG msg="Generated LaTeX sample (first 200 chars):" student_id=29 sample="\\documentclass[12pt]{article}\n\\usepackage{tikz}\n\\usepackage{subfig}\n\\usepackage{graphicx}\n\\usepackage{xcolor}\n\\usepackage[margin=1.0in]{geometry}\n\\usepackage{fancyhdr}\n\\usepackage{pgf}\n\\usepackage{qrc"
time=2025-11-20T20:23:52.479+01:00 level=INFO msg="LaTeX file created" file_path=./assets/tmp/3180129028.tex
time=2025-11-20T20:23:52.479+01:00 level=DEBUG msg="LaTeX content saved for debugging" debug_file=assets/tmp/latex_output1023808263/debug_latex.tex
time=2025-11-20T20:23:52.479+01:00 level=DEBUG msg="Running pdflatex command" command="/usr/bin/pdflatex -interaction=nonstopmode -halt-on-error -output-directory ./assets/tmp/latex_output1023808263 ./assets/tmp/3180129028.tex"
time=2025-11-20T20:23:52.480+01:00 level=DEBUG msg="Reading template file for student" student_id=41 template_path=/home/vbox/ScanEvalApp/assets/latex/templates/template_5.tex
time=2025-11-20T20:23:52.480+01:00 level=DEBUG msg="Successfully read template" student_id=41 template_size_bytes=3128
time=2025-11-20T20:23:52.480+01:00 level=DEBUG msg="Template replacement completed" student_id=41 original_template_size=3128 updated_latex_size=3104
time=2025-11-20T20:23:52.480+01:00 level=DEBUG msg="Generated LaTeX sample (first 200 chars):" student_id=41 sample="\\documentclass[12pt]{article}\n\\usepackage{tikz}\n\\usepackage{subfig}\n\\usepackage{graphicx}\n\\usepackage{xcolor}\n\\usepackage[margin=1.0in]{geometry}\n\\usepackage{fancyhdr}\n\\usepackage{pgf}\n\\usepackage{qrc"
time=2025-11-20T20:23:52.480+01:00 level=INFO msg="LaTeX file created" file_path=./assets/tmp/1340472046.tex
time=2025-11-20T20:23:52.480+01:00 level=DEBUG msg="LaTeX content saved for debugging" debug_file=assets/tmp/latex_output2669806624/debug_latex.tex
time=2025-11-20T20:23:52.480+01:00 level=DEBUG msg="Running pdflatex command" command="/usr/bin/pdflatex -interaction=nonstopmode -halt-on-error -output-directory ./assets/tmp/latex_output2669806624 ./assets/tmp/1340472046.tex"
time=2025-11-20T20:23:52.481+01:00 level=DEBUG msg="Reading template file for student" student_id=2 template_path=/home/vbox/ScanEvalApp/assets/latex/templates/template_5.tex
time=2025-11-20T20:23:52.481+01:00 level=DEBUG msg="Successfully read template" student_id=2 template_size_bytes=3128
time=2025-11-20T20:23:52.481+01:00 level=DEBUG msg="Template replacement completed" student_id=2 original_template_size=3128 updated_latex_size=3104
time=2025-11-20T20:23:52.481+01:00 level=DEBUG msg="Generated LaTeX sample (first 200 chars):" student_id=2 sample="\\documentclass[12pt]{article}\n\\usepackage{tikz}\n\\usepackage{subfig}\n\\usepackage{graphicx}\n\\usepackage{xcolor}\n\\usepackage[margin=1.0in]{geometry}\n\\usepackage{fancyhdr}\n\\usepackage{pgf}\n\\usepackage{qrc"
time=2025-11-20T20:23:52.481+01:00 level=INFO msg="LaTeX file created" file_path=./assets/tmp/3708810243.tex
time=2025-11-20T20:23:52.481+01:00 level=DEBUG msg="LaTeX content saved for debugging" debug_file=assets/tmp/latex_output2601905506/debug_latex.tex
time=2025-11-20T20:23:52.481+01:00 level=DEBUG msg="Running pdflatex command" command="/usr/bin/pdflatex -interaction=nonstopmode -halt-on-error -output-directory ./assets/tmp/latex_output2601905506 ./assets/tmp/3708810243.tex"
time=2025-11-20T20:23:53.177+01:00 level=DEBUG msg="Reading template file for student" student_id=8 template_path=/home/vbox/ScanEvalApp/assets/latex/templates/template_5.tex
time=2025-11-20T20:23:53.177+01:00 level=DEBUG msg="Successfully read template" student_id=8 template_size_bytes=3128
time=2025-11-20T20:23:53.177+01:00 level=DEBUG msg="Template replacement completed" student_id=8 original_template_size=3128 updated_latex_size=3102
time=2025-11-20T20:23:53.177+01:00 level=DEBUG msg="Generated LaTeX sample (first 200 chars):" student_id=8 sample="\\documentclass[12pt]{article}\n\\usepackage{tikz}\n\\usepackage{subfig}\n\\usepackage{graphicx}\n\\usepackage{xcolor}\n\\usepackage[margin=1.0in]{geometry}\n\\usepackage{fancyhdr}\n\\usepackage{pgf}\n\\usepackage{qrc"
time=2025-11-20T20:23:53.177+01:00 level=INFO msg="LaTeX file created" file_path=./assets/tmp/2360227352.tex
time=2025-11-20T20:23:53.177+01:00 level=DEBUG msg="LaTeX content saved for debugging" debug_file=assets/tmp/latex_output1027055572/debug_latex.tex
time=2025-11-20T20:23:53.177+01:00 level=DEBUG msg="Running pdflatex command" command="/usr/bin/pdflatex -interaction=nonstopmode -halt-on-error -output-directory ./assets/tmp/latex_output1027055572 ./assets/tmp/2360227352.tex"
time=2025-11-20T20:23:53.177+01:00 level=DEBUG msg="Reading template file for student" student_id=30 template_path=/home/vbox/ScanEvalApp/assets/latex/templates/template_5.tex
time=2025-11-20T20:23:53.177+01:00 level=DEBUG msg="Successfully read template" student_id=30 template_size_bytes=3128
time=2025-11-20T20:23:53.177+01:00 level=DEBUG msg="Template replacement completed" student_id=30 original_template_size=3128 updated_latex_size=3104
time=2025-11-20T20:23:53.177+01:00 level=DEBUG msg="Generated LaTeX sample (first 200 chars):" student_id=30 sample="\\documentclass[12pt]{article}\n\\usepackage{tikz}\n\\usepackage{subfig}\n\\usepackage{graphicx}\n\\usepackage{xcolor}\n\\usepackage[margin=1.0in]{geometry}\n\\usepackage{fancyhdr}\n\\usepackage{pgf}\n\\usepackage{qrc"
time=2025-11-20T20:23:53.178+01:00 level=INFO msg="LaTeX file created" file_path=./assets/tmp/3373973462.tex
time=2025-11-20T20:23:53.178+01:00 level=DEBUG msg="LaTeX content saved for debugging" debug_file=assets/tmp/latex_output2212383286/debug_latex.tex
time=2025-11-20T20:23:53.178+01:00 level=DEBUG msg="Running pdflatex command" command="/usr/bin/pdflatex -interaction=nonstopmode -halt-on-error -output-directory ./assets/tmp/latex_output2212383286 ./assets/tmp/3373973462.tex"
time=2025-11-20T20:23:53.179+01:00 level=DEBUG msg="Reading template file for student" student_id=43 template_path=/home/vbox/ScanEvalApp/assets/latex/templates/template_5.tex
time=2025-11-20T20:23:53.179+01:00 level=DEBUG msg="Successfully read template" student_id=43 template_size_bytes=3128
time=2025-11-20T20:23:53.179+01:00 level=DEBUG msg="Template replacement completed" student_id=43 original_template_size=3128 updated_latex_size=3104
time=2025-11-20T20:23:53.179+01:00 level=DEBUG msg="Generated LaTeX sample (first 200 chars):" student_id=43 sample="\\documentclass[12pt]{article}\n\\usepackage{tikz}\n\\usepackage{subfig}\n\\usepackage{graphicx}\n\\usepackage{xcolor}\n\\usepackage[margin=1.0in]{geometry}\n\\usepackage{fancyhdr}\n\\usepackage{pgf}\n\\usepackage{qrc"
time=2025-11-20T20:23:53.179+01:00 level=INFO msg="LaTeX file created" file_path=./assets/tmp/1613119870.tex
time=2025-11-20T20:23:53.179+01:00 level=DEBUG msg="LaTeX content saved for debugging" debug_file=assets/tmp/latex_output3387916607/debug_latex.tex
time=2025-11-20T20:23:53.179+01:00 level=DEBUG msg="Running pdflatex command" command="/usr/bin/pdflatex -interaction=nonstopmode -halt-on-error -output-directory ./assets/tmp/latex_output3387916607 ./assets/tmp/1613119870.tex"
time=2025-11-20T20:23:53.179+01:00 level=DEBUG msg="Reading template file for student" student_id=4 template_path=/home/vbox/ScanEvalApp/assets/latex/templates/template_5.tex
time=2025-11-20T20:23:53.179+01:00 level=DEBUG msg="Successfully read template" student_id=4 template_size_bytes=3128
time=2025-11-20T20:23:53.179+01:00 level=DEBUG msg="Template replacement completed" student_id=4 original_template_size=3128 updated_latex_size=3101
time=2025-11-20T20:23:53.179+01:00 level=DEBUG msg="Generated LaTeX sample (first 200 chars):" student_id=4 sample="\\documentclass[12pt]{article}\n\\usepackage{tikz}\n\\usepackage{subfig}\n\\usepackage{graphicx}\n\\usepackage{xcolor}\n\\usepackage[margin=1.0in]{geometry}\n\\usepackage{fancyhdr}\n\\usepackage{pgf}\n\\usepackage{qrc"
time=2025-11-20T20:23:53.179+01:00 level=INFO msg="LaTeX file created" file_path=./assets/tmp/2149098664.tex
time=2025-11-20T20:23:53.180+01:00 level=DEBUG msg="LaTeX content saved for debugging" debug_file=assets/tmp/latex_output3805002246/debug_latex.tex
time=2025-11-20T20:23:53.180+01:00 level=DEBUG msg="Running pdflatex command" command="/usr/bin/pdflatex -interaction=nonstopmode -halt-on-error -output-directory ./assets/tmp/latex_output3805002246 ./assets/tmp/2149098664.tex"
time=2025-11-20T20:23:53.737+01:00 level=DEBUG msg="Reading template file for student" student_id=17 template_path=/home/vbox/ScanEvalApp/assets/latex/templates/template_5.tex
time=2025-11-20T20:23:53.737+01:00 level=DEBUG msg="Successfully read template" student_id=17 template_size_bytes=3128
time=2025-11-20T20:23:53.737+01:00 level=DEBUG msg="Template replacement completed" student_id=17 original_template_size=3128 updated_latex_size=3106
time=2025-11-20T20:23:53.737+01:00 level=DEBUG msg="Generated LaTeX sample (first 200 chars):" student_id=17 sample="\\documentclass[12pt]{article}\n\\usepackage{tikz}\n\\usepackage{subfig}\n\\usepackage{graphicx}\n\\usepackage{xcolor}\n\\usepackage[margin=1.0in]{geometry}\n\\usepackage{fancyhdr}\n\\usepackage{pgf}\n\\usepackage{qrc"
time=2025-11-20T20:23:53.737+01:00 level=INFO msg="LaTeX file created" file_path=./assets/tmp/3338328450.tex
time=2025-11-20T20:23:53.737+01:00 level=DEBUG msg="LaTeX content saved for debugging" debug_file=assets/tmp/latex_output3232099752/debug_latex.tex
time=2025-11-20T20:23:53.737+01:00 level=DEBUG msg="Running pdflatex command" command="/usr/bin/pdflatex -interaction=nonstopmode -halt-on-error -output-directory ./assets/tmp/latex_output3232099752 ./assets/tmp/3338328450.tex"
time=2025-11-20T20:23:54.174+01:00 level=DEBUG msg="Reading template file for student" student_id=31 template_path=/home/vbox/ScanEvalApp/assets/latex/templates/template_5.tex
time=2025-11-20T20:23:54.174+01:00 level=DEBUG msg="Successfully read template" student_id=31 template_size_bytes=3128
time=2025-11-20T20:23:54.174+01:00 level=DEBUG msg="Template replacement completed" student_id=31 original_template_size=3128 updated_latex_size=3108
time=2025-11-20T20:23:54.174+01:00 level=DEBUG msg="Generated LaTeX sample (first 200 chars):" student_id=31 sample="\\documentclass[12pt]{article}\n\\usepackage{tikz}\n\\usepackage{subfig}\n\\usepackage{graphicx}\n\\usepackage{xcolor}\n\\usepackage[margin=1.0in]{geometry}\n\\usepackage{fancyhdr}\n\\usepackage{pgf}\n\\usepackage{qrc"
time=2025-11-20T20:23:54.174+01:00 level=INFO msg="LaTeX file created" file_path=./assets/tmp/1851692186.tex
time=2025-11-20T20:23:54.174+01:00 level=DEBUG msg="LaTeX content saved for debugging" debug_file=assets/tmp/latex_output1755830483/debug_latex.tex
time=2025-11-20T20:23:54.174+01:00 level=DEBUG msg="Running pdflatex command" command="/usr/bin/pdflatex -interaction=nonstopmode -halt-on-error -output-directory ./assets/tmp/latex_output1755830483 ./assets/tmp/1851692186.tex"
time=2025-11-20T20:23:54.733+01:00 level=DEBUG msg="Reading template file for student" student_id=47 template_path=/home/vbox/ScanEvalApp/assets/latex/templates/template_5.tex
time=2025-11-20T20:23:54.733+01:00 level=DEBUG msg="Successfully read template" student_id=47 template_size_bytes=3128
time=2025-11-20T20:23:54.734+01:00 level=DEBUG msg="Template replacement completed" student_id=47 original_template_size=3128 updated_latex_size=3111
time=2025-11-20T20:23:54.734+01:00 level=DEBUG msg="Generated LaTeX sample (first 200 chars):" student_id=47 sample="\\documentclass[12pt]{article}\n\\usepackage{tikz}\n\\usepackage{subfig}\n\\usepackage{graphicx}\n\\usepackage{xcolor}\n\\usepackage[margin=1.0in]{geometry}\n\\usepackage{fancyhdr}\n\\usepackage{pgf}\n\\usepackage{qrc"
time=2025-11-20T20:23:54.734+01:00 level=INFO msg="LaTeX file created" file_path=./assets/tmp/2014775948.tex
time=2025-11-20T20:23:54.734+01:00 level=DEBUG msg="LaTeX content saved for debugging" debug_file=assets/tmp/latex_output2538914142/debug_latex.tex
time=2025-11-20T20:23:54.734+01:00 level=DEBUG msg="Running pdflatex command" command="/usr/bin/pdflatex -interaction=nonstopmode -halt-on-error -output-directory ./assets/tmp/latex_output2538914142 ./assets/tmp/2014775948.tex"
time=2025-11-20T20:23:54.734+01:00 level=DEBUG msg="Reading template file for student" student_id=20 template_path=/home/vbox/ScanEvalApp/assets/latex/templates/template_5.tex
time=2025-11-20T20:23:54.734+01:00 level=DEBUG msg="Successfully read template" student_id=20 template_size_bytes=3128
time=2025-11-20T20:23:54.734+01:00 level=DEBUG msg="Template replacement completed" student_id=20 original_template_size=3128 updated_latex_size=3104
time=2025-11-20T20:23:54.734+01:00 level=DEBUG msg="Generated LaTeX sample (first 200 chars):" student_id=20 sample="\\documentclass[12pt]{article}\n\\usepackage{tikz}\n\\usepackage{subfig}\n\\usepackage{graphicx}\n\\usepackage{xcolor}\n\\usepackage[margin=1.0in]{geometry}\n\\usepackage{fancyhdr}\n\\usepackage{pgf}\n\\usepackage{qrc"
time=2025-11-20T20:23:54.734+01:00 level=INFO msg="LaTeX file created" file_path=./assets/tmp/1556422097.tex
time=2025-11-20T20:23:54.734+01:00 level=DEBUG msg="LaTeX content saved for debugging" debug_file=assets/tmp/latex_output2411769006/debug_latex.tex
time=2025-11-20T20:23:54.734+01:00 level=DEBUG msg="Running pdflatex command" command="/usr/bin/pdflatex -interaction=nonstopmode -halt-on-error -output-directory ./assets/tmp/latex_output2411769006 ./assets/tmp/1556422097.tex"
time=2025-11-20T20:23:54.803+01:00 level=INFO msg="PDF compiled successfully" pdf_size_bytes=53144
time=2025-11-20T20:23:54.803+01:00 level=INFO msg="Súbor úspešne vymazaný" file_path=./assets/tmp/2346688991.tex
time=2025-11-20T20:23:54.803+01:00 level=DEBUG msg="Merging PDFs" pdf1=assets/tmp/student_46.pdf pdf2=assets/tmp/student_26.pdf
time=2025-11-20T20:23:54.803+01:00 level=INFO msg="PDF compiled successfully" pdf_size_bytes=52586
time=2025-11-20T20:23:54.804+01:00 level=INFO msg="Súbor úspešne vymazaný" file_path=./assets/tmp/662474215.tex
time=2025-11-20T20:23:54.804+01:00 level=INFO msg="PDF compiled successfully" pdf_size_bytes=53380
time=2025-11-20T20:23:54.804+01:00 level=INFO msg="Súbor úspešne vymazaný" file_path=./assets/tmp/3909576638.tex
time=2025-11-20T20:23:56.024+01:00 level=INFO msg="PDFs merged" output_path=assets/tmp/merged.pdf
time=2025-11-20T20:23:56.025+01:00 level=DEBUG msg="Generovanie PDF" spracovaných=12 celkovo=15 exam="Matematický test" "id študenta"=26 "dokončené za"=3.546805905s
time=2025-11-20T20:23:56.025+01:00 level=INFO msg="Súbor úspešne vymazaný" file_path=assets/tmp/student_26.pdf
time=2025-11-20T20:23:56.025+01:00 level=DEBUG msg="Merging PDFs" pdf1=assets/tmp/student_46.pdf pdf2=assets/tmp/student_5.pdf
time=2025-11-20T20:23:56.197+01:00 level=INFO msg="PDF compiled successfully" pdf_size_bytes=53231
time=2025-11-20T20:23:56.197+01:00 level=INFO msg="Súbor úspešne vymazaný" file_path=./assets/tmp/1340472046.tex
time=2025-11-20T20:23:56.552+01:00 level=INFO msg="PDF compiled successfully" pdf_size_bytes=52753
time=2025-11-20T20:23:56.552+01:00 level=INFO msg="Súbor úspešne vymazaný" file_path=./assets/tmp/1613119870.tex
time=2025-11-20T20:23:56.678+01:00 level=INFO msg="PDF compiled successfully" pdf_size_bytes=52433
time=2025-11-20T20:23:56.678+01:00 level=INFO msg="Súbor úspešne vymazaný" file_path=./assets/tmp/3708810243.tex
time=2025-11-20T20:23:56.678+01:00 level=INFO msg="PDF compiled successfully" pdf_size_bytes=52657
time=2025-11-20T20:23:56.678+01:00 level=INFO msg="PDFs merged" output_path=assets/tmp/merged.pdf
time=2025-11-20T20:23:56.681+01:00 level=DEBUG msg="Generovanie PDF" spracovaných=13 celkovo=15 exam="Matematický test" "id študenta"=5 "dokončené za"=4.203168742s
time=2025-11-20T20:23:56.681+01:00 level=INFO msg="Súbor úspešne vymazaný" file_path=assets/tmp/student_5.pdf
time=2025-11-20T20:23:56.683+01:00 level=DEBUG msg="Merging PDFs" pdf1=assets/tmp/student_46.pdf pdf2=assets/tmp/student_33.pdf
time=2025-11-20T20:23:56.689+01:00 level=INFO msg="Súbor úspešne vymazaný" file_path=./assets/tmp/470794014.tex
time=2025-11-20T20:23:56.797+01:00 level=INFO msg="PDFs merged" output_path=assets/tmp/merged.pdf
time=2025-11-20T20:23:56.798+01:00 level=DEBUG msg="Generovanie PDF" spracovaných=14 celkovo=15 exam="Matematický test" "id študenta"=33 "dokončené za"=4.320342894s
time=2025-11-20T20:23:56.798+01:00 level=INFO msg="Súbor úspešne vymazaný" file_path=assets/tmp/student_33.pdf
time=2025-11-20T20:23:56.798+01:00 level=DEBUG msg="Merging PDFs" pdf1=assets/tmp/student_46.pdf pdf2=assets/tmp/student_41.pdf
time=2025-11-20T20:23:56.886+01:00 level=INFO msg="PDF compiled successfully" pdf_size_bytes=52830
time=2025-11-20T20:23:56.886+01:00 level=INFO msg="Súbor úspešne vymazaný" file_path=./assets/tmp/3338328450.tex
time=2025-11-20T20:23:56.887+01:00 level=INFO msg="PDF compiled successfully" pdf_size_bytes=53069
time=2025-11-20T20:23:56.887+01:00 level=INFO msg="Súbor úspešne vymazaný" file_path=./assets/tmp/1851692186.tex
time=2025-11-20T20:23:56.907+01:00 level=INFO msg="PDFs merged" output_path=assets/tmp/merged.pdf
time=2025-11-20T20:23:56.918+01:00 level=DEBUG msg="Generovanie PDF" spracovaných=15 celkovo=15 exam="Matematický test" "id študenta"=41 "dokončené za"=4.438353564s
time=2025-11-20T20:23:56.918+01:00 level=INFO msg="Súbor úspešne vymazaný" file_path=assets/tmp/student_41.pdf
time=2025-11-20T20:23:56.918+01:00 level=DEBUG msg="Merging PDFs" pdf1=assets/tmp/student_46.pdf pdf2=assets/tmp/student_43.pdf
time=2025-11-20T20:23:56.975+01:00 level=INFO msg="PDF compiled successfully" pdf_size_bytes=52708
time=2025-11-20T20:23:56.975+01:00 level=INFO msg="Súbor úspešne vymazaný" file_path=./assets/tmp/2149098664.tex
time=2025-11-20T20:23:57.043+01:00 level=INFO msg="PDFs merged" output_path=assets/tmp/merged.pdf
time=2025-11-20T20:23:57.046+01:00 level=DEBUG msg="Generovanie PDF" spracovaných=16 celkovo=15 exam="Matematický test" "id študenta"=43 "dokončené za"=3.866869722s
time=2025-11-20T20:23:57.046+01:00 level=INFO msg="Súbor úspešne vymazaný" file_path=assets/tmp/student_43.pdf
time=2025-11-20T20:23:57.046+01:00 level=DEBUG msg="Merging PDFs" pdf1=assets/tmp/student_46.pdf pdf2=assets/tmp/student_2.pdf
time=2025-11-20T20:23:57.046+01:00 level=INFO msg="PDF compiled successfully" pdf_size_bytes=52539
time=2025-11-20T20:23:57.047+01:00 level=INFO msg="Súbor úspešne vymazaný" file_path=./assets/tmp/1556422097.tex
time=2025-11-20T20:23:57.114+01:00 level=INFO msg="PDFs merged" output_path=assets/tmp/merged.pdf
time=2025-11-20T20:23:57.114+01:00 level=DEBUG msg="Generovanie PDF" spracovaných=17 celkovo=15 exam="Matematický test" "id študenta"=2 "dokončené za"=4.633703992s
time=2025-11-20T20:23:57.114+01:00 level=INFO msg="Súbor úspešne vymazaný" file_path=assets/tmp/student_2.pdf
time=2025-11-20T20:23:57.115+01:00 level=DEBUG msg="Merging PDFs" pdf1=assets/tmp/student_46.pdf pdf2=assets/tmp/student_49.pdf
time=2025-11-20T20:23:57.200+01:00 level=INFO msg="PDFs merged" output_path=assets/tmp/merged.pdf
time=2025-11-20T20:23:57.201+01:00 level=DEBUG msg="Generovanie PDF" spracovaných=18 celkovo=15 exam="Matematický test" "id študenta"=49 "dokončené za"=4.723917728s
time=2025-11-20T20:23:57.201+01:00 level=INFO msg="Súbor úspešne vymazaný" file_path=assets/tmp/student_49.pdf
time=2025-11-20T20:23:57.201+01:00 level=DEBUG msg="Merging PDFs" pdf1=assets/tmp/student_46.pdf pdf2=assets/tmp/student_17.pdf
time=2025-11-20T20:23:57.255+01:00 level=INFO msg="PDFs merged" output_path=assets/tmp/merged.pdf
time=2025-11-20T20:23:57.257+01:00 level=DEBUG msg="Generovanie PDF" spracovaných=19 celkovo=15 exam="Matematický test" "id študenta"=17 "dokončené za"=3.520292738s
time=2025-11-20T20:23:57.260+01:00 level=INFO msg="Súbor úspešne vymazaný" file_path=assets/tmp/student_17.pdf
time=2025-11-20T20:23:57.260+01:00 level=DEBUG msg="Merging PDFs" pdf1=assets/tmp/student_46.pdf pdf2=assets/tmp/student_31.pdf
time=2025-11-20T20:23:57.318+01:00 level=INFO msg="PDFs merged" output_path=assets/tmp/merged.pdf
time=2025-11-20T20:23:57.318+01:00 level=DEBUG msg="Generovanie PDF" spracovaných=20 celkovo=15 exam="Matematický test" "id študenta"=31 "dokončené za"=3.144221858s
time=2025-11-20T20:23:57.318+01:00 level=INFO msg="Súbor úspešne vymazaný" file_path=assets/tmp/student_31.pdf
time=2025-11-20T20:23:57.318+01:00 level=DEBUG msg="Merging PDFs" pdf1=assets/tmp/student_46.pdf pdf2=assets/tmp/student_4.pdf
time=2025-11-20T20:23:57.388+01:00 level=INFO msg="PDFs merged" output_path=assets/tmp/merged.pdf
time=2025-11-20T20:23:57.393+01:00 level=DEBUG msg="Generovanie PDF" spracovaných=21 celkovo=15 exam="Matematický test" "id študenta"=4 "dokončené za"=4.213566225s
time=2025-11-20T20:23:57.393+01:00 level=INFO msg="Súbor úspešne vymazaný" file_path=assets/tmp/student_4.pdf
time=2025-11-20T20:23:57.393+01:00 level=DEBUG msg="Merging PDFs" pdf1=assets/tmp/student_46.pdf pdf2=assets/tmp/student_20.pdf
time=2025-11-20T20:23:57.470+01:00 level=INFO msg="PDFs merged" output_path=assets/tmp/merged.pdf
time=2025-11-20T20:23:57.471+01:00 level=DEBUG msg="Generovanie PDF" spracovaných=22 celkovo=15 exam="Matematický test" "id študenta"=20 "dokončené za"=2.736904855s
time=2025-11-20T20:23:57.471+01:00 level=INFO msg="Súbor úspešne vymazaný" file_path=assets/tmp/student_20.pdf
time=2025-11-20T20:23:57.632+01:00 level=INFO msg="PDF compiled successfully" pdf_size_bytes=52174
time=2025-11-20T20:23:57.633+01:00 level=INFO msg="Súbor úspešne vymazaný" file_path=./assets/tmp/3373973462.tex
time=2025-11-20T20:23:57.633+01:00 level=DEBUG msg="Merging PDFs" pdf1=assets/tmp/student_46.pdf pdf2=assets/tmp/student_30.pdf
time=2025-11-20T20:23:57.709+01:00 level=INFO msg="PDFs merged" output_path=assets/tmp/merged.pdf
time=2025-11-20T20:23:57.710+01:00 level=DEBUG msg="Generovanie PDF" spracovaných=23 celkovo=15 exam="Matematický test" "id študenta"=30 "dokončené za"=4.532398824s
time=2025-11-20T20:23:57.710+01:00 level=INFO msg="Súbor úspešne vymazaný" file_path=assets/tmp/student_30.pdf
time=2025-11-20T20:23:57.759+01:00 level=INFO msg="PDF compiled successfully" pdf_size_bytes=52550
time=2025-11-20T20:23:57.759+01:00 level=INFO msg="Súbor úspešne vymazaný" file_path=./assets/tmp/3180129028.tex
time=2025-11-20T20:23:57.759+01:00 level=DEBUG msg="Merging PDFs" pdf1=assets/tmp/student_46.pdf pdf2=assets/tmp/student_29.pdf
time=2025-11-20T20:23:57.858+01:00 level=INFO msg="PDFs merged" output_path=assets/tmp/merged.pdf
time=2025-11-20T20:23:57.859+01:00 level=DEBUG msg="Generovanie PDF" spracovaných=24 celkovo=15 exam="Matematický test" "id študenta"=29 "dokončené za"=5.380631319s
time=2025-11-20T20:23:57.859+01:00 level=INFO msg="Súbor úspešne vymazaný" file_path=assets/tmp/student_29.pdf
time=2025-11-20T20:23:58.032+01:00 level=INFO msg="PDF compiled successfully" pdf_size_bytes=52817
time=2025-11-20T20:23:58.032+01:00 level=INFO msg="Súbor úspešne vymazaný" file_path=./assets/tmp/2014775948.tex
time=2025-11-20T20:23:58.032+01:00 level=DEBUG msg="Merging PDFs" pdf1=assets/tmp/student_46.pdf pdf2=assets/tmp/student_47.pdf
time=2025-11-20T20:23:58.090+01:00 level=INFO msg="PDFs merged" output_path=assets/tmp/merged.pdf
time=2025-11-20T20:23:58.091+01:00 level=DEBUG msg="Generovanie PDF" spracovaných=25 celkovo=15 exam="Matematický test" "id študenta"=47 "dokončené za"=3.357938641s
time=2025-11-20T20:23:58.091+01:00 level=INFO msg="Súbor úspešne vymazaný" file_path=assets/tmp/student_47.pdf
time=2025-11-20T20:23:58.341+01:00 level=INFO msg="PDF compiled successfully" pdf_size_bytes=52986
time=2025-11-20T20:23:58.341+01:00 level=INFO msg="Súbor úspešne vymazaný" file_path=./assets/tmp/2360227352.tex
time=2025-11-20T20:23:58.341+01:00 level=DEBUG msg="Merging PDFs" pdf1=assets/tmp/student_46.pdf pdf2=assets/tmp/student_8.pdf
time=2025-11-20T20:23:58.480+01:00 level=INFO msg="PDFs merged" output_path=assets/tmp/merged.pdf
time=2025-11-20T20:23:58.483+01:00 level=DEBUG msg="Generovanie PDF" spracovaných=26 celkovo=15 exam="Matematický test" "id študenta"=8 "dokončené za"=5.305752169s
time=2025-11-20T20:23:58.483+01:00 level=INFO msg="Súbor úspešne vymazaný" file_path=assets/tmp/student_8.pdf
time=2025-11-20T20:23:58.483+01:00 level=INFO msg="Processing students in room" room=CD300
time=2025-11-20T20:23:58.487+01:00 level=DEBUG msg="Found students for room" room=CD300 num_students=9
time=2025-11-20T20:23:58.487+01:00 level=DEBUG msg="Reading template file for student" student_id=50 template_path=/home/vbox/ScanEvalApp/assets/latex/templates/template_5.tex
time=2025-11-20T20:23:58.488+01:00 level=DEBUG msg="Successfully read template" student_id=50 template_size_bytes=3128
time=2025-11-20T20:23:58.488+01:00 level=DEBUG msg="Reading template file for student" student_id=21 template_path=/home/vbox/ScanEvalApp/assets/latex/templates/template_5.tex
time=2025-11-20T20:23:58.488+01:00 level=DEBUG msg="Template replacement completed" student_id=50 original_template_size=3128 updated_latex_size=3106
time=2025-11-20T20:23:58.488+01:00 level=DEBUG msg="Generated LaTeX sample (first 200 chars):" student_id=50 sample="\\documentclass[12pt]{article}\n\\usepackage{tikz}\n\\usepackage{subfig}\n\\usepackage{graphicx}\n\\usepackage{xcolor}\n\\usepackage[margin=1.0in]{geometry}\n\\usepackage{fancyhdr}\n\\usepackage{pgf}\n\\usepackage{qrc"
time=2025-11-20T20:23:58.488+01:00 level=INFO msg="LaTeX file created" file_path=./assets/tmp/269121740.tex
time=2025-11-20T20:23:58.488+01:00 level=DEBUG msg="LaTeX content saved for debugging" debug_file=assets/tmp/latex_output2439409528/debug_latex.tex
time=2025-11-20T20:23:58.488+01:00 level=DEBUG msg="Reading template file for student" student_id=7 template_path=/home/vbox/ScanEvalApp/assets/latex/templates/template_5.tex
time=2025-11-20T20:23:58.488+01:00 level=DEBUG msg="Running pdflatex command" command="/usr/bin/pdflatex -interaction=nonstopmode -halt-on-error -output-directory ./assets/tmp/latex_output2439409528 ./assets/tmp/269121740.tex"
time=2025-11-20T20:23:58.488+01:00 level=DEBUG msg="Successfully read template" student_id=7 template_size_bytes=3128
time=2025-11-20T20:23:58.488+01:00 level=DEBUG msg="Template replacement completed" student_id=7 original_template_size=3128 updated_latex_size=3104
time=2025-11-20T20:23:58.488+01:00 level=DEBUG msg="Generated LaTeX sample (first 200 chars):" student_id=7 sample="\\documentclass[12pt]{article}\n\\usepackage{tikz}\n\\usepackage{subfig}\n\\usepackage{graphicx}\n\\usepackage{xcolor}\n\\usepackage[margin=1.0in]{geometry}\n\\usepackage{fancyhdr}\n\\usepackage{pgf}\n\\usepackage{qrc"
time=2025-11-20T20:23:58.488+01:00 level=DEBUG msg="Reading template file for student" student_id=32 template_path=/home/vbox/ScanEvalApp/assets/latex/templates/template_5.tex
time=2025-11-20T20:23:58.488+01:00 level=INFO msg="LaTeX file created" file_path=./assets/tmp/1401727062.tex
time=2025-11-20T20:23:58.488+01:00 level=DEBUG msg="Successfully read template" student_id=32 template_size_bytes=3128
time=2025-11-20T20:23:58.488+01:00 level=DEBUG msg="LaTeX content saved for debugging" debug_file=assets/tmp/latex_output3221607264/debug_latex.tex
time=2025-11-20T20:23:58.488+01:00 level=DEBUG msg="Running pdflatex command" command="/usr/bin/pdflatex -interaction=nonstopmode -halt-on-error -output-directory ./assets/tmp/latex_output3221607264 ./assets/tmp/1401727062.tex"
time=2025-11-20T20:23:58.489+01:00 level=DEBUG msg="Template replacement completed" student_id=32 original_template_size=3128 updated_latex_size=3111
time=2025-11-20T20:23:58.489+01:00 level=DEBUG msg="Generated LaTeX sample (first 200 chars):" student_id=32 sample="\\documentclass[12pt]{article}\n\\usepackage{tikz}\n\\usepackage{subfig}\n\\usepackage{graphicx}\n\\usepackage{xcolor}\n\\usepackage[margin=1.0in]{geometry}\n\\usepackage{fancyhdr}\n\\usepackage{pgf}\n\\usepackage{qrc"
time=2025-11-20T20:23:58.489+01:00 level=INFO msg="LaTeX file created" file_path=./assets/tmp/2742284322.tex
time=2025-11-20T20:23:58.489+01:00 level=DEBUG msg="LaTeX content saved for debugging" debug_file=assets/tmp/latex_output740243954/debug_latex.tex
time=2025-11-20T20:23:58.489+01:00 level=DEBUG msg="Successfully read template" student_id=21 template_size_bytes=3128
time=2025-11-20T20:23:58.489+01:00 level=DEBUG msg="Template replacement completed" student_id=21 original_template_size=3128 updated_latex_size=3108
time=2025-11-20T20:23:58.489+01:00 level=DEBUG msg="Generated LaTeX sample (first 200 chars):" student_id=21 sample="\\documentclass[12pt]{article}\n\\usepackage{tikz}\n\\usepackage{subfig}\n\\usepackage{graphicx}\n\\usepackage{xcolor}\n\\usepackage[margin=1.0in]{geometry}\n\\usepackage{fancyhdr}\n\\usepackage{pgf}\n\\usepackage{qrc"
time=2025-11-20T20:23:58.489+01:00 level=INFO msg="LaTeX file created" file_path=./assets/tmp/1705643527.tex
time=2025-11-20T20:23:58.489+01:00 level=DEBUG msg="LaTeX content saved for debugging" debug_file=assets/tmp/latex_output3084089193/debug_latex.tex
time=2025-11-20T20:23:58.489+01:00 level=DEBUG msg="Running pdflatex command" command="/usr/bin/pdflatex -interaction=nonstopmode -halt-on-error -output-directory ./assets/tmp/latex_output3084089193 ./assets/tmp/1705643527.tex"
time=2025-11-20T20:23:58.490+01:00 level=DEBUG msg="Reading template file for student" student_id=36 template_path=/home/vbox/ScanEvalApp/assets/latex/templates/template_5.tex
time=2025-11-20T20:23:58.490+01:00 level=DEBUG msg="Successfully read template" student_id=36 template_size_bytes=3128
time=2025-11-20T20:23:58.490+01:00 level=DEBUG msg="Template replacement completed" student_id=36 original_template_size=3128 updated_latex_size=3103
time=2025-11-20T20:23:58.490+01:00 level=DEBUG msg="Generated LaTeX sample (first 200 chars):" student_id=36 sample="\\documentclass[12pt]{article}\n\\usepackage{tikz}\n\\usepackage{subfig}\n\\usepackage{graphicx}\n\\usepackage{xcolor}\n\\usepackage[margin=1.0in]{geometry}\n\\usepackage{fancyhdr}\n\\usepackage{pgf}\n\\usepackage{qrc"
time=2025-11-20T20:23:58.490+01:00 level=INFO msg="LaTeX file created" file_path=./assets/tmp/3914759358.tex
time=2025-11-20T20:23:58.490+01:00 level=DEBUG msg="LaTeX content saved for debugging" debug_file=assets/tmp/latex_output1756368779/debug_latex.tex
time=2025-11-20T20:23:58.490+01:00 level=DEBUG msg="Running pdflatex command" command="/usr/bin/pdflatex -interaction=nonstopmode -halt-on-error -output-directory ./assets/tmp/latex_output1756368779 ./assets/tmp/3914759358.tex"
time=2025-11-20T20:23:58.492+01:00 level=DEBUG msg="Reading template file for student" student_id=3 template_path=/home/vbox/ScanEvalApp/assets/latex/templates/template_5.tex
time=2025-11-20T20:23:58.492+01:00 level=DEBUG msg="Successfully read template" student_id=3 template_size_bytes=3128
time=2025-11-20T20:23:58.493+01:00 level=DEBUG msg="Template replacement completed" student_id=3 original_template_size=3128 updated_latex_size=3114
time=2025-11-20T20:23:58.493+01:00 level=DEBUG msg="Generated LaTeX sample (first 200 chars):" student_id=3 sample="\\documentclass[12pt]{article}\n\\usepackage{tikz}\n\\usepackage{subfig}\n\\usepackage{graphicx}\n\\usepackage{xcolor}\n\\usepackage[margin=1.0in]{geometry}\n\\usepackage{fancyhdr}\n\\usepackage{pgf}\n\\usepackage{qrc"
time=2025-11-20T20:23:58.495+01:00 level=INFO msg="LaTeX file created" file_path=./assets/tmp/661095623.tex
time=2025-11-20T20:23:58.495+01:00 level=DEBUG msg="LaTeX content saved for debugging" debug_file=assets/tmp/latex_output3180826087/debug_latex.tex
time=2025-11-20T20:23:58.495+01:00 level=DEBUG msg="Running pdflatex command" command="/usr/bin/pdflatex -interaction=nonstopmode -halt-on-error -output-directory ./assets/tmp/latex_output3180826087 ./assets/tmp/661095623.tex"
time=2025-11-20T20:23:58.495+01:00 level=DEBUG msg="Reading template file for student" student_id=22 template_path=/home/vbox/ScanEvalApp/assets/latex/templates/template_5.tex
time=2025-11-20T20:23:58.495+01:00 level=DEBUG msg="Successfully read template" student_id=22 template_size_bytes=3128
time=2025-11-20T20:23:58.495+01:00 level=DEBUG msg="Template replacement completed" student_id=22 original_template_size=3128 updated_latex_size=3106
time=2025-11-20T20:23:58.495+01:00 level=DEBUG msg="Generated LaTeX sample (first 200 chars):" student_id=22 sample="\\documentclass[12pt]{article}\n\\usepackage{tikz}\n\\usepackage{subfig}\n\\usepackage{graphicx}\n\\usepackage{xcolor}\n\\usepackage[margin=1.0in]{geometry}\n\\usepackage{fancyhdr}\n\\usepackage{pgf}\n\\usepackage{qrc"
time=2025-11-20T20:23:58.495+01:00 level=INFO msg="LaTeX file created" file_path=./assets/tmp/3400745506.tex
time=2025-11-20T20:23:58.495+01:00 level=DEBUG msg="LaTeX content saved for debugging" debug_file=assets/tmp/latex_output2435463040/debug_latex.tex
time=2025-11-20T20:23:58.495+01:00 level=DEBUG msg="Running pdflatex command" command="/usr/bin/pdflatex -interaction=nonstopmode -halt-on-error -output-directory ./assets/tmp/latex_output2435463040 ./assets/tmp/3400745506.tex"
time=2025-11-20T20:23:58.497+01:00 level=DEBUG msg="Reading template file for student" student_id=42 template_path=/home/vbox/ScanEvalApp/assets/latex/templates/template_5.tex
time=2025-11-20T20:23:58.497+01:00 level=DEBUG msg="Successfully read template" student_id=42 template_size_bytes=3128
time=2025-11-20T20:23:58.497+01:00 level=DEBUG msg="Template replacement completed" student_id=42 original_template_size=3128 updated_latex_size=3109
time=2025-11-20T20:23:58.497+01:00 level=DEBUG msg="Generated LaTeX sample (first 200 chars):" student_id=42 sample="\\documentclass[12pt]{article}\n\\usepackage{tikz}\n\\usepackage{subfig}\n\\usepackage{graphicx}\n\\usepackage{xcolor}\n\\usepackage[margin=1.0in]{geometry}\n\\usepackage{fancyhdr}\n\\usepackage{pgf}\n\\usepackage{qrc"
time=2025-11-20T20:23:58.497+01:00 level=INFO msg="LaTeX file created" file_path=./assets/tmp/2743151589.tex
time=2025-11-20T20:23:58.497+01:00 level=DEBUG msg="LaTeX content saved for debugging" debug_file=assets/tmp/latex_output2491268011/debug_latex.tex
time=2025-11-20T20:23:58.497+01:00 level=DEBUG msg="Running pdflatex command" command="/usr/bin/pdflatex -interaction=nonstopmode -halt-on-error -output-directory ./assets/tmp/latex_output2491268011 ./assets/tmp/2743151589.tex"
time=2025-11-20T20:23:59.181+01:00 level=DEBUG msg="Reading template file for student" student_id=10 template_path=/home/vbox/ScanEvalApp/assets/latex/templates/template_5.tex
time=2025-11-20T20:23:59.181+01:00 level=DEBUG msg="Successfully read template" student_id=10 template_size_bytes=3128
time=2025-11-20T20:23:59.182+01:00 level=DEBUG msg="Template replacement completed" student_id=10 original_template_size=3128 updated_latex_size=3102
time=2025-11-20T20:23:59.182+01:00 level=DEBUG msg="Generated LaTeX sample (first 200 chars):" student_id=10 sample="\\documentclass[12pt]{article}\n\\usepackage{tikz}\n\\usepackage{subfig}\n\\usepackage{graphicx}\n\\usepackage{xcolor}\n\\usepackage[margin=1.0in]{geometry}\n\\usepackage{fancyhdr}\n\\usepackage{pgf}\n\\usepackage{qrc"
time=2025-11-20T20:23:59.182+01:00 level=INFO msg="LaTeX file created" file_path=./assets/tmp/3160834423.tex
time=2025-11-20T20:23:59.182+01:00 level=DEBUG msg="LaTeX content saved for debugging" debug_file=assets/tmp/latex_output2905089492/debug_latex.tex
time=2025-11-20T20:23:59.182+01:00 level=DEBUG msg="Running pdflatex command" command="/usr/bin/pdflatex -interaction=nonstopmode -halt-on-error -output-directory ./assets/tmp/latex_output2905089492 ./assets/tmp/3160834423.tex"
time=2025-11-20T20:23:59.783+01:00 level=INFO msg="PDF compiled successfully" pdf_size_bytes=52588
time=2025-11-20T20:23:59.783+01:00 level=INFO msg="Súbor úspešne vymazaný" file_path=./assets/tmp/3914759358.tex
time=2025-11-20T20:23:59.784+01:00 level=DEBUG msg="Merging PDFs" pdf1=assets/tmp/student_46.pdf pdf2=assets/tmp/student_36.pdf
time=2025-11-20T20:23:59.784+01:00 level=INFO msg="PDF compiled successfully" pdf_size_bytes=52716
time=2025-11-20T20:23:59.784+01:00 level=INFO msg="Súbor úspešne vymazaný" file_path=./assets/tmp/2743151589.tex
time=2025-11-20T20:23:59.789+01:00 level=DEBUG msg="Running pdflatex command" command="/usr/bin/pdflatex -interaction=nonstopmode -halt-on-error -output-directory ./assets/tmp/latex_output740243954 ./assets/tmp/2742284322.tex"
time=2025-11-20T20:24:00.729+01:00 level=INFO msg="PDF compiled successfully" pdf_size_bytes=51955
time=2025-11-20T20:24:00.729+01:00 level=INFO msg="Súbor úspešne vymazaný" file_path=./assets/tmp/1705643527.tex
time=2025-11-20T20:24:00.729+01:00 level=INFO msg="PDFs merged" output_path=assets/tmp/merged.pdf
time=2025-11-20T20:24:00.730+01:00 level=DEBUG msg="Generovanie PDF" spracovaných=27 celkovo=9 exam="Matematický test" "id študenta"=36 "dokončené za"=2.239902718s
time=2025-11-20T20:24:00.730+01:00 level=INFO msg="Súbor úspešne vymazaný" file_path=assets/tmp/student_36.pdf
time=2025-11-20T20:24:00.730+01:00 level=DEBUG msg="Merging PDFs" pdf1=assets/tmp/student_46.pdf pdf2=assets/tmp/student_42.pdf
time=2025-11-20T20:24:01.080+01:00 level=INFO msg="PDFs merged" output_path=assets/tmp/merged.pdf
time=2025-11-20T20:24:01.080+01:00 level=DEBUG msg="Generovanie PDF" spracovaných=28 celkovo=9 exam="Matematický test" "id študenta"=42 "dokončené za"=2.583396005s
time=2025-11-20T20:24:01.080+01:00 level=INFO msg="Súbor úspešne vymazaný" file_path=assets/tmp/student_42.pdf
time=2025-11-20T20:24:01.080+01:00 level=DEBUG msg="Merging PDFs" pdf1=assets/tmp/student_46.pdf pdf2=assets/tmp/student_21.pdf
time=2025-11-20T20:24:01.123+01:00 level=INFO msg="PDF compiled successfully" pdf_size_bytes=52328
time=2025-11-20T20:24:01.124+01:00 level=INFO msg="Súbor úspešne vymazaný" file_path=./assets/tmp/269121740.tex
time=2025-11-20T20:24:01.239+01:00 level=INFO msg="PDFs merged" output_path=assets/tmp/merged.pdf
time=2025-11-20T20:24:01.240+01:00 level=DEBUG msg="Generovanie PDF" spracovaných=29 celkovo=9 exam="Matematický test" "id študenta"=21 "dokončené za"=2.752224665s
time=2025-11-20T20:24:01.240+01:00 level=INFO msg="Súbor úspešne vymazaný" file_path=assets/tmp/student_21.pdf
time=2025-11-20T20:24:01.240+01:00 level=DEBUG msg="Merging PDFs" pdf1=assets/tmp/student_46.pdf pdf2=assets/tmp/student_50.pdf
time=2025-11-20T20:24:01.350+01:00 level=INFO msg="PDFs merged" output_path=assets/tmp/merged.pdf
time=2025-11-20T20:24:01.350+01:00 level=DEBUG msg="Generovanie PDF" spracovaných=30 celkovo=9 exam="Matematický test" "id študenta"=50 "dokončené za"=2.863003794s
time=2025-11-20T20:24:01.351+01:00 level=INFO msg="Súbor úspešne vymazaný" file_path=assets/tmp/student_50.pdf
time=2025-11-20T20:24:01.374+01:00 level=INFO msg="PDF compiled successfully" pdf_size_bytes=53430
time=2025-11-20T20:24:01.375+01:00 level=INFO msg="Súbor úspešne vymazaný" file_path=./assets/tmp/2742284322.tex
time=2025-11-20T20:24:01.375+01:00 level=DEBUG msg="Merging PDFs" pdf1=assets/tmp/student_46.pdf pdf2=assets/tmp/student_32.pdf
time=2025-11-20T20:24:01.395+01:00 level=INFO msg="PDF compiled successfully" pdf_size_bytes=52990
time=2025-11-20T20:24:01.395+01:00 level=INFO msg="Súbor úspešne vymazaný" file_path=./assets/tmp/661095623.tex
time=2025-11-20T20:24:01.489+01:00 level=INFO msg="PDFs merged" output_path=assets/tmp/merged.pdf
time=2025-11-20T20:24:01.494+01:00 level=DEBUG msg="Generovanie PDF" spracovaných=31 celkovo=9 exam="Matematický test" "id študenta"=32 "dokončené za"=3.006227613s
time=2025-11-20T20:24:01.495+01:00 level=INFO msg="Súbor úspešne vymazaný" file_path=assets/tmp/student_32.pdf
time=2025-11-20T20:24:01.500+01:00 level=DEBUG msg="Merging PDFs" pdf1=assets/tmp/student_46.pdf pdf2=assets/tmp/student_3.pdf
time=2025-11-20T20:24:01.588+01:00 level=INFO msg="PDF compiled successfully" pdf_size_bytes=52124
time=2025-11-20T20:24:01.588+01:00 level=INFO msg="Súbor úspešne vymazaný" file_path=./assets/tmp/3400745506.tex
time=2025-11-20T20:24:01.645+01:00 level=INFO msg="PDFs merged" output_path=assets/tmp/merged.pdf
time=2025-11-20T20:24:01.650+01:00 level=DEBUG msg="Generovanie PDF" spracovaných=32 celkovo=9 exam="Matematický test" "id študenta"=3 "dokončené za"=3.157862578s
time=2025-11-20T20:24:01.650+01:00 level=INFO msg="Súbor úspešne vymazaný" file_path=assets/tmp/student_3.pdf
time=2025-11-20T20:24:01.650+01:00 level=DEBUG msg="Merging PDFs" pdf1=assets/tmp/student_46.pdf pdf2=assets/tmp/student_22.pdf
time=2025-11-20T20:24:01.771+01:00 level=INFO msg="PDFs merged" output_path=assets/tmp/merged.pdf
time=2025-11-20T20:24:01.773+01:00 level=DEBUG msg="Generovanie PDF" spracovaných=33 celkovo=9 exam="Matematický test" "id študenta"=22 "dokončené za"=3.277577314s
time=2025-11-20T20:24:01.773+01:00 level=INFO msg="Súbor úspešne vymazaný" file_path=assets/tmp/student_22.pdf
time=2025-11-20T20:24:02.082+01:00 level=INFO msg="PDF compiled successfully" pdf_size_bytes=52649
time=2025-11-20T20:24:02.082+01:00 level=INFO msg="Súbor úspešne vymazaný" file_path=./assets/tmp/3160834423.tex
time=2025-11-20T20:24:02.082+01:00 level=DEBUG msg="Merging PDFs" pdf1=assets/tmp/student_46.pdf pdf2=assets/tmp/student_10.pdf
time=2025-11-20T20:24:02.116+01:00 level=INFO msg="PDF compiled successfully" pdf_size_bytes=52942
time=2025-11-20T20:24:02.116+01:00 level=INFO msg="Súbor úspešne vymazaný" file_path=./assets/tmp/1401727062.tex
time=2025-11-20T20:24:02.154+01:00 level=INFO msg="PDFs merged" output_path=assets/tmp/merged.pdf
time=2025-11-20T20:24:02.160+01:00 level=DEBUG msg="Generovanie PDF" spracovaných=34 celkovo=9 exam="Matematický test" "id študenta"=10 "dokončené za"=2.979537723s
time=2025-11-20T20:24:02.160+01:00 level=INFO msg="Súbor úspešne vymazaný" file_path=assets/tmp/student_10.pdf
time=2025-11-20T20:24:02.160+01:00 level=DEBUG msg="Merging PDFs" pdf1=assets/tmp/student_46.pdf pdf2=assets/tmp/student_7.pdf
time=2025-11-20T20:24:02.261+01:00 level=INFO msg="PDFs merged" output_path=assets/tmp/merged.pdf
time=2025-11-20T20:24:02.271+01:00 level=DEBUG msg="Generovanie PDF" spracovaných=35 celkovo=9 exam="Matematický test" "id študenta"=7 "dokončené za"=3.783170435s
time=2025-11-20T20:24:02.271+01:00 level=INFO msg="Súbor úspešne vymazaný" file_path=assets/tmp/student_7.pdf
time=2025-11-20T20:24:02.271+01:00 level=INFO msg="Processing students in room" room=AB300
time=2025-11-20T20:24:02.272+01:00 level=DEBUG msg="Found students for room" room=AB300 num_students=6
time=2025-11-20T20:24:02.272+01:00 level=DEBUG msg="Reading template file for student" student_id=44 template_path=/home/vbox/ScanEvalApp/assets/latex/templates/template_5.tex
time=2025-11-20T20:24:02.272+01:00 level=DEBUG msg="Successfully read template" student_id=44 template_size_bytes=3128
time=2025-11-20T20:24:02.272+01:00 level=DEBUG msg="Template replacement completed" student_id=44 original_template_size=3128 updated_latex_size=3109
time=2025-11-20T20:24:02.272+01:00 level=DEBUG msg="Generated LaTeX sample (first 200 chars):" student_id=44 sample="\\documentclass[12pt]{article}\n\\usepackage{tikz}\n\\usepackage{subfig}\n\\usepackage{graphicx}\n\\usepackage{xcolor}\n\\usepackage[margin=1.0in]{geometry}\n\\usepackage{fancyhdr}\n\\usepackage{pgf}\n\\usepackage{qrc"
time=2025-11-20T20:24:02.272+01:00 level=INFO msg="LaTeX file created" file_path=./assets/tmp/2361477067.tex
time=2025-11-20T20:24:02.272+01:00 level=DEBUG msg="LaTeX content saved for debugging" debug_file=assets/tmp/latex_output1413516940/debug_latex.tex
time=2025-11-20T20:24:02.272+01:00 level=DEBUG msg="Running pdflatex command" command="/usr/bin/pdflatex -interaction=nonstopmode -halt-on-error -output-directory ./assets/tmp/latex_output1413516940 ./assets/tmp/2361477067.tex"
time=2025-11-20T20:24:02.272+01:00 level=DEBUG msg="Reading template file for student" student_id=13 template_path=/home/vbox/ScanEvalApp/assets/latex/templates/template_5.tex
time=2025-11-20T20:24:02.272+01:00 level=DEBUG msg="Successfully read template" student_id=13 template_size_bytes=3128
time=2025-11-20T20:24:02.272+01:00 level=DEBUG msg="Template replacement completed" student_id=13 original_template_size=3128 updated_latex_size=3104
time=2025-11-20T20:24:02.272+01:00 level=DEBUG msg="Generated LaTeX sample (first 200 chars):" student_id=13 sample="\\documentclass[12pt]{article}\n\\usepackage{tikz}\n\\usepackage{subfig}\n\\usepackage{graphicx}\n\\usepackage{xcolor}\n\\usepackage[margin=1.0in]{geometry}\n\\usepackage{fancyhdr}\n\\usepackage{pgf}\n\\usepackage{qrc"
time=2025-11-20T20:24:02.272+01:00 level=INFO msg="LaTeX file created" file_path=./assets/tmp/2588405381.tex
time=2025-11-20T20:24:02.272+01:00 level=DEBUG msg="LaTeX content saved for debugging" debug_file=assets/tmp/latex_output442636874/debug_latex.tex
time=2025-11-20T20:24:02.272+01:00 level=DEBUG msg="Running pdflatex command" command="/usr/bin/pdflatex -interaction=nonstopmode -halt-on-error -output-directory ./assets/tmp/latex_output442636874 ./assets/tmp/2588405381.tex"
time=2025-11-20T20:24:02.274+01:00 level=DEBUG msg="Reading template file for student" student_id=9 template_path=/home/vbox/ScanEvalApp/assets/latex/templates/template_5.tex
time=2025-11-20T20:24:02.274+01:00 level=DEBUG msg="Successfully read template" student_id=9 template_size_bytes=3128
time=2025-11-20T20:24:02.274+01:00 level=DEBUG msg="Template replacement completed" student_id=9 original_template_size=3128 updated_latex_size=3107
time=2025-11-20T20:24:02.274+01:00 level=DEBUG msg="Generated LaTeX sample (first 200 chars):" student_id=9 sample="\\documentclass[12pt]{article}\n\\usepackage{tikz}\n\\usepackage{subfig}\n\\usepackage{graphicx}\n\\usepackage{xcolor}\n\\usepackage[margin=1.0in]{geometry}\n\\usepackage{fancyhdr}\n\\usepackage{pgf}\n\\usepackage{qrc"
time=2025-11-20T20:24:02.274+01:00 level=INFO msg="LaTeX file created" file_path=./assets/tmp/1505664533.tex
time=2025-11-20T20:24:02.274+01:00 level=DEBUG msg="LaTeX content saved for debugging" debug_file=assets/tmp/latex_output1517548545/debug_latex.tex
time=2025-11-20T20:24:02.274+01:00 level=DEBUG msg="Running pdflatex command" command="/usr/bin/pdflatex -interaction=nonstopmode -halt-on-error -output-directory ./assets/tmp/latex_output1517548545 ./assets/tmp/1505664533.tex"
time=2025-11-20T20:24:02.274+01:00 level=DEBUG msg="Reading template file for student" student_id=11 template_path=/home/vbox/ScanEvalApp/assets/latex/templates/template_5.tex
time=2025-11-20T20:24:02.274+01:00 level=DEBUG msg="Successfully read template" student_id=11 template_size_bytes=3128
time=2025-11-20T20:24:02.274+01:00 level=DEBUG msg="Template replacement completed" student_id=11 original_template_size=3128 updated_latex_size=3103
time=2025-11-20T20:24:02.274+01:00 level=DEBUG msg="Generated LaTeX sample (first 200 chars):" student_id=11 sample="\\documentclass[12pt]{article}\n\\usepackage{tikz}\n\\usepackage{subfig}\n\\usepackage{graphicx}\n\\usepackage{xcolor}\n\\usepackage[margin=1.0in]{geometry}\n\\usepackage{fancyhdr}\n\\usepackage{pgf}\n\\usepackage{qrc"
time=2025-11-20T20:24:02.274+01:00 level=INFO msg="LaTeX file created" file_path=./assets/tmp/766180069.tex
time=2025-11-20T20:24:02.275+01:00 level=DEBUG msg="LaTeX content saved for debugging" debug_file=assets/tmp/latex_output1876956573/debug_latex.tex
time=2025-11-20T20:24:02.275+01:00 level=DEBUG msg="Running pdflatex command" command="/usr/bin/pdflatex -interaction=nonstopmode -halt-on-error -output-directory ./assets/tmp/latex_output1876956573 ./assets/tmp/766180069.tex"
time=2025-11-20T20:24:02.276+01:00 level=DEBUG msg="Reading template file for student" student_id=23 template_path=/home/vbox/ScanEvalApp/assets/latex/templates/template_5.tex
time=2025-11-20T20:24:02.276+01:00 level=DEBUG msg="Successfully read template" student_id=23 template_size_bytes=3128
time=2025-11-20T20:24:02.276+01:00 level=DEBUG msg="Template replacement completed" student_id=23 original_template_size=3128 updated_latex_size=3102
time=2025-11-20T20:24:02.276+01:00 level=DEBUG msg="Generated LaTeX sample (first 200 chars):" student_id=23 sample="\\documentclass[12pt]{article}\n\\usepackage{tikz}\n\\usepackage{subfig}\n\\usepackage{graphicx}\n\\usepackage{xcolor}\n\\usepackage[margin=1.0in]{geometry}\n\\usepackage{fancyhdr}\n\\usepackage{pgf}\n\\usepackage{qrc"
time=2025-11-20T20:24:02.276+01:00 level=INFO msg="LaTeX file created" file_path=./assets/tmp/761476769.tex
time=2025-11-20T20:24:02.276+01:00 level=DEBUG msg="LaTeX content saved for debugging" debug_file=assets/tmp/latex_output1418008324/debug_latex.tex
time=2025-11-20T20:24:02.276+01:00 level=DEBUG msg="Running pdflatex command" command="/usr/bin/pdflatex -interaction=nonstopmode -halt-on-error -output-directory ./assets/tmp/latex_output1418008324 ./assets/tmp/761476769.tex"
time=2025-11-20T20:24:02.276+01:00 level=DEBUG msg="Reading template file for student" student_id=19 template_path=/home/vbox/ScanEvalApp/assets/latex/templates/template_5.tex
time=2025-11-20T20:24:02.276+01:00 level=DEBUG msg="Successfully read template" student_id=19 template_size_bytes=3128
time=2025-11-20T20:24:02.276+01:00 level=DEBUG msg="Template replacement completed" student_id=19 original_template_size=3128 updated_latex_size=3116
time=2025-11-20T20:24:02.276+01:00 level=DEBUG msg="Generated LaTeX sample (first 200 chars):" student_id=19 sample="\\documentclass[12pt]{article}\n\\usepackage{tikz}\n\\usepackage{subfig}\n\\usepackage{graphicx}\n\\usepackage{xcolor}\n\\usepackage[margin=1.0in]{geometry}\n\\usepackage{fancyhdr}\n\\usepackage{pgf}\n\\usepackage{qrc"
time=2025-11-20T20:24:02.277+01:00 level=INFO msg="LaTeX file created" file_path=./assets/tmp/4216063977.tex
time=2025-11-20T20:24:02.277+01:00 level=DEBUG msg="LaTeX content saved for debugging" debug_file=assets/tmp/latex_output81879292/debug_latex.tex
time=2025-11-20T20:24:02.277+01:00 level=DEBUG msg="Running pdflatex command" command="/usr/bin/pdflatex -interaction=nonstopmode -halt-on-error -output-directory ./assets/tmp/latex_output81879292 ./assets/tmp/4216063977.tex"
time=2025-11-20T20:24:03.720+01:00 level=INFO msg="PDF compiled successfully" pdf_size_bytes=53576
time=2025-11-20T20:24:03.720+01:00 level=INFO msg="Súbor úspešne vymazaný" file_path=./assets/tmp/4216063977.tex
time=2025-11-20T20:24:03.720+01:00 level=DEBUG msg="Merging PDFs" pdf1=assets/tmp/student_46.pdf pdf2=assets/tmp/student_19.pdf
time=2025-11-20T20:24:03.720+01:00 level=INFO msg="PDF compiled successfully" pdf_size_bytes=52304
time=2025-11-20T20:24:03.721+01:00 level=INFO msg="Súbor úspešne vymazaný" file_path=./assets/tmp/1505664533.tex
time=2025-11-20T20:24:03.880+01:00 level=INFO msg="PDFs merged" output_path=assets/tmp/merged.pdf
time=2025-11-20T20:24:03.884+01:00 level=DEBUG msg="Generovanie PDF" spracovaných=36 celkovo=6 exam="Matematický test" "id študenta"=19 "dokončené za"=1.607602734s
time=2025-11-20T20:24:03.884+01:00 level=INFO msg="Súbor úspešne vymazaný" file_path=assets/tmp/student_19.pdf
time=2025-11-20T20:24:03.886+01:00 level=DEBUG msg="Merging PDFs" pdf1=assets/tmp/student_46.pdf pdf2=assets/tmp/student_9.pdf
time=2025-11-20T20:24:04.004+01:00 level=INFO msg="PDFs merged" output_path=assets/tmp/merged.pdf
time=2025-11-20T20:24:04.013+01:00 level=DEBUG msg="Generovanie PDF" spracovaných=37 celkovo=6 exam="Matematický test" "id študenta"=9 "dokončené za"=1.739221808s
time=2025-11-20T20:24:04.013+01:00 level=INFO msg="Súbor úspešne vymazaný" file_path=assets/tmp/student_9.pdf
time=2025-11-20T20:24:04.346+01:00 level=INFO msg="PDF compiled successfully" pdf_size_bytes=52511
time=2025-11-20T20:24:04.346+01:00 level=INFO msg="Súbor úspešne vymazaný" file_path=./assets/tmp/2588405381.tex
time=2025-11-20T20:24:04.346+01:00 level=DEBUG msg="Merging PDFs" pdf1=assets/tmp/student_46.pdf pdf2=assets/tmp/student_13.pdf
time=2025-11-20T20:24:04.423+01:00 level=INFO msg="PDFs merged" output_path=assets/tmp/merged.pdf
time=2025-11-20T20:24:04.424+01:00 level=DEBUG msg="Generovanie PDF" spracovaných=38 celkovo=6 exam="Matematický test" "id študenta"=13 "dokončené za"=2.151862082s
time=2025-11-20T20:24:04.424+01:00 level=INFO msg="Súbor úspešne vymazaný" file_path=assets/tmp/student_13.pdf
time=2025-11-20T20:24:04.591+01:00 level=INFO msg="PDF compiled successfully" pdf_size_bytes=53099
time=2025-11-20T20:24:04.591+01:00 level=INFO msg="Súbor úspešne vymazaný" file_path=./assets/tmp/2361477067.tex
time=2025-11-20T20:24:04.591+01:00 level=DEBUG msg="Merging PDFs" pdf1=assets/tmp/student_46.pdf pdf2=assets/tmp/student_44.pdf
time=2025-11-20T20:24:04.630+01:00 level=INFO msg="PDF compiled successfully" pdf_size_bytes=52731
time=2025-11-20T20:24:04.631+01:00 level=INFO msg="Súbor úspešne vymazaný" file_path=./assets/tmp/761476769.tex
time=2025-11-20T20:24:04.694+01:00 level=INFO msg="PDFs merged" output_path=assets/tmp/merged.pdf
time=2025-11-20T20:24:04.696+01:00 level=DEBUG msg="Generovanie PDF" spracovaných=39 celkovo=6 exam="Matematický test" "id študenta"=44 "dokončené za"=2.424000886s
time=2025-11-20T20:24:04.696+01:00 level=INFO msg="Súbor úspešne vymazaný" file_path=assets/tmp/student_44.pdf
time=2025-11-20T20:24:04.696+01:00 level=DEBUG msg="Merging PDFs" pdf1=assets/tmp/student_46.pdf pdf2=assets/tmp/student_23.pdf
time=2025-11-20T20:24:04.787+01:00 level=INFO msg="PDF compiled successfully" pdf_size_bytes=52560
time=2025-11-20T20:24:04.788+01:00 level=INFO msg="Súbor úspešne vymazaný" file_path=./assets/tmp/766180069.tex
time=2025-11-20T20:24:04.849+01:00 level=INFO msg="PDFs merged" output_path=assets/tmp/merged.pdf
time=2025-11-20T20:24:04.851+01:00 level=DEBUG msg="Generovanie PDF" spracovaných=40 celkovo=6 exam="Matematický test" "id študenta"=23 "dokončené za"=2.575612265s
time=2025-11-20T20:24:04.851+01:00 level=INFO msg="Súbor úspešne vymazaný" file_path=assets/tmp/student_23.pdf
time=2025-11-20T20:24:04.851+01:00 level=DEBUG msg="Merging PDFs" pdf1=assets/tmp/student_46.pdf pdf2=assets/tmp/student_11.pdf
time=2025-11-20T20:24:04.933+01:00 level=INFO msg="PDFs merged" output_path=assets/tmp/merged.pdf
time=2025-11-20T20:24:04.946+01:00 level=DEBUG msg="Generovanie PDF" spracovaných=41 celkovo=6 exam="Matematický test" "id študenta"=11 "dokončené za"=2.671761484s
time=2025-11-20T20:24:04.946+01:00 level=INFO msg="Súbor úspešne vymazaný" file_path=assets/tmp/student_11.pdf
time=2025-11-20T20:24:04.946+01:00 level=INFO msg="Processing students in room" room=BC300
time=2025-11-20T20:24:04.946+01:00 level=DEBUG msg="Found students for room" room=BC300 num_students=9
time=2025-11-20T20:24:04.946+01:00 level=DEBUG msg="Reading template file for student" student_id=48 template_path=/home/vbox/ScanEvalApp/assets/latex/templates/template_5.tex
time=2025-11-20T20:24:04.946+01:00 level=DEBUG msg="Successfully read template" student_id=48 template_size_bytes=3128
time=2025-11-20T20:24:04.947+01:00 level=DEBUG msg="Template replacement completed" student_id=48 original_template_size=3128 updated_latex_size=3105
time=2025-11-20T20:24:04.947+01:00 level=DEBUG msg="Generated LaTeX sample (first 200 chars):" student_id=48 sample="\\documentclass[12pt]{article}\n\\usepackage{tikz}\n\\usepackage{subfig}\n\\usepackage{graphicx}\n\\usepackage{xcolor}\n\\usepackage[margin=1.0in]{geometry}\n\\usepackage{fancyhdr}\n\\usepackage{pgf}\n\\usepackage{qrc"
time=2025-11-20T20:24:04.947+01:00 level=INFO msg="LaTeX file created" file_path=./assets/tmp/1340882211.tex
time=2025-11-20T20:24:04.947+01:00 level=DEBUG msg="LaTeX content saved for debugging" debug_file=assets/tmp/latex_output2225871340/debug_latex.tex
time=2025-11-20T20:24:04.947+01:00 level=DEBUG msg="Running pdflatex command" command="/usr/bin/pdflatex -interaction=nonstopmode -halt-on-error -output-directory ./assets/tmp/latex_output2225871340 ./assets/tmp/1340882211.tex"
time=2025-11-20T20:24:04.947+01:00 level=DEBUG msg="Reading template file for student" student_id=12 template_path=/home/vbox/ScanEvalApp/assets/latex/templates/template_5.tex
time=2025-11-20T20:24:04.947+01:00 level=DEBUG msg="Reading template file for student" student_id=45 template_path=/home/vbox/ScanEvalApp/assets/latex/templates/template_5.tex
time=2025-11-20T20:24:04.947+01:00 level=DEBUG msg="Successfully read template" student_id=12 template_size_bytes=3128
time=2025-11-20T20:24:04.947+01:00 level=DEBUG msg="Successfully read template" student_id=45 template_size_bytes=3128
time=2025-11-20T20:24:04.947+01:00 level=DEBUG msg="Template replacement completed" student_id=12 original_template_size=3128 updated_latex_size=3105
time=2025-11-20T20:24:04.947+01:00 level=DEBUG msg="Generated LaTeX sample (first 200 chars):" student_id=12 sample="\\documentclass[12pt]{article}\n\\usepackage{tikz}\n\\usepackage{subfig}\n\\usepackage{graphicx}\n\\usepackage{xcolor}\n\\usepackage[margin=1.0in]{geometry}\n\\usepackage{fancyhdr}\n\\usepackage{pgf}\n\\usepackage{qrc"
time=2025-11-20T20:24:04.948+01:00 level=INFO msg="LaTeX file created" file_path=./assets/tmp/1398117587.tex
time=2025-11-20T20:24:04.948+01:00 level=DEBUG msg="Template replacement completed" student_id=45 original_template_size=3128 updated_latex_size=3105
time=2025-11-20T20:24:04.948+01:00 level=DEBUG msg="Generated LaTeX sample (first 200 chars):" student_id=45 sample="\\documentclass[12pt]{article}\n\\usepackage{tikz}\n\\usepackage{subfig}\n\\usepackage{graphicx}\n\\usepackage{xcolor}\n\\usepackage[margin=1.0in]{geometry}\n\\usepackage{fancyhdr}\n\\usepackage{pgf}\n\\usepackage{qrc"
time=2025-11-20T20:24:04.948+01:00 level=DEBUG msg="LaTeX content saved for debugging" debug_file=assets/tmp/latex_output1334950648/debug_latex.tex
time=2025-11-20T20:24:04.948+01:00 level=INFO msg="LaTeX file created" file_path=./assets/tmp/1216565236.tex
time=2025-11-20T20:24:04.948+01:00 level=DEBUG msg="Running pdflatex command" command="/usr/bin/pdflatex -interaction=nonstopmode -halt-on-error -output-directory ./assets/tmp/latex_output1334950648 ./assets/tmp/1398117587.tex"
time=2025-11-20T20:24:04.948+01:00 level=DEBUG msg="LaTeX content saved for debugging" debug_file=assets/tmp/latex_output3688639226/debug_latex.tex
time=2025-11-20T20:24:04.947+01:00 level=DEBUG msg="Reading template file for student" student_id=35 template_path=/home/vbox/ScanEvalApp/assets/latex/templates/template_5.tex
time=2025-11-20T20:24:04.948+01:00 level=DEBUG msg="Successfully read template" student_id=35 template_size_bytes=3128
time=2025-11-20T20:24:04.948+01:00 level=DEBUG msg="Running pdflatex command" command="/usr/bin/pdflatex -interaction=nonstopmode -halt-on-error -output-directory ./assets/tmp/latex_output3688639226 ./assets/tmp/1216565236.tex"
time=2025-11-20T20:24:04.949+01:00 level=DEBUG msg="Template replacement completed" student_id=35 original_template_size=3128 updated_latex_size=3105
time=2025-11-20T20:24:04.949+01:00 level=DEBUG msg="Generated LaTeX sample (first 200 chars):" student_id=35 sample="\\documentclass[12pt]{article}\n\\usepackage{tikz}\n\\usepackage{subfig}\n\\usepackage{graphicx}\n\\usepackage{xcolor}\n\\usepackage[margin=1.0in]{geometry}\n\\usepackage{fancyhdr}\n\\usepackage{pgf}\n\\usepackage{qrc"
time=2025-11-20T20:24:04.949+01:00 level=INFO msg="LaTeX file created" file_path=./assets/tmp/3351469264.tex
time=2025-11-20T20:24:04.949+01:00 level=DEBUG msg="LaTeX content saved for debugging" debug_file=assets/tmp/latex_output2826386142/debug_latex.tex
time=2025-11-20T20:24:04.949+01:00 level=DEBUG msg="Running pdflatex command" command="/usr/bin/pdflatex -interaction=nonstopmode -halt-on-error -output-directory ./assets/tmp/latex_output2826386142 ./assets/tmp/3351469264.tex"
time=2025-11-20T20:24:04.947+01:00 level=DEBUG msg="Reading template file for student" student_id=18 template_path=/home/vbox/ScanEvalApp/assets/latex/templates/template_5.tex
time=2025-11-20T20:24:04.949+01:00 level=DEBUG msg="Successfully read template" student_id=18 template_size_bytes=3128
time=2025-11-20T20:24:04.949+01:00 level=DEBUG msg="Template replacement completed" student_id=18 original_template_size=3128 updated_latex_size=3104
time=2025-11-20T20:24:04.949+01:00 level=DEBUG msg="Generated LaTeX sample (first 200 chars):" student_id=18 sample="\\documentclass[12pt]{article}\n\\usepackage{tikz}\n\\usepackage{subfig}\n\\usepackage{graphicx}\n\\usepackage{xcolor}\n\\usepackage[margin=1.0in]{geometry}\n\\usepackage{fancyhdr}\n\\usepackage{pgf}\n\\usepackage{qrc"
time=2025-11-20T20:24:04.949+01:00 level=INFO msg="LaTeX file created" file_path=./assets/tmp/1157731595.tex
time=2025-11-20T20:24:04.947+01:00 level=DEBUG msg="Reading template file for student" student_id=24 template_path=/home/vbox/ScanEvalApp/assets/latex/templates/template_5.tex
time=2025-11-20T20:24:04.949+01:00 level=DEBUG msg="Successfully read template" student_id=24 template_size_bytes=3128
time=2025-11-20T20:24:04.949+01:00 level=DEBUG msg="LaTeX content saved for debugging" debug_file=assets/tmp/latex_output2404199852/debug_latex.tex
time=2025-11-20T20:24:04.949+01:00 level=DEBUG msg="Running pdflatex command" command="/usr/bin/pdflatex -interaction=nonstopmode -halt-on-error -output-directory ./assets/tmp/latex_output2404199852 ./assets/tmp/1157731595.tex"
time=2025-11-20T20:24:04.950+01:00 level=DEBUG msg="Template replacement completed" student_id=24 original_template_size=3128 updated_latex_size=3104
time=2025-11-20T20:24:04.950+01:00 level=DEBUG msg="Generated LaTeX sample (first 200 chars):" student_id=24 sample="\\documentclass[12pt]{article}\n\\usepackage{tikz}\n\\usepackage{subfig}\n\\usepackage{graphicx}\n\\usepackage{xcolor}\n\\usepackage[margin=1.0in]{geometry}\n\\usepackage{fancyhdr}\n\\usepackage{pgf}\n\\usepackage{qrc"
time=2025-11-20T20:24:04.950+01:00 level=INFO msg="LaTeX file created" file_path=./assets/tmp/1293727697.tex
time=2025-11-20T20:24:04.950+01:00 level=DEBUG msg="LaTeX content saved for debugging" debug_file=assets/tmp/latex_output255360093/debug_latex.tex
time=2025-11-20T20:24:04.950+01:00 level=DEBUG msg="Running pdflatex command" command="/usr/bin/pdflatex -interaction=nonstopmode -halt-on-error -output-directory ./assets/tmp/latex_output255360093 ./assets/tmp/1293727697.tex"
time=2025-11-20T20:24:04.947+01:00 level=DEBUG msg="Reading template file for student" student_id=27 template_path=/home/vbox/ScanEvalApp/assets/latex/templates/template_5.tex
time=2025-11-20T20:24:04.951+01:00 level=DEBUG msg="Successfully read template" student_id=27 template_size_bytes=3128
time=2025-11-20T20:24:04.951+01:00 level=DEBUG msg="Template replacement completed" student_id=27 original_template_size=3128 updated_latex_size=3102
time=2025-11-20T20:24:04.951+01:00 level=DEBUG msg="Generated LaTeX sample (first 200 chars):" student_id=27 sample="\\documentclass[12pt]{article}\n\\usepackage{tikz}\n\\usepackage{subfig}\n\\usepackage{graphicx}\n\\usepackage{xcolor}\n\\usepackage[margin=1.0in]{geometry}\n\\usepackage{fancyhdr}\n\\usepackage{pgf}\n\\usepackage{qrc"
time=2025-11-20T20:24:04.951+01:00 level=INFO msg="LaTeX file created" file_path=./assets/tmp/3148471717.tex
time=2025-11-20T20:24:04.951+01:00 level=DEBUG msg="LaTeX content saved for debugging" debug_file=assets/tmp/latex_output1909806594/debug_latex.tex
time=2025-11-20T20:24:04.951+01:00 level=DEBUG msg="Running pdflatex command" command="/usr/bin/pdflatex -interaction=nonstopmode -halt-on-error -output-directory ./assets/tmp/latex_output1909806594 ./assets/tmp/3148471717.tex"
time=2025-11-20T20:24:04.947+01:00 level=DEBUG msg="Reading template file for student" student_id=40 template_path=/home/vbox/ScanEvalApp/assets/latex/templates/template_5.tex
time=2025-11-20T20:24:06.205+01:00 level=DEBUG msg="Successfully read template" student_id=40 template_size_bytes=3128
time=2025-11-20T20:24:06.205+01:00 level=DEBUG msg="Template replacement completed" student_id=40 original_template_size=3128 updated_latex_size=3102
time=2025-11-20T20:24:06.205+01:00 level=DEBUG msg="Generated LaTeX sample (first 200 chars):" student_id=40 sample="\\documentclass[12pt]{article}\n\\usepackage{tikz}\n\\usepackage{subfig}\n\\usepackage{graphicx}\n\\usepackage{xcolor}\n\\usepackage[margin=1.0in]{geometry}\n\\usepackage{fancyhdr}\n\\usepackage{pgf}\n\\usepackage{qrc"
time=2025-11-20T20:24:06.205+01:00 level=INFO msg="LaTeX file created" file_path=./assets/tmp/3215797989.tex
time=2025-11-20T20:24:06.205+01:00 level=DEBUG msg="LaTeX content saved for debugging" debug_file=assets/tmp/latex_output2817301151/debug_latex.tex
time=2025-11-20T20:24:06.205+01:00 level=DEBUG msg="Running pdflatex command" command="/usr/bin/pdflatex -interaction=nonstopmode -halt-on-error -output-directory ./assets/tmp/latex_output2817301151 ./assets/tmp/3215797989.tex"
time=2025-11-20T20:24:06.207+01:00 level=INFO msg="PDF compiled successfully" pdf_size_bytes=52563
time=2025-11-20T20:24:06.207+01:00 level=INFO msg="Súbor úspešne vymazaný" file_path=./assets/tmp/3148471717.tex
time=2025-11-20T20:24:06.207+01:00 level=DEBUG msg="Merging PDFs" pdf1=assets/tmp/student_46.pdf pdf2=assets/tmp/student_27.pdf
time=2025-11-20T20:24:06.349+01:00 level=INFO msg="PDFs merged" output_path=assets/tmp/merged.pdf
time=2025-11-20T20:24:06.353+01:00 level=DEBUG msg="Generovanie PDF" spracovaných=42 celkovo=9 exam="Matematický test" "id študenta"=27 "dokončené za"=1.405444122s
time=2025-11-20T20:24:06.355+01:00 level=INFO msg="Súbor úspešne vymazaný" file_path=assets/tmp/student_27.pdf
time=2025-11-20T20:24:04.947+01:00 level=DEBUG msg="Reading template file for student" student_id=38 template_path=/home/vbox/ScanEvalApp/assets/latex/templates/template_5.tex
time=2025-11-20T20:24:06.355+01:00 level=DEBUG msg="Successfully read template" student_id=38 template_size_bytes=3128
time=2025-11-20T20:24:06.355+01:00 level=DEBUG msg="Template replacement completed" student_id=38 original_template_size=3128 updated_latex_size=3106
time=2025-11-20T20:24:06.355+01:00 level=DEBUG msg="Generated LaTeX sample (first 200 chars):" student_id=38 sample="\\documentclass[12pt]{article}\n\\usepackage{tikz}\n\\usepackage{subfig}\n\\usepackage{graphicx}\n\\usepackage{xcolor}\n\\usepackage[margin=1.0in]{geometry}\n\\usepackage{fancyhdr}\n\\usepackage{pgf}\n\\usepackage{qrc"
time=2025-11-20T20:24:06.355+01:00 level=INFO msg="LaTeX file created" file_path=./assets/tmp/1789660064.tex
time=2025-11-20T20:24:06.355+01:00 level=DEBUG msg="LaTeX content saved for debugging" debug_file=assets/tmp/latex_output4114576240/debug_latex.tex
time=2025-11-20T20:24:06.355+01:00 level=DEBUG msg="Running pdflatex command" command="/usr/bin/pdflatex -interaction=nonstopmode -halt-on-error -output-directory ./assets/tmp/latex_output4114576240 ./assets/tmp/1789660064.tex"
time=2025-11-20T20:24:07.168+01:00 level=INFO msg="PDF compiled successfully" pdf_size_bytes=53013
time=2025-11-20T20:24:07.168+01:00 level=INFO msg="Súbor úspešne vymazaný" file_path=./assets/tmp/1216565236.tex
time=2025-11-20T20:24:07.168+01:00 level=DEBUG msg="Merging PDFs" pdf1=assets/tmp/student_46.pdf pdf2=assets/tmp/student_45.pdf
time=2025-11-20T20:24:07.169+01:00 level=INFO msg="PDF compiled successfully" pdf_size_bytes=52926
time=2025-11-20T20:24:07.169+01:00 level=INFO msg="Súbor úspešne vymazaný" file_path=./assets/tmp/3351469264.tex
time=2025-11-20T20:24:07.460+01:00 level=INFO msg="PDFs merged" output_path=assets/tmp/merged.pdf
time=2025-11-20T20:24:07.469+01:00 level=INFO msg="PDF compiled successfully" pdf_size_bytes=52441
time=2025-11-20T20:24:07.469+01:00 level=DEBUG msg="Generovanie PDF" spracovaných=43 celkovo=9 exam="Matematický test" "id študenta"=45 "dokončené za"=2.522022619s
time=2025-11-20T20:24:07.469+01:00 level=INFO msg="Súbor úspešne vymazaný" file_path=assets/tmp/student_45.pdf
time=2025-11-20T20:24:07.469+01:00 level=DEBUG msg="Merging PDFs" pdf1=assets/tmp/student_46.pdf pdf2=assets/tmp/student_35.pdf
time=2025-11-20T20:24:07.470+01:00 level=INFO msg="Súbor úspešne vymazaný" file_path=./assets/tmp/1340882211.tex
time=2025-11-20T20:24:07.488+01:00 level=INFO msg="PDF compiled successfully" pdf_size_bytes=52911
time=2025-11-20T20:24:07.488+01:00 level=INFO msg="Súbor úspešne vymazaný" file_path=./assets/tmp/1157731595.tex
time=2025-11-20T20:24:07.618+01:00 level=INFO msg="PDFs merged" output_path=assets/tmp/merged.pdf
time=2025-11-20T20:24:08.040+01:00 level=INFO msg="PDF compiled successfully" pdf_size_bytes=52561
time=2025-11-20T20:24:08.041+01:00 level=INFO msg="Súbor úspešne vymazaný" file_path=./assets/tmp/1398117587.tex
time=2025-11-20T20:24:08.041+01:00 level=INFO msg="PDF compiled successfully" pdf_size_bytes=52392
time=2025-11-20T20:24:08.041+01:00 level=INFO msg="Súbor úspešne vymazaný" file_path=./assets/tmp/1293727697.tex
time=2025-11-20T20:24:08.041+01:00 level=DEBUG msg="Generovanie PDF" spracovaných=44 celkovo=9 exam="Matematický test" "id študenta"=35 "dokončené za"=3.093910526s
time=2025-11-20T20:24:08.041+01:00 level=INFO msg="Súbor úspešne vymazaný" file_path=assets/tmp/student_35.pdf
time=2025-11-20T20:24:08.041+01:00 level=DEBUG msg="Merging PDFs" pdf1=assets/tmp/student_46.pdf pdf2=assets/tmp/student_48.pdf
time=2025-11-20T20:24:08.139+01:00 level=INFO msg="PDFs merged" output_path=assets/tmp/merged.pdf
time=2025-11-20T20:24:08.141+01:00 level=DEBUG msg="Generovanie PDF" spracovaných=45 celkovo=9 exam="Matematický test" "id študenta"=48 "dokončené za"=3.194871498s
time=2025-11-20T20:24:08.141+01:00 level=INFO msg="Súbor úspešne vymazaný" file_path=assets/tmp/student_48.pdf
time=2025-11-20T20:24:08.141+01:00 level=DEBUG msg="Merging PDFs" pdf1=assets/tmp/student_46.pdf pdf2=assets/tmp/student_18.pdf
time=2025-11-20T20:24:08.253+01:00 level=INFO msg="PDFs merged" output_path=assets/tmp/merged.pdf
time=2025-11-20T20:24:08.256+01:00 level=DEBUG msg="Generovanie PDF" spracovaných=46 celkovo=9 exam="Matematický test" "id študenta"=18 "dokončené za"=3.309040764s
time=2025-11-20T20:24:08.256+01:00 level=INFO msg="Súbor úspešne vymazaný" file_path=assets/tmp/student_18.pdf
time=2025-11-20T20:24:08.258+01:00 level=DEBUG msg="Merging PDFs" pdf1=assets/tmp/student_46.pdf pdf2=assets/tmp/student_12.pdf
time=2025-11-20T20:24:08.365+01:00 level=INFO msg="PDFs merged" output_path=assets/tmp/merged.pdf
time=2025-11-20T20:24:08.367+01:00 level=DEBUG msg="Generovanie PDF" spracovaných=47 celkovo=9 exam="Matematický test" "id študenta"=12 "dokončené za"=3.419772897s
time=2025-11-20T20:24:08.367+01:00 level=INFO msg="Súbor úspešne vymazaný" file_path=assets/tmp/student_12.pdf
time=2025-11-20T20:24:08.367+01:00 level=DEBUG msg="Merging PDFs" pdf1=assets/tmp/student_46.pdf pdf2=assets/tmp/student_24.pdf
time=2025-11-20T20:24:08.488+01:00 level=INFO msg="PDFs merged" output_path=assets/tmp/merged.pdf
time=2025-11-20T20:24:08.491+01:00 level=DEBUG msg="Generovanie PDF" spracovaných=48 celkovo=9 exam="Matematický test" "id študenta"=24 "dokončené za"=3.543603937s
time=2025-11-20T20:24:08.491+01:00 level=INFO msg="Súbor úspešne vymazaný" file_path=assets/tmp/student_24.pdf
time=2025-11-20T20:24:08.500+01:00 level=INFO msg="PDF compiled successfully" pdf_size_bytes=52430
time=2025-11-20T20:24:08.500+01:00 level=INFO msg="Súbor úspešne vymazaný" file_path=./assets/tmp/1789660064.tex
time=2025-11-20T20:24:08.501+01:00 level=DEBUG msg="Merging PDFs" pdf1=assets/tmp/student_46.pdf pdf2=assets/tmp/student_38.pdf
time=2025-11-20T20:24:08.608+01:00 level=INFO msg="PDFs merged" output_path=assets/tmp/merged.pdf
time=2025-11-20T20:24:08.609+01:00 level=DEBUG msg="Generovanie PDF" spracovaných=49 celkovo=9 exam="Matematický test" "id študenta"=38 "dokončené za"=3.661529879s
time=2025-11-20T20:24:08.609+01:00 level=INFO msg="Súbor úspešne vymazaný" file_path=assets/tmp/student_38.pdf
time=2025-11-20T20:24:08.761+01:00 level=INFO msg="PDF compiled successfully" pdf_size_bytes=52652
time=2025-11-20T20:24:08.761+01:00 level=INFO msg="Súbor úspešne vymazaný" file_path=./assets/tmp/3215797989.tex
time=2025-11-20T20:24:08.761+01:00 level=DEBUG msg="Merging PDFs" pdf1=assets/tmp/student_46.pdf pdf2=assets/tmp/student_40.pdf
time=2025-11-20T20:24:08.866+01:00 level=INFO msg="PDFs merged" output_path=assets/tmp/merged.pdf
time=2025-11-20T20:24:08.881+01:00 level=DEBUG msg="Generovanie PDF" spracovaných=50 celkovo=9 exam="Matematický test" "id študenta"=40 "dokončené za"=3.934107036s
time=2025-11-20T20:24:08.882+01:00 level=INFO msg="Súbor úspešne vymazaný" file_path=assets/tmp/student_40.pdf
time=2025-11-20T20:24:08.885+01:00 level=DEBUG msg="Celkový čas generovania PDF" duration=21.551697852s
time=2025-11-20T20:24:08.885+01:00 level=INFO msg="Výsledné PDF úspešne uložené do" output_PDF_path=/home/vbox/Documents/Matematicky_test1.pdf
time=2025-11-20T20:24:08.892+01:00 level=INFO msg="Úspešne vygenerované PDF pre skúšku" examID=1
time=2025-11-20T20:31:53.078+01:00 level=INFO msg="Zatvorenie aplikácie."
time=2025-11-20T20:47:25.636+01:00 level=INFO msg=---------------------------------------------------
time=2025-11-20T20:47:25.638+01:00 level=INFO msg="Aplikácia spustená"
time=2025-11-20T20:47:25.638+01:00 level=INFO msg="Spúšťam migráciu databázy."
time=2025-11-20T20:47:25.638+01:00 level=DEBUG msg="Pripájam sa k databáze..."
time=2025-11-20T20:47:25.641+01:00 level=DEBUG msg="Spúšťam migrácie..."
time=2025-11-20T20:47:25.645+01:00 level=INFO msg="Migrácia databázy úspešne dokončená"
time=2025-11-20T20:47:25.645+01:00 level=INFO msg="Migrácia databázy dokončená."
time=2025-11-20T20:47:25.645+01:00 level=INFO msg="Spúšťam GUI."
time=2025-11-20T21:11:06.716+01:00 level=INFO msg=---------------------------------------------------
time=2025-11-20T21:11:06.718+01:00 level=INFO msg="Aplikácia spustená"
time=2025-11-20T21:11:06.718+01:00 level=INFO msg="Spúšťam migráciu databázy."
time=2025-11-20T21:11:06.718+01:00 level=DEBUG msg="Pripájam sa k databáze..."
time=2025-11-20T21:11:06.722+01:00 level=DEBUG msg="Spúšťam migrácie..."
time=2025-11-20T21:11:06.724+01:00 level=INFO msg="Migrácia databázy úspešne dokončená"
time=2025-11-20T21:11:06.724+01:00 level=INFO msg="Migrácia databázy dokončená."
time=2025-11-20T21:11:06.724+01:00 level=INFO msg="Spúšťam GUI."
time=2025-11-20T21:27:16.480+01:00 level=INFO msg=---------------------------------------------------
time=2025-11-20T21:27:16.482+01:00 level=INFO msg="Aplikácia spustená"
time=2025-11-20T21:27:16.482+01:00 level=INFO msg="Spúšťam migráciu databázy."
time=2025-11-20T21:27:16.482+01:00 level=DEBUG msg="Pripájam sa k databáze..."
time=2025-11-20T21:27:16.484+01:00 level=DEBUG msg="Spúšťam migrácie..."
time=2025-11-20T21:27:16.487+01:00 level=INFO msg="Migrácia databázy úspešne dokončená"
time=2025-11-20T21:27:16.487+01:00 level=INFO msg="Migrácia databázy dokončená."
time=2025-11-20T21:27:16.487+01:00 level=INFO msg="Spúšťam GUI."
time=2025-11-20T21:27:42.219+01:00 level=DEBUG msg="Hľadanie testu" "ID testu"=0
time=2025-11-20T21:30:41.391+01:00 level=INFO msg=---------------------------------------------------
time=2025-11-20T21:30:41.391+01:00 level=INFO msg="Aplikácia spustená"
time=2025-11-20T21:30:41.391+01:00 level=INFO msg="Spúšťam migráciu databázy."
time=2025-11-20T21:30:41.391+01:00 level=DEBUG msg="Pripájam sa k databáze..."
time=2025-11-20T21:30:41.392+01:00 level=DEBUG msg="Spúšťam migrácie..."
time=2025-11-20T21:30:41.394+01:00 level=INFO msg="Migrácia databázy úspešne dokončená"
time=2025-11-20T21:30:41.394+01:00 level=INFO msg="Migrácia databázy dokončená."
time=2025-11-20T21:30:41.394+01:00 level=INFO msg="Spúšťam GUI."
                                                                           time=2025-12-22T11:15:17.064+01:00 level=INFO msg=---------------------------------------------------
time=2025-12-22T11:15:17.068+01:00 level=INFO msg="Aplikácia spustená"
time=2025-12-22T11:15:17.068+01:00 level=INFO msg="Spúšťam migráciu databázy."
time=2025-12-22T11:15:17.068+01:00 level=DEBUG msg="Pripájam sa k databáze..."
time=2025-12-22T11:15:17.070+01:00 level=DEBUG msg="Spúšťam migrácie..."
time=2025-12-22T11:15:17.074+01:00 level=INFO msg="Migrácia databázy úspešne dokončená"
time=2025-12-22T11:15:17.074+01:00 level=INFO msg="Migrácia databázy dokončená."
time=2025-12-22T11:15:17.074+01:00 level=INFO msg="Spúšťam GUI."
time=2025-12-22T11:16:04.376+01:00 level=DEBUG msg="Hľadanie testu" "ID testu"=0
time=2025-12-22T11:21:45.129+01:00 level=INFO msg=---------------------------------------------------
time=2025-12-22T11:21:45.131+01:00 level=INFO msg="Aplikácia spustená"
time=2025-12-22T11:21:45.132+01:00 level=INFO msg="Spúšťam migráciu databázy."
time=2025-12-22T11:21:45.132+01:00 level=DEBUG msg="Pripájam sa k databáze..."
time=2025-12-22T11:21:45.133+01:00 level=DEBUG msg="Spúšťam migrácie..."
time=2025-12-22T11:21:45.135+01:00 level=INFO msg="Migrácia databázy úspešne dokončená"
time=2025-12-22T11:21:45.135+01:00 level=INFO msg="Migrácia databázy dokončená."
time=2025-12-22T11:21:45.135+01:00 level=INFO msg="Spúšťam GUI."
time=2025-12-22T11:22:45.423+01:00 level=DEBUG msg="Hľadanie testu" "ID testu"=5
time=2025-12-22T11:22:45.423+01:00 level=DEBUG msg="Test bol nájdený" test=new year=2025/26
time=2025-12-22T11:22:48.067+01:00 level=INFO msg="Id studenta bolo najdene z qr kodu" id=127
time=2025-12-22T11:22:48.067+01:00 level=DEBUG msg="Hľadanie študenta" id=127 "exam ID"=5
time=2025-12-22T11:22:48.843+01:00 level=INFO msg="Id studenta bolo najdene z qr kodu" id=90
time=2025-12-22T11:22:48.843+01:00 level=DEBUG msg="Hľadanie študenta" id=90 "exam ID"=5
time=2025-12-22T11:22:49.427+01:00 level=INFO msg="Id studenta bolo najdene z qr kodu" id=121
time=2025-12-22T11:22:49.427+01:00 level=DEBUG msg="Hľadanie študenta" id=121 "exam ID"=5
time=2025-12-22T11:22:50.440+01:00 level=INFO msg="Id studenta bolo najdene z qr kodu" id=121
time=2025-12-22T11:22:50.440+01:00 level=DEBUG msg="Hľadanie študenta" id=121 "exam ID"=5
time=2025-12-22T11:22:50.834+01:00 level=INFO msg="Id studenta bolo najdene z qr kodu" id=107
time=2025-12-22T11:22:50.834+01:00 level=DEBUG msg="Hľadanie študenta" id=107 "exam ID"=5
time=2025-12-22T11:22:51.429+01:00 level=INFO msg="Id studenta bolo najdene z qr kodu" id=107
time=2025-12-22T11:22:51.429+01:00 level=DEBUG msg="Hľadanie študenta" id=107 "exam ID"=5
time=2025-12-22T11:22:51.990+01:00 level=INFO msg="Id studenta bolo najdene z qr kodu" id=106
time=2025-12-22T11:22:51.990+01:00 level=DEBUG msg="Hľadanie študenta" id=106 "exam ID"=5
time=2025-12-22T11:22:52.522+01:00 level=WARN msg="QR kód nebol nájdený, pokúšame sa získať registrationNumber zo záhlavia"
time=2025-12-22T11:22:52.605+01:00 level=INFO msg="Úspešne uložený obrázok" path=./assets/tmp/temp-header-image.png
time=2025-12-22T11:22:53.794+01:00 level=INFO msg="Súbor úspešne vymazaný" file_path=./assets/tmp/temp-header-image.png
time=2025-12-22T11:22:53.794+01:00 level=INFO msg="Registracne cislo bolo najdene z hlavicky" registrationNumber=1000026
time=2025-12-22T11:22:53.794+01:00 level=DEBUG msg="Hľadanie študenta" "registration number"=1000026 "exam ID"=5
time=2025-12-22T11:22:55.057+01:00 level=INFO msg="Id studenta bolo najdene z qr kodu" id=128
time=2025-12-22T11:22:55.057+01:00 level=DEBUG msg="Hľadanie študenta" id=128 "exam ID"=5
time=2025-12-22T11:22:55.883+01:00 level=INFO msg="Id studenta bolo najdene z qr kodu" id=128
time=2025-12-22T11:22:55.885+01:00 level=DEBUG msg="Hľadanie študenta" id=128 "exam ID"=5
time=2025-12-22T11:22:57.904+01:00 level=INFO msg="Id studenta bolo najdene z qr kodu" id=102
time=2025-12-22T11:22:57.904+01:00 level=DEBUG msg="Hľadanie študenta" id=102 "exam ID"=5
time=2025-12-22T11:22:58.667+01:00 level=INFO msg="Id studenta bolo najdene z qr kodu" id=102
time=2025-12-22T11:22:58.667+01:00 level=DEBUG msg="Hľadanie študenta" id=102 "exam ID"=5
time=2025-12-22T11:22:59.668+01:00 level=INFO msg="Id studenta bolo najdene z qr kodu" id=97
time=2025-12-22T11:22:59.669+01:00 level=DEBUG msg="Hľadanie študenta" id=97 "exam ID"=5
time=2025-12-22T11:23:00.076+01:00 level=INFO msg="Id studenta bolo najdene z qr kodu" id=97
time=2025-12-22T11:23:00.076+01:00 level=DEBUG msg="Hľadanie študenta" id=97 "exam ID"=5
time=2025-12-22T11:23:00.416+01:00 level=INFO msg="Id studenta bolo najdene z qr kodu" id=101
time=2025-12-22T11:23:00.416+01:00 level=DEBUG msg="Hľadanie študenta" id=101 "exam ID"=5
time=2025-12-22T11:23:00.876+01:00 level=INFO msg="Id studenta bolo najdene z qr kodu" id=101
time=2025-12-22T11:23:00.876+01:00 level=DEBUG msg="Hľadanie študenta" id=101 "exam ID"=5
time=2025-12-22T11:23:01.294+01:00 level=INFO msg="Id studenta bolo najdene z qr kodu" id=96
time=2025-12-22T11:23:01.294+01:00 level=DEBUG msg="Hľadanie študenta" id=96 "exam ID"=5
time=2025-12-22T11:23:01.960+01:00 level=INFO msg="Id studenta bolo najdene z qr kodu" id=96
time=2025-12-22T11:23:01.962+01:00 level=DEBUG msg="Hľadanie študenta" id=96 "exam ID"=5
time=2025-12-22T11:23:03.524+01:00 level=INFO msg="Id studenta bolo najdene z qr kodu" id=86
time=2025-12-22T11:23:03.524+01:00 level=DEBUG msg="Hľadanie študenta" id=86 "exam ID"=5
time=2025-12-22T11:23:04.261+01:00 level=INFO msg="Id studenta bolo najdene z qr kodu" id=86
time=2025-12-22T11:23:04.262+01:00 level=DEBUG msg="Hľadanie študenta" id=86 "exam ID"=5
time=2025-12-22T11:23:04.607+01:00 level=WARN msg="QR kód nebol nájdený, pokúšame sa získať registrationNumber zo záhlavia"
time=2025-12-22T11:23:04.647+01:00 level=INFO msg="Úspešne uložený obrázok" path=./assets/tmp/temp-header-image.png
time=2025-12-22T11:23:09.072+01:00 level=INFO msg="Súbor úspešne vymazaný" file_path=./assets/tmp/temp-header-image.png
time=2025-12-22T11:23:09.072+01:00 level=INFO msg="Registracne cislo bolo najdene z hlavicky" registrationNumber=1000003
time=2025-12-22T11:23:09.072+01:00 level=DEBUG msg="Hľadanie študenta" "registration number"=1000003 "exam ID"=5
time=2025-12-22T11:23:10.528+01:00 level=INFO msg="Id studenta bolo najdene z qr kodu" id=99
time=2025-12-22T11:23:10.528+01:00 level=DEBUG msg="Hľadanie študenta" id=99 "exam ID"=5
time=2025-12-22T11:23:11.627+01:00 level=INFO msg="Id studenta bolo najdene z qr kodu" id=83
time=2025-12-22T11:23:11.627+01:00 level=DEBUG msg="Hľadanie študenta" id=83 "exam ID"=5
time=2025-12-22T11:23:12.326+01:00 level=WARN msg="QR kód nebol nájdený, pokúšame sa získať registrationNumber zo záhlavia"
time=2025-12-22T11:23:12.354+01:00 level=INFO msg="Úspešne uložený obrázok" path=./assets/tmp/temp-header-image.png
time=2025-12-22T11:23:20.325+01:00 level=INFO msg="Súbor úspešne vymazaný" file_path=./assets/tmp/temp-header-image.png
time=2025-12-22T11:23:20.325+01:00 level=INFO msg="Registracne cislo bolo najdene z hlavicky" registrationNumber=1000020
time=2025-12-22T11:23:20.325+01:00 level=DEBUG msg="Hľadanie študenta" "registration number"=1000020 "exam ID"=5
time=2025-12-22T11:23:21.355+01:00 level=INFO msg="Id studenta bolo najdene z qr kodu" id=100
time=2025-12-22T11:23:21.355+01:00 level=DEBUG msg="Hľadanie študenta" id=100 "exam ID"=5
time=2025-12-22T11:23:22.669+01:00 level=INFO msg="Id studenta bolo najdene z qr kodu" id=95
time=2025-12-22T11:23:22.669+01:00 level=DEBUG msg="Hľadanie študenta" id=95 "exam ID"=5
time=2025-12-22T11:23:23.811+01:00 level=INFO msg="Id studenta bolo najdene z qr kodu" id=93
time=2025-12-22T11:23:23.811+01:00 level=DEBUG msg="Hľadanie študenta" id=93 "exam ID"=5
time=2025-12-22T11:23:25.872+01:00 level=INFO msg="Id studenta bolo najdene z qr kodu" id=93
time=2025-12-22T11:23:25.873+01:00 level=DEBUG msg="Hľadanie študenta" id=93 "exam ID"=5
time=2025-12-22T11:23:27.307+01:00 level=INFO msg="Id studenta bolo najdene z qr kodu" id=95
time=2025-12-22T11:23:27.307+01:00 level=DEBUG msg="Hľadanie študenta" id=95 "exam ID"=5
time=2025-12-22T11:23:30.645+01:00 level=INFO msg="Id studenta bolo najdene z qr kodu" id=87
time=2025-12-22T11:23:30.645+01:00 level=DEBUG msg="Hľadanie študenta" id=87 "exam ID"=5
time=2025-12-22T11:23:31.117+01:00 level=INFO msg="Id studenta bolo najdene z qr kodu" id=89
time=2025-12-22T11:23:31.117+01:00 level=DEBUG msg="Hľadanie študenta" id=89 "exam ID"=5
time=2025-12-22T11:23:31.518+01:00 level=INFO msg="Id studenta bolo najdene z qr kodu" id=87
time=2025-12-22T11:23:31.518+01:00 level=DEBUG msg="Hľadanie študenta" id=87 "exam ID"=5
time=2025-12-22T11:23:32.223+01:00 level=INFO msg="Id studenta bolo najdene z qr kodu" id=89
time=2025-12-22T11:23:32.224+01:00 level=DEBUG msg="Hľadanie študenta" id=89 "exam ID"=5
time=2025-12-22T11:23:33.031+01:00 level=INFO msg="Id studenta bolo najdene z qr kodu" id=82
time=2025-12-22T11:23:33.031+01:00 level=DEBUG msg="Hľadanie študenta" id=82 "exam ID"=5
time=2025-12-22T11:23:33.573+01:00 level=WARN msg="QR kód nebol nájdený, pokúšame sa získať registrationNumber zo záhlavia"
time=2025-12-22T11:23:33.616+01:00 level=INFO msg="Úspešne uložený obrázok" path=./assets/tmp/temp-header-image.png
time=2025-12-22T11:23:34.171+01:00 level=INFO msg="Súbor úspešne vymazaný" file_path=./assets/tmp/temp-header-image.png
time=2025-12-22T11:23:34.172+01:00 level=INFO msg="Registracne cislo bolo najdene z hlavicky" registrationNumber=1000002
time=2025-12-22T11:23:34.172+01:00 level=DEBUG msg="Hľadanie študenta" "registration number"=1000002 "exam ID"=5
time=2025-12-22T11:23:34.554+01:00 level=INFO msg="Id studenta bolo najdene z qr kodu" id=88
time=2025-12-22T11:23:34.555+01:00 level=DEBUG msg="Hľadanie študenta" id=88 "exam ID"=5
time=2025-12-22T11:23:34.904+01:00 level=INFO msg="Id studenta bolo najdene z qr kodu" id=88
time=2025-12-22T11:23:34.904+01:00 level=DEBUG msg="Hľadanie študenta" id=88 "exam ID"=5
time=2025-12-22T11:23:35.258+01:00 level=INFO msg="Id studenta bolo najdene z qr kodu" id=103
time=2025-12-22T11:23:35.258+01:00 level=DEBUG msg="Hľadanie študenta" id=103 "exam ID"=5
time=2025-12-22T11:23:35.725+01:00 level=INFO msg="Id studenta bolo najdene z qr kodu" id=103
time=2025-12-22T11:23:35.725+01:00 level=DEBUG msg="Hľadanie študenta" id=103 "exam ID"=5
time=2025-12-22T11:23:35.958+01:00 level=WARN msg="QR kód nebol nájdený, pokúšame sa získať registrationNumber zo záhlavia"
time=2025-12-22T11:23:36.008+01:00 level=INFO msg="Úspešne uložený obrázok" path=./assets/tmp/temp-header-image.png
time=2025-12-22T11:23:42.063+01:00 level=INFO msg="Súbor úspešne vymazaný" file_path=./assets/tmp/temp-header-image.png
time=2025-12-22T11:23:42.063+01:00 level=INFO msg="Registracne cislo bolo najdene z hlavicky" registrationNumber=1000018
time=2025-12-22T11:23:42.063+01:00 level=DEBUG msg="Hľadanie študenta" "registration number"=1000018 "exam ID"=5
time=2025-12-22T11:23:42.784+01:00 level=INFO msg="Id studenta bolo najdene z qr kodu" id=98
time=2025-12-22T11:23:42.784+01:00 level=DEBUG msg="Hľadanie študenta" id=98 "exam ID"=5
time=2025-12-22T11:23:43.365+01:00 level=INFO msg="Id studenta bolo najdene z qr kodu" id=99
time=2025-12-22T11:23:43.366+01:00 level=DEBUG msg="Hľadanie študenta" id=99 "exam ID"=5
time=2025-12-22T11:23:46.593+01:00 level=INFO msg="Id studenta bolo najdene z qr kodu" id=118
time=2025-12-22T11:23:46.593+01:00 level=DEBUG msg="Hľadanie študenta" id=118 "exam ID"=5
time=2025-12-22T11:23:50.096+01:00 level=INFO msg="Id studenta bolo najdene z qr kodu" id=81
time=2025-12-22T11:23:50.096+01:00 level=DEBUG msg="Hľadanie študenta" id=81 "exam ID"=5
time=2025-12-22T11:23:53.721+01:00 level=INFO msg="Id studenta bolo najdene z qr kodu" id=81
time=2025-12-22T11:23:53.723+01:00 level=DEBUG msg="Hľadanie študenta" id=81 "exam ID"=5
time=2025-12-22T11:23:58.354+01:00 level=INFO msg="Id studenta bolo najdene z qr kodu" id=80
time=2025-12-22T11:23:58.357+01:00 level=DEBUG msg="Hľadanie študenta" id=80 "exam ID"=5
time=2025-12-22T11:23:59.587+01:00 level=INFO msg="Id studenta bolo najdene z qr kodu" id=80
time=2025-12-22T11:23:59.588+01:00 level=DEBUG msg="Hľadanie študenta" id=80 "exam ID"=5
time=2025-12-22T11:24:01.297+01:00 level=INFO msg="Id studenta bolo najdene z qr kodu" id=91
time=2025-12-22T11:24:01.297+01:00 level=DEBUG msg="Hľadanie študenta" id=91 "exam ID"=5
time=2025-12-22T11:24:01.987+01:00 level=INFO msg="Id studenta bolo najdene z qr kodu" id=91
time=2025-12-22T11:24:01.987+01:00 level=DEBUG msg="Hľadanie študenta" id=91 "exam ID"=5
time=2025-12-22T11:24:02.527+01:00 level=INFO msg="Id studenta bolo najdene z qr kodu" id=90
time=2025-12-22T11:24:02.527+01:00 level=DEBUG msg="Hľadanie študenta" id=90 "exam ID"=5
time=2025-12-22T11:24:02.890+01:00 level=INFO msg="Id studenta bolo najdene z qr kodu" id=122
time=2025-12-22T11:24:02.890+01:00 level=DEBUG msg="Hľadanie študenta" id=122 "exam ID"=5
time=2025-12-22T11:24:03.072+01:00 level=WARN msg="QR kód nebol nájdený, pokúšame sa získať registrationNumber zo záhlavia"
time=2025-12-22T11:24:03.118+01:00 level=INFO msg="Úspešne uložený obrázok" path=./assets/tmp/temp-header-image.png
time=2025-12-22T11:24:03.477+01:00 level=INFO msg="Súbor úspešne vymazaný" file_path=./assets/tmp/temp-header-image.png
time=2025-12-22T11:24:03.477+01:00 level=INFO msg="Registracne cislo bolo najdene z hlavicky" registrationNumber=1000005
time=2025-12-22T11:24:03.477+01:00 level=DEBUG msg="Hľadanie študenta" "registration number"=1000005 "exam ID"=5
time=2025-12-22T11:24:03.862+01:00 level=INFO msg="Id studenta bolo najdene z qr kodu" id=85
time=2025-12-22T11:24:03.862+01:00 level=DEBUG msg="Hľadanie študenta" id=85 "exam ID"=5
time=2025-12-22T11:24:04.216+01:00 level=INFO msg="Id studenta bolo najdene z qr kodu" id=108
time=2025-12-22T11:24:04.216+01:00 level=DEBUG msg="Hľadanie študenta" id=108 "exam ID"=5
time=2025-12-22T11:24:04.564+01:00 level=INFO msg="Id studenta bolo najdene z qr kodu" id=118
time=2025-12-22T11:24:04.564+01:00 level=DEBUG msg="Hľadanie študenta" id=118 "exam ID"=5
time=2025-12-22T11:24:04.742+01:00 level=WARN msg="QR kód nebol nájdený, pokúšame sa získať registrationNumber zo záhlavia"
time=2025-12-22T11:24:04.774+01:00 level=INFO msg="Úspešne uložený obrázok" path=./assets/tmp/temp-header-image.png
time=2025-12-22T11:24:04.973+01:00 level=INFO msg="Súbor úspešne vymazaný" file_path=./assets/tmp/temp-header-image.png
time=2025-12-22T11:24:04.973+01:00 level=INFO msg="Registracne cislo bolo najdene z hlavicky" registrationNumber=1000039
time=2025-12-22T11:24:04.973+01:00 level=DEBUG msg="Hľadanie študenta" "registration number"=1000039 "exam ID"=5
time=2025-12-22T11:24:05.460+01:00 level=INFO msg="Id studenta bolo najdene z qr kodu" id=108
time=2025-12-22T11:24:05.460+01:00 level=DEBUG msg="Hľadanie študenta" id=108 "exam ID"=5
time=2025-12-22T11:24:05.791+01:00 level=INFO msg="Id studenta bolo najdene z qr kodu" id=111
time=2025-12-22T11:24:05.791+01:00 level=DEBUG msg="Hľadanie študenta" id=111 "exam ID"=5
time=2025-12-22T11:24:06.186+01:00 level=INFO msg="Id studenta bolo najdene z qr kodu" id=119
time=2025-12-22T11:24:06.186+01:00 level=DEBUG msg="Hľadanie študenta" id=119 "exam ID"=5
time=2025-12-22T11:24:06.525+01:00 level=INFO msg="Id studenta bolo najdene z qr kodu" id=111
time=2025-12-22T11:24:06.526+01:00 level=DEBUG msg="Hľadanie študenta" id=111 "exam ID"=5
time=2025-12-22T11:24:06.880+01:00 level=INFO msg="Id studenta bolo najdene z qr kodu" id=120
time=2025-12-22T11:24:06.882+01:00 level=DEBUG msg="Hľadanie študenta" id=120 "exam ID"=5
time=2025-12-22T11:24:07.268+01:00 level=INFO msg="Id studenta bolo najdene z qr kodu" id=112
time=2025-12-22T11:24:07.268+01:00 level=DEBUG msg="Hľadanie študenta" id=112 "exam ID"=5
time=2025-12-22T11:24:07.600+01:00 level=INFO msg="Id studenta bolo najdene z qr kodu" id=120
time=2025-12-22T11:24:07.600+01:00 level=DEBUG msg="Hľadanie študenta" id=120 "exam ID"=5
time=2025-12-22T11:24:07.926+01:00 level=INFO msg="Id studenta bolo najdene z qr kodu" id=112
time=2025-12-22T11:24:07.926+01:00 level=DEBUG msg="Hľadanie študenta" id=112 "exam ID"=5
time=2025-12-22T11:24:08.269+01:00 level=INFO msg="Id studenta bolo najdene z qr kodu" id=114
time=2025-12-22T11:24:08.270+01:00 level=DEBUG msg="Hľadanie študenta" id=114 "exam ID"=5
time=2025-12-22T11:24:09.290+01:00 level=INFO msg="Id studenta bolo najdene z qr kodu" id=110
time=2025-12-22T11:24:09.291+01:00 level=DEBUG msg="Hľadanie študenta" id=110 "exam ID"=5
time=2025-12-22T11:24:10.061+01:00 level=INFO msg="Id studenta bolo najdene z qr kodu" id=114
time=2025-12-22T11:24:10.061+01:00 level=DEBUG msg="Hľadanie študenta" id=114 "exam ID"=5
time=2025-12-22T11:24:10.258+01:00 level=WARN msg="QR kód nebol nájdený, pokúšame sa získať registrationNumber zo záhlavia"
time=2025-12-22T11:24:10.282+01:00 level=INFO msg="Úspešne uložený obrázok" path=./assets/tmp/temp-header-image.png
time=2025-12-22T11:24:10.490+01:00 level=INFO msg="Súbor úspešne vymazaný" file_path=./assets/tmp/temp-header-image.png
time=2025-12-22T11:24:10.490+01:00 level=INFO msg="Registracne cislo bolo najdene z hlavicky" registrationNumber=1000030
time=2025-12-22T11:24:10.490+01:00 level=DEBUG msg="Hľadanie študenta" "registration number"=1000030 "exam ID"=5
time=2025-12-22T11:24:10.846+01:00 level=INFO msg="Id studenta bolo najdene z qr kodu" id=109
time=2025-12-22T11:24:10.846+01:00 level=DEBUG msg="Hľadanie študenta" id=109 "exam ID"=5
time=2025-12-22T11:24:11.294+01:00 level=INFO msg="Id studenta bolo najdene z qr kodu" id=113
time=2025-12-22T11:24:11.294+01:00 level=DEBUG msg="Hľadanie študenta" id=113 "exam ID"=5
time=2025-12-22T11:24:11.782+01:00 level=INFO msg="Id studenta bolo najdene z qr kodu" id=113
time=2025-12-22T11:24:11.782+01:00 level=DEBUG msg="Hľadanie študenta" id=113 "exam ID"=5
time=2025-12-22T11:24:12.205+01:00 level=INFO msg="Id studenta bolo najdene z qr kodu" id=105
time=2025-12-22T11:24:12.206+01:00 level=DEBUG msg="Hľadanie študenta" id=105 "exam ID"=5
time=2025-12-22T11:24:12.592+01:00 level=INFO msg="Id studenta bolo najdene z qr kodu" id=109
time=2025-12-22T11:24:12.592+01:00 level=DEBUG msg="Hľadanie študenta" id=109 "exam ID"=5
time=2025-12-22T11:24:12.987+01:00 level=INFO msg="Id studenta bolo najdene z qr kodu" id=124
time=2025-12-22T11:24:12.988+01:00 level=DEBUG msg="Hľadanie študenta" id=124 "exam ID"=5
time=2025-12-22T11:24:13.327+01:00 level=INFO msg="Id studenta bolo najdene z qr kodu" id=122
time=2025-12-22T11:24:13.327+01:00 level=DEBUG msg="Hľadanie študenta" id=122 "exam ID"=5
time=2025-12-22T11:24:13.714+01:00 level=INFO msg="Id studenta bolo najdene z qr kodu" id=105
time=2025-12-22T11:24:13.714+01:00 level=DEBUG msg="Hľadanie študenta" id=105 "exam ID"=5
time=2025-12-22T11:24:13.991+01:00 level=WARN msg="QR kód nebol nájdený, pokúšame sa získať registrationNumber zo záhlavia"
time=2025-12-22T11:24:14.021+01:00 level=INFO msg="Úspešne uložený obrázok" path=./assets/tmp/temp-header-image.png
time=2025-12-22T11:24:14.291+01:00 level=INFO msg="Súbor úspešne vymazaný" file_path=./assets/tmp/temp-header-image.png
time=2025-12-22T11:24:14.291+01:00 level=INFO msg="Registracne cislo bolo najdene z hlavicky" registrationNumber=1000043
time=2025-12-22T11:24:14.291+01:00 level=DEBUG msg="Hľadanie študenta" "registration number"=1000043 "exam ID"=5
time=2025-12-22T11:24:14.776+01:00 level=INFO msg="Id studenta bolo najdene z qr kodu" id=123
time=2025-12-22T11:24:14.776+01:00 level=DEBUG msg="Hľadanie študenta" id=123 "exam ID"=5
time=2025-12-22T11:24:15.235+01:00 level=INFO msg="Id studenta bolo najdene z qr kodu" id=125
time=2025-12-22T11:24:15.235+01:00 level=DEBUG msg="Hľadanie študenta" id=125 "exam ID"=5
time=2025-12-22T11:24:15.556+01:00 level=INFO msg="Id studenta bolo najdene z qr kodu" id=116
time=2025-12-22T11:24:15.557+01:00 level=DEBUG msg="Hľadanie študenta" id=116 "exam ID"=5
time=2025-12-22T11:24:15.908+01:00 level=INFO msg="Id studenta bolo najdene z qr kodu" id=124
time=2025-12-22T11:24:15.908+01:00 level=DEBUG msg="Hľadanie študenta" id=124 "exam ID"=5
time=2025-12-22T11:24:16.252+01:00 level=INFO msg="Id studenta bolo najdene z qr kodu" id=125
time=2025-12-22T11:24:16.252+01:00 level=DEBUG msg="Hľadanie študenta" id=125 "exam ID"=5
time=2025-12-22T11:24:16.604+01:00 level=INFO msg="Id studenta bolo najdene z qr kodu" id=116
time=2025-12-22T11:24:16.604+01:00 level=DEBUG msg="Hľadanie študenta" id=116 "exam ID"=5
time=2025-12-22T11:24:16.926+01:00 level=INFO msg="Id studenta bolo najdene z qr kodu" id=127
time=2025-12-22T11:24:16.926+01:00 level=DEBUG msg="Hľadanie študenta" id=127 "exam ID"=5
time=2025-12-22T11:24:17.920+01:00 level=INFO msg="Chybné strany uložené do PDF" output=/home/vbox/Documents/new5_failed_pages.pdf
time=2025-12-22T11:24:17.922+01:00 level=DEBUG msg="Hľadanie testu" "ID testu"=5
time=2025-12-22T11:24:17.930+01:00 level=DEBUG msg="Test bol nájdený" test=new year=2025/26
time=2025-12-22T12:10:43.547+01:00 level=DEBUG msg="Mazanie študenta" "registration number"=1122 name=Adam surname=Piatok
time=2025-12-22T12:10:43.588+01:00 level=DEBUG msg="Mazanie študenta" "registration number"=2211 name=Tomas surname=Streda
time=2025-12-22T12:10:43.611+01:00 level=DEBUG msg="Test vymazaný" "test ID"=15
time=2025-12-22T12:10:43.611+01:00 level=INFO msg="Vymazanie testu s ID" ID=15
time=2025-12-22T12:11:02.034+01:00 level=INFO msg="Export študentov do CSV úspešný" fileName=/home/vbox/Documents/Matematicky_test_ID1.csv studentCount=50
time=2025-12-22T12:11:02.035+01:00 level=INFO msg="Úspešne vyexportovane CSV pre skúšku" examID=1
time=2025-12-22T12:11:11.556+01:00 level=INFO msg="Export študentov do CSV úspešný" fileName=/home/vbox/Documents/Matematicky_test_ID1.csv studentCount=50
time=2025-12-22T12:11:11.556+01:00 level=INFO msg="Úspešne vyexportovane CSV pre skúšku" examID=1
time=2025-12-22T12:12:04.506+01:00 level=INFO msg="Export študentov do CSV úspešný" fileName=/home/vbox/Documents/Matematicky_test_ID1.csv studentCount=50
time=2025-12-22T12:12:04.507+01:00 level=INFO msg="Úspešne vyexportovane CSV pre skúšku" examID=1
time=2025-12-22T12:28:52.532+01:00 level=INFO msg="Kliknutie na tlačidlo Vytvoriť test"
time=2025-12-22T12:28:52.538+01:00 level=DEBUG msg="Preparsované číslo pocet otazok:" count=35
time=2025-12-22T12:29:18.517+01:00 level=INFO msg="Vybraný súbor" Path=""
time=2025-12-22T12:29:18.517+01:00 level=INFO msg="Kliknutie na tlačidlo Odoslať"
time=2025-12-22T12:29:18.517+01:00 level=DEBUG msg="Vytváranie testu" test=3 cas=2024/25
time=2025-12-22T12:29:18.529+01:00 level=INFO msg="Import študentov z CSV dokončený" studentCount=-1
time=2025-12-22T12:29:18.529+01:00 level=INFO msg="Test bol úspešne vytvorený" examTitle=3 examID=16 questionCount=35 optionCount=3
time=2025-12-22T12:29:27.393+01:00 level=DEBUG msg="Mazanie študenta" "registration number"=783456 name=Jozef surname=Varga
time=2025-12-22T12:29:27.401+01:00 level=DEBUG msg="Mazanie študenta" "registration number"=422417 name=Ján surname=Matejovec
time=2025-12-22T12:29:27.407+01:00 level=DEBUG msg="Mazanie študenta" "registration number"=753491 name="Roman Alexander" surname=Kolesár
time=2025-12-22T12:29:27.415+01:00 level=DEBUG msg="Mazanie študenta" "registration number"=152342 name=Ján surname=Novák
time=2025-12-22T12:29:27.421+01:00 level=DEBUG msg="Mazanie študenta" "registration number"=537282 name=Martin surname=Mrkvička
time=2025-12-22T12:29:27.427+01:00 level=DEBUG msg="Mazanie študenta" "registration number"=984996 name="Roman Alexander" surname=Kokavec
time=2025-12-22T12:29:27.433+01:00 level=DEBUG msg="Mazanie študenta" "registration number"=385676 name=Nikola surname=Kováč
time=2025-12-22T12:29:27.439+01:00 level=DEBUG msg="Mazanie študenta" "registration number"=235850 name=Jozef surname=Novák
time=2025-12-22T12:29:27.447+01:00 level=DEBUG msg="Mazanie študenta" "registration number"=567742 name=Matúš surname=Matejovec
time=2025-12-22T12:29:27.453+01:00 level=DEBUG msg="Mazanie študenta" "registration number"=624245 name=Nikola surname=Nagy
time=2025-12-22T12:29:27.461+01:00 level=DEBUG msg="Mazanie študenta" "registration number"=411098 name=Martin surname=Varga
time=2025-12-22T12:29:27.468+01:00 level=DEBUG msg="Mazanie študenta" "registration number"=300532 name=Monika surname=Kokavec
time=2025-12-22T12:29:27.476+01:00 level=DEBUG msg="Mazanie študenta" "registration number"=110198 name=Monika surname=Štúr
time=2025-12-22T12:29:27.484+01:00 level=DEBUG msg="Mazanie študenta" "registration number"=985335 name=Jozef surname=Horvát
time=2025-12-22T12:29:27.492+01:00 level=DEBUG msg="Mazanie študenta" "registration number"=257457 name=Nikola surname=Štúr
time=2025-12-22T12:29:27.500+01:00 level=DEBUG msg="Mazanie študenta" "registration number"=760018 name=Radoslav surname=Varga
time=2025-12-22T12:29:27.507+01:00 level=DEBUG msg="Mazanie študenta" "registration number"=236273 name=Ondrej surname=Kolesár
time=2025-12-22T12:29:27.515+01:00 level=DEBUG msg="Mazanie študenta" "registration number"=392411 name=Ondrej surname=Novák
time=2025-12-22T12:29:27.521+01:00 level=DEBUG msg="Mazanie študenta" "registration number"=801650 name="Roman Alexander" surname=Mrkvička
time=2025-12-22T12:29:27.527+01:00 level=DEBUG msg="Mazanie študenta" "registration number"=639863 name=Monika surname=Novák
time=2025-12-22T12:29:27.535+01:00 level=DEBUG msg="Mazanie študenta" "registration number"=783424 name=Matúš surname=Matejovec
time=2025-12-22T12:29:27.542+01:00 level=DEBUG msg="Mazanie študenta" "registration number"=526606 name=Matúš surname=Kováč
time=2025-12-22T12:29:27.551+01:00 level=DEBUG msg="Mazanie študenta" "registration number"=133168 name=Martin surname=Nagy
time=2025-12-22T12:29:27.559+01:00 level=DEBUG msg="Mazanie študenta" "registration number"=870991 name=Nikola surname=Novák
time=2025-12-22T12:29:27.566+01:00 level=DEBUG msg="Mazanie študenta" "registration number"=188319 name="Roman Alexander" surname=Novák
time=2025-12-22T12:29:27.573+01:00 level=DEBUG msg="Mazanie študenta" "registration number"=646042 name="Roman Alexander" surname=Kolesár
time=2025-12-22T12:29:27.580+01:00 level=DEBUG msg="Mazanie študenta" "registration number"=761336 name=Ján surname=Novák
time=2025-12-22T12:29:27.587+01:00 level=DEBUG msg="Mazanie študenta" "registration number"=507113 name=Ondrej surname=Novák
time=2025-12-22T12:29:27.594+01:00 level=DEBUG msg="Mazanie študenta" "registration number"=636975 name=Ján surname=Šeliga
time=2025-12-22T12:29:27.600+01:00 level=DEBUG msg="Mazanie študenta" "registration number"=731579 name=Martin surname=Štúr
time=2025-12-22T12:29:27.606+01:00 level=DEBUG msg="Mazanie študenta" "registration number"=774776 name=Radoslav surname=Kolesár
time=2025-12-22T12:29:27.613+01:00 level=DEBUG msg="Mazanie študenta" "registration number"=168030 name="Roman Alexander" surname=Nagy
time=2025-12-22T12:29:27.619+01:00 level=DEBUG msg="Mazanie študenta" "registration number"=484470 name="Roman Alexander" surname=Matejovec
time=2025-12-22T12:29:27.627+01:00 level=DEBUG msg="Mazanie študenta" "registration number"=913602 name=Matúš surname=Kováč
time=2025-12-22T12:29:27.633+01:00 level=DEBUG msg="Mazanie študenta" "registration number"=227633 name=Nikola surname=Horvát
time=2025-12-22T12:29:27.639+01:00 level=DEBUG msg="Mazanie študenta" "registration number"=123800 name=Jozef surname=Novák
time=2025-12-22T12:29:27.646+01:00 level=DEBUG msg="Mazanie študenta" "registration number"=798399 name=František surname=Horvát
time=2025-12-22T12:29:27.652+01:00 level=DEBUG msg="Mazanie študenta" "registration number"=212971 name=Timotej surname=Horvát
time=2025-12-22T12:29:27.658+01:00 level=DEBUG msg="Mazanie študenta" "registration number"=648037 name=Ondrej surname=Horvát
time=2025-12-22T12:29:27.665+01:00 level=DEBUG msg="Mazanie študenta" "registration number"=375942 name=Ema surname=Kokavec
time=2025-12-22T12:29:27.672+01:00 level=DEBUG msg="Mazanie študenta" "registration number"=363580 name=Ondrej surname=Novák
time=2025-12-22T12:29:27.677+01:00 level=DEBUG msg="Mazanie študenta" "registration number"=433835 name=František surname=Kokavec
time=2025-12-22T12:29:27.684+01:00 level=DEBUG msg="Mazanie študenta" "registration number"=988443 name=Martin surname=Novák
time=2025-12-22T12:29:27.690+01:00 level=DEBUG msg="Mazanie študenta" "registration number"=590787 name=Radoslav surname=Mrkvička
time=2025-12-22T12:29:27.696+01:00 level=DEBUG msg="Mazanie študenta" "registration number"=658013 name=Radoslav surname=Varga
time=2025-12-22T12:29:27.704+01:00 level=DEBUG msg="Mazanie študenta" "registration number"=404065 name=František surname=Nagy
time=2025-12-22T12:29:27.710+01:00 level=DEBUG msg="Mazanie študenta" "registration number"=705932 name=František surname=Mrkvička
time=2025-12-22T12:29:27.717+01:00 level=DEBUG msg="Mazanie študenta" "registration number"=872413 name=Vanesa surname=Kováč
time=2025-12-22T12:29:27.724+01:00 level=DEBUG msg="Mazanie študenta" "registration number"=990337 name=Martin surname=Nagy
time=2025-12-22T12:29:27.731+01:00 level=DEBUG msg="Mazanie študenta" "registration number"=631788 name=Jozef surname=Matejovec
time=2025-12-22T12:29:27.743+01:00 level=DEBUG msg="Test vymazaný" "test ID"=1
time=2025-12-22T12:29:27.743+01:00 level=INFO msg="Vymazanie testu s ID" ID=1
time=2025-12-22T12:29:40.623+01:00 level=INFO msg=---------------------------------------------------
time=2025-12-22T12:29:40.624+01:00 level=INFO msg="Aplikácia spustená"
time=2025-12-22T12:29:40.624+01:00 level=INFO msg="Spúšťam migráciu databázy."
time=2025-12-22T12:29:40.624+01:00 level=DEBUG msg="Pripájam sa k databáze..."
time=2025-12-22T12:29:40.625+01:00 level=DEBUG msg="Spúšťam migrácie..."
time=2025-12-22T12:29:40.628+01:00 level=INFO msg="Migrácia databázy úspešne dokončená"
time=2025-12-22T12:29:40.628+01:00 level=INFO msg="Migrácia databázy dokončená."
time=2025-12-22T12:29:40.628+01:00 level=INFO msg="Spúšťam GUI."
time=2025-12-22T12:30:12.621+01:00 level=DEBUG msg="Mazanie študenta" "registration number"=1001 name=John surname=Doe
time=2025-12-22T12:30:12.635+01:00 level=DEBUG msg="Mazanie študenta" "registration number"=1002 name=Jane surname=Smith
time=2025-12-22T12:30:12.643+01:00 level=DEBUG msg="Mazanie študenta" "registration number"=1003 name=Michael surname=Brown
time=2025-12-22T12:30:12.649+01:00 level=DEBUG msg="Mazanie študenta" "registration number"=1004 name=Emily surname=Davis
time=2025-12-22T12:30:12.657+01:00 level=DEBUG msg="Mazanie študenta" "registration number"=1005 name=Chris surname=Wilson
time=2025-12-22T12:30:12.663+01:00 level=DEBUG msg="Mazanie študenta" "registration number"=1006 name=Sarah surname=Moore
time=2025-12-22T12:30:12.669+01:00 level=DEBUG msg="Mazanie študenta" "registration number"=1007 name=Daniel surname=Taylor
time=2025-12-22T12:30:12.675+01:00 level=DEBUG msg="Mazanie študenta" "registration number"=1008 name=Laura surname=Anderson
time=2025-12-22T12:30:12.681+01:00 level=DEBUG msg="Mazanie študenta" "registration number"=1009 name=Robert surname=Thomas
time=2025-12-22T12:30:12.687+01:00 level=DEBUG msg="Mazanie študenta" "registration number"=1010 name=Emma surname=Jackson
time=2025-12-22T12:30:12.700+01:00 level=DEBUG msg="Test vymazaný" "test ID"=2
time=2025-12-22T12:30:12.700+01:00 level=INFO msg="Vymazanie testu s ID" ID=2
time=2025-12-22T12:34:21.842+01:00 level=INFO msg=---------------------------------------------------
time=2025-12-22T12:34:21.845+01:00 level=INFO msg="Aplikácia spustená"
time=2025-12-22T12:34:21.845+01:00 level=INFO msg="Spúšťam migráciu databázy."
time=2025-12-22T12:34:21.845+01:00 level=DEBUG msg="Pripájam sa k databáze..."
time=2025-12-22T12:34:21.847+01:00 level=DEBUG msg="Spúšťam migrácie..."
time=2025-12-22T12:34:21.849+01:00 level=INFO msg="Migrácia databázy úspešne dokončená"
time=2025-12-22T12:34:21.849+01:00 level=INFO msg="Migrácia databázy dokončená."
time=2025-12-22T12:34:21.849+01:00 level=INFO msg="Spúšťam GUI."
time=2025-12-22T12:34:37.277+01:00 level=DEBUG msg="Test vymazaný" "test ID"=3
time=2025-12-22T12:34:37.277+01:00 level=INFO msg="Vymazanie testu s ID" ID=3
time=2025-12-22T12:34:39.988+01:00 level=DEBUG msg="Test vymazaný" "test ID"=5
time=2025-12-22T12:34:39.988+01:00 level=INFO msg="Vymazanie testu s ID" ID=5
time=2025-12-22T12:34:40.440+01:00 level=DEBUG msg="Test vymazaný" "test ID"=13
time=2025-12-22T12:34:40.440+01:00 level=INFO msg="Vymazanie testu s ID" ID=13
time=2025-12-22T12:34:40.939+01:00 level=DEBUG msg="Test vymazaný" "test ID"=16
time=2025-12-22T12:34:40.939+01:00 level=INFO msg="Vymazanie testu s ID" ID=16
time=2025-12-22T12:35:29.057+01:00 level=INFO msg="Kliknutie na tlačidlo Vytvoriť test"
time=2025-12-22T12:35:29.058+01:00 level=DEBUG msg="Preparsované číslo pocet otazok:" count=35
time=2025-12-22T12:36:15.048+01:00 level=INFO msg="Vybraný súbor" Path=/home/vbox/Downloads/test4opd.csv
time=2025-12-22T12:36:15.048+01:00 level=INFO msg="Kliknutie na tlačidlo Odoslať"
time=2025-12-22T12:36:16.586+01:00 level=INFO msg="Vybraný súbor" Path=/home/vbox/Downloads/test4opd.csv
time=2025-12-22T12:36:16.586+01:00 level=INFO msg="Kliknutie na tlačidlo Odoslať"
time=2025-12-22T12:36:17.290+01:00 level=INFO msg="Vybraný súbor" Path=/home/vbox/Downloads/test4opd.csv
time=2025-12-22T12:36:17.290+01:00 level=INFO msg="Kliknutie na tlačidlo Odoslať"
time=2025-12-22T12:36:17.464+01:00 level=INFO msg="Vybraný súbor" Path=/home/vbox/Downloads/test4opd.csv
time=2025-12-22T12:36:17.465+01:00 level=INFO msg="Kliknutie na tlačidlo Odoslať"
time=2025-12-22T12:36:17.807+01:00 level=INFO msg="Vybraný súbor" Path=/home/vbox/Downloads/test4opd.csv
time=2025-12-22T12:36:17.807+01:00 level=INFO msg="Kliknutie na tlačidlo Odoslať"
time=2025-12-22T12:36:17.974+01:00 level=INFO msg="Vybraný súbor" Path=/home/vbox/Downloads/test4opd.csv
time=2025-12-22T12:36:17.974+01:00 level=INFO msg="Kliknutie na tlačidlo Odoslať"
time=2025-12-22T12:36:18.216+01:00 level=INFO msg="Vybraný súbor" Path=/home/vbox/Downloads/test4opd.csv
time=2025-12-22T12:36:18.216+01:00 level=INFO msg="Kliknutie na tlačidlo Odoslať"
time=2025-12-22T12:36:18.891+01:00 level=INFO msg="Vybraný súbor" Path=/home/vbox/Downloads/test4opd.csv
time=2025-12-22T12:36:18.891+01:00 level=INFO msg="Kliknutie na tlačidlo Odoslať"
time=2025-12-22T12:36:19.104+01:00 level=INFO msg="Vybraný súbor" Path=/home/vbox/Downloads/test4opd.csv
time=2025-12-22T12:36:19.104+01:00 level=INFO msg="Kliknutie na tlačidlo Odoslať"
time=2025-12-22T12:36:23.150+01:00 level=INFO msg="Vybraný súbor" Path=/home/vbox/Downloads/test4opd.csv
time=2025-12-22T12:36:23.150+01:00 level=INFO msg="Kliknutie na tlačidlo Odoslať"
time=2025-12-22T12:36:23.554+01:00 level=INFO msg="Vybraný súbor" Path=/home/vbox/Downloads/test4opd.csv
time=2025-12-22T12:36:23.554+01:00 level=INFO msg="Kliknutie na tlačidlo Odoslať"
time=2025-12-22T12:36:23.773+01:00 level=INFO msg="Vybraný súbor" Path=/home/vbox/Downloads/test4opd.csv
time=2025-12-22T12:36:23.773+01:00 level=INFO msg="Kliknutie na tlačidlo Odoslať"
time=2025-12-22T12:36:23.949+01:00 level=INFO msg="Vybraný súbor" Path=/home/vbox/Downloads/test4opd.csv
time=2025-12-22T12:36:23.949+01:00 level=INFO msg="Kliknutie na tlačidlo Odoslať"
time=2025-12-22T12:36:24.126+01:00 level=INFO msg="Vybraný súbor" Path=/home/vbox/Downloads/test4opd.csv
time=2025-12-22T12:36:24.126+01:00 level=INFO msg="Kliknutie na tlačidlo Odoslať"
time=2025-12-22T12:36:28.245+01:00 level=INFO msg="Vybraný súbor" Path=/home/vbox/Downloads/test4opd.csv
time=2025-12-22T12:36:28.280+01:00 level=INFO msg="Kliknutie na tlačidlo Odoslať"
time=2025-12-22T12:36:28.516+01:00 level=INFO msg="Vybraný súbor" Path=/home/vbox/Downloads/test4opd.csv
time=2025-12-22T12:36:28.516+01:00 level=INFO msg="Kliknutie na tlačidlo Odoslať"
time=2025-12-22T12:36:28.699+01:00 level=INFO msg="Vybraný súbor" Path=/home/vbox/Downloads/test4opd.csv
time=2025-12-22T12:36:28.700+01:00 level=INFO msg="Kliknutie na tlačidlo Odoslať"
time=2025-12-22T12:36:28.890+01:00 level=INFO msg="Vybraný súbor" Path=/home/vbox/Downloads/test4opd.csv
time=2025-12-22T12:36:28.890+01:00 level=INFO msg="Kliknutie na tlačidlo Odoslať"
time=2025-12-22T12:36:29.013+01:00 level=INFO msg="Vybraný súbor" Path=/home/vbox/Downloads/test4opd.csv
time=2025-12-22T12:36:29.014+01:00 level=INFO msg="Kliknutie na tlačidlo Odoslať"
time=2025-12-22T12:36:29.189+01:00 level=INFO msg="Vybraný súbor" Path=/home/vbox/Downloads/test4opd.csv
time=2025-12-22T12:36:29.189+01:00 level=INFO msg="Kliknutie na tlačidlo Odoslať"
time=2025-12-22T12:36:29.363+01:00 level=INFO msg="Vybraný súbor" Path=/home/vbox/Downloads/test4opd.csv
time=2025-12-22T12:36:29.363+01:00 level=INFO msg="Kliknutie na tlačidlo Odoslať"
time=2025-12-22T12:36:29.535+01:00 level=INFO msg="Vybraný súbor" Path=/home/vbox/Downloads/test4opd.csv
time=2025-12-22T12:36:29.535+01:00 level=INFO msg="Kliknutie na tlačidlo Odoslať"
time=2025-12-22T12:36:29.711+01:00 level=INFO msg="Vybraný súbor" Path=/home/vbox/Downloads/test4opd.csv
time=2025-12-22T12:36:29.712+01:00 level=INFO msg="Kliknutie na tlačidlo Odoslať"
time=2025-12-22T12:36:29.876+01:00 level=INFO msg="Vybraný súbor" Path=/home/vbox/Downloads/test4opd.csv
time=2025-12-22T12:36:29.876+01:00 level=INFO msg="Kliknutie na tlačidlo Odoslať"
time=2025-12-22T12:37:02.999+01:00 level=INFO msg="Vybraný súbor" Path=/home/vbox/Downloads/test4opd.csv
time=2025-12-22T12:37:02.999+01:00 level=INFO msg="Kliknutie na tlačidlo Odoslať"
time=2025-12-22T12:37:03.763+01:00 level=INFO msg="Vybraný súbor" Path=/home/vbox/Downloads/test4opd.csv
time=2025-12-22T12:37:03.763+01:00 level=INFO msg="Kliknutie na tlačidlo Odoslať"
time=2025-12-22T12:37:03.953+01:00 level=INFO msg="Vybraný súbor" Path=/home/vbox/Downloads/test4opd.csv
time=2025-12-22T12:37:03.953+01:00 level=INFO msg="Kliknutie na tlačidlo Odoslať"
time=2025-12-22T12:37:04.134+01:00 level=INFO msg="Vybraný súbor" Path=/home/vbox/Downloads/test4opd.csv
time=2025-12-22T12:37:04.134+01:00 level=INFO msg="Kliknutie na tlačidlo Odoslať"
time=2025-12-22T12:37:04.296+01:00 level=INFO msg="Vybraný súbor" Path=/home/vbox/Downloads/test4opd.csv
time=2025-12-22T12:37:04.296+01:00 level=INFO msg="Kliknutie na tlačidlo Odoslať"
time=2025-12-22T12:37:05.291+01:00 level=INFO msg="Vybraný súbor" Path=/home/vbox/Downloads/test4opd.csv
time=2025-12-22T12:37:05.292+01:00 level=INFO msg="Kliknutie na tlačidlo Odoslať"
time=2025-12-22T12:37:05.863+01:00 level=INFO msg="Vybraný súbor" Path=/home/vbox/Downloads/test4opd.csv
time=2025-12-22T12:37:05.863+01:00 level=INFO msg="Kliknutie na tlačidlo Odoslať"
time=2025-12-22T12:37:05.973+01:00 level=INFO msg="Vybraný súbor" Path=/home/vbox/Downloads/test4opd.csv
time=2025-12-22T12:37:05.973+01:00 level=INFO msg="Kliknutie na tlačidlo Odoslať"
time=2025-12-22T12:37:06.270+01:00 level=INFO msg="Vybraný súbor" Path=/home/vbox/Downloads/test4opd.csv
time=2025-12-22T12:37:06.271+01:00 level=INFO msg="Kliknutie na tlačidlo Odoslať"
time=2025-12-22T12:37:06.447+01:00 level=INFO msg="Vybraný súbor" Path=/home/vbox/Downloads/test4opd.csv
time=2025-12-22T12:37:06.447+01:00 level=INFO msg="Kliknutie na tlačidlo Odoslať"
time=2025-12-22T12:37:06.622+01:00 level=INFO msg="Vybraný súbor" Path=/home/vbox/Downloads/test4opd.csv
time=2025-12-22T12:37:06.622+01:00 level=INFO msg="Kliknutie na tlačidlo Odoslať"
time=2025-12-22T12:37:06.801+01:00 level=INFO msg="Vybraný súbor" Path=/home/vbox/Downloads/test4opd.csv
time=2025-12-22T12:37:06.801+01:00 level=INFO msg="Kliknutie na tlačidlo Odoslať"
time=2025-12-22T12:37:07.027+01:00 level=INFO msg="Vybraný súbor" Path=/home/vbox/Downloads/test4opd.csv
time=2025-12-22T12:37:07.027+01:00 level=INFO msg="Kliknutie na tlačidlo Odoslať"
time=2025-12-22T12:37:07.203+01:00 level=INFO msg="Vybraný súbor" Path=/home/vbox/Downloads/test4opd.csv
time=2025-12-22T12:37:07.203+01:00 level=INFO msg="Kliknutie na tlačidlo Odoslať"
time=2025-12-22T12:37:07.388+01:00 level=INFO msg="Vybraný súbor" Path=/home/vbox/Downloads/test4opd.csv
time=2025-12-22T12:37:07.388+01:00 level=INFO msg="Kliknutie na tlačidlo Odoslať"
time=2025-12-22T12:37:07.556+01:00 level=INFO msg="Vybraný súbor" Path=/home/vbox/Downloads/test4opd.csv
time=2025-12-22T12:37:07.556+01:00 level=INFO msg="Kliknutie na tlačidlo Odoslať"
time=2025-12-22T12:37:07.791+01:00 level=INFO msg="Vybraný súbor" Path=/home/vbox/Downloads/test4opd.csv
time=2025-12-22T12:37:07.792+01:00 level=INFO msg="Kliknutie na tlačidlo Odoslať"
time=2025-12-22T12:37:07.969+01:00 level=INFO msg="Vybraný súbor" Path=/home/vbox/Downloads/test4opd.csv
time=2025-12-22T12:37:07.969+01:00 level=INFO msg="Kliknutie na tlačidlo Odoslať"
time=2025-12-22T12:37:08.168+01:00 level=INFO msg="Vybraný súbor" Path=/home/vbox/Downloads/test4opd.csv
time=2025-12-22T12:37:08.169+01:00 level=INFO msg="Kliknutie na tlačidlo Odoslať"
time=2025-12-22T12:37:08.405+01:00 level=INFO msg="Vybraný súbor" Path=/home/vbox/Downloads/test4opd.csv
time=2025-12-22T12:37:08.405+01:00 level=INFO msg="Kliknutie na tlačidlo Odoslať"
time=2025-12-22T12:37:08.590+01:00 level=INFO msg="Vybraný súbor" Path=/home/vbox/Downloads/test4opd.csv
time=2025-12-22T12:37:08.590+01:00 level=INFO msg="Kliknutie na tlačidlo Odoslať"
time=2025-12-22T12:47:54.333+01:00 level=INFO msg="Vybraný súbor" Path=/home/vbox/Downloads/test4opd.csv
time=2025-12-22T12:47:54.335+01:00 level=INFO msg="Kliknutie na tlačidlo Odoslať"
time=2025-12-22T12:47:54.336+01:00 level=DEBUG msg="Vytváranie testu" test=3 cas=2024/25
time=2025-12-22T12:47:54.357+01:00 level=DEBUG msg="Vytváranie študenta" name=Jozef surname=Varga "registration number"=1000050
time=2025-12-22T12:47:54.365+01:00 level=DEBUG msg="Vytváranie študenta" name=Ján surname=Matejovec "registration number"=1000051
time=2025-12-22T12:47:54.372+01:00 level=DEBUG msg="Vytváranie študenta" name="Roman Alexander" surname=Kolesár "registration number"=1000052
time=2025-12-22T12:47:54.379+01:00 level=DEBUG msg="Vytváranie študenta" name=Ján surname=Novák "registration number"=1000053
time=2025-12-22T12:47:54.386+01:00 level=DEBUG msg="Vytváranie študenta" name=Martin surname=Mrkvička "registration number"=1000054
time=2025-12-22T12:47:54.394+01:00 level=DEBUG msg="Vytváranie študenta" name="Roman Alexander" surname=Kokavec "registration number"=1000055
time=2025-12-22T12:47:54.402+01:00 level=DEBUG msg="Vytváranie študenta" name=Nikola surname=Kováč "registration number"=1000056
time=2025-12-22T12:47:54.410+01:00 level=DEBUG msg="Vytváranie študenta" name=Jozef surname=Novák "registration number"=1000057
time=2025-12-22T12:47:54.419+01:00 level=DEBUG msg="Vytváranie študenta" name=Matúš surname=Matejovec "registration number"=1000058
time=2025-12-22T12:47:54.427+01:00 level=DEBUG msg="Vytváranie študenta" name=Nikola surname=Nagy "registration number"=1000059
time=2025-12-22T12:47:54.434+01:00 level=DEBUG msg="Vytváranie študenta" name=Martin surname=Varga "registration number"=1000060
time=2025-12-22T12:47:54.441+01:00 level=DEBUG msg="Vytváranie študenta" name=Monika surname=Kokavec "registration number"=1000061
time=2025-12-22T12:47:54.448+01:00 level=DEBUG msg="Vytváranie študenta" name=Monika surname=Štúr "registration number"=1000062
time=2025-12-22T12:47:54.455+01:00 level=DEBUG msg="Vytváranie študenta" name=Jozef surname=Horvát "registration number"=1000063
time=2025-12-22T12:47:54.461+01:00 level=DEBUG msg="Vytváranie študenta" name=Nikola surname=Štúr "registration number"=1000064
time=2025-12-22T12:47:54.468+01:00 level=DEBUG msg="Vytváranie študenta" name=Radoslav surname=Varga "registration number"=1000065
time=2025-12-22T12:47:54.474+01:00 level=DEBUG msg="Vytváranie študenta" name=Ondrej surname=Kolesár "registration number"=1000066
time=2025-12-22T12:47:54.480+01:00 level=DEBUG msg="Vytváranie študenta" name=Ondrej surname=Novák "registration number"=1000067
time=2025-12-22T12:47:54.488+01:00 level=DEBUG msg="Vytváranie študenta" name="Roman Alexander" surname=Mrkvička "registration number"=1000068
time=2025-12-22T12:47:54.494+01:00 level=DEBUG msg="Vytváranie študenta" name=Monika surname=Novák "registration number"=1000069
time=2025-12-22T12:47:54.500+01:00 level=DEBUG msg="Vytváranie študenta" name=Matúš surname=Matejovec "registration number"=1000070
time=2025-12-22T12:47:54.506+01:00 level=DEBUG msg="Vytváranie študenta" name=Matúš surname=Kováč "registration number"=1000071
time=2025-12-22T12:47:54.513+01:00 level=DEBUG msg="Vytváranie študenta" name=Martin surname=Nagy "registration number"=1000072
time=2025-12-22T12:47:54.520+01:00 level=DEBUG msg="Vytváranie študenta" name=Nikola surname=Novák "registration number"=1000073
time=2025-12-22T12:47:54.528+01:00 level=DEBUG msg="Vytváranie študenta" name="Roman Alexander" surname=Novák "registration number"=1000074
time=2025-12-22T12:47:54.535+01:00 level=DEBUG msg="Vytváranie študenta" name="Roman Alexander" surname=Kolesár "registration number"=1000075
time=2025-12-22T12:47:54.542+01:00 level=DEBUG msg="Vytváranie študenta" name=Ján surname=Novák "registration number"=1000076
time=2025-12-22T12:47:54.549+01:00 level=DEBUG msg="Vytváranie študenta" name=Ján surname=Šeliga "registration number"=1000077
time=2025-12-22T12:47:54.557+01:00 level=DEBUG msg="Vytváranie študenta" name=Martin surname=Štúr "registration number"=1000078
time=2025-12-22T12:47:54.563+01:00 level=DEBUG msg="Vytváranie študenta" name=Radoslav surname=Kolesár "registration number"=1000079
time=2025-12-22T12:47:54.569+01:00 level=DEBUG msg="Vytváranie študenta" name="Roman Alexander" surname=Nagy "registration number"=1000080
time=2025-12-22T12:47:54.578+01:00 level=DEBUG msg="Vytváranie študenta" name="Roman Alexander" surname=Matejovec "registration number"=1000081
time=2025-12-22T12:47:54.585+01:00 level=DEBUG msg="Vytváranie študenta" name=Matúš surname=Kováč "registration number"=1000082
time=2025-12-22T12:47:54.593+01:00 level=DEBUG msg="Vytváranie študenta" name=Nikola surname=Horvát "registration number"=1000083
time=2025-12-22T12:47:54.600+01:00 level=DEBUG msg="Vytváranie študenta" name=Jozef surname=Novák "registration number"=1000084
time=2025-12-22T12:47:54.607+01:00 level=DEBUG msg="Vytváranie študenta" name=František surname=Horvát "registration number"=1000085
time=2025-12-22T12:47:54.613+01:00 level=DEBUG msg="Vytváranie študenta" name=Timotej surname=Horvát "registration number"=1000086
time=2025-12-22T12:47:54.619+01:00 level=DEBUG msg="Vytváranie študenta" name=Ondrej surname=Horvát "registration number"=1000087
time=2025-12-22T12:47:54.627+01:00 level=DEBUG msg="Vytváranie študenta" name=Ema surname=Kokavec "registration number"=1000088
time=2025-12-22T12:47:54.633+01:00 level=DEBUG msg="Vytváranie študenta" name=Ondrej surname=Novák "registration number"=1000089
time=2025-12-22T12:47:54.639+01:00 level=DEBUG msg="Vytváranie študenta" name=František surname=Kokavec "registration number"=1000090
time=2025-12-22T12:47:54.645+01:00 level=DEBUG msg="Vytváranie študenta" name=Martin surname=Novák "registration number"=1000091
time=2025-12-22T12:47:54.652+01:00 level=DEBUG msg="Vytváranie študenta" name=Radoslav surname=Mrkvička "registration number"=1000092
time=2025-12-22T12:47:54.659+01:00 level=DEBUG msg="Vytváranie študenta" name=Radoslav surname=Varga "registration number"=1000093
time=2025-12-22T12:47:54.665+01:00 level=DEBUG msg="Vytváranie študenta" name=František surname=Nagy "registration number"=1000094
time=2025-12-22T12:47:54.673+01:00 level=DEBUG msg="Vytváranie študenta" name=František surname=Mrkvička "registration number"=1000095
time=2025-12-22T12:47:54.680+01:00 level=DEBUG msg="Vytváranie študenta" name=Vanesa surname=Kováč "registration number"=1000096
time=2025-12-22T12:47:54.686+01:00 level=DEBUG msg="Vytváranie študenta" name=Martin surname=Nagy "registration number"=1000097
time=2025-12-22T12:47:54.692+01:00 level=DEBUG msg="Vytváranie študenta" name=Jozef surname=Matejovec "registration number"=1000098
time=2025-12-22T12:47:54.701+01:00 level=INFO msg="Import študentov z CSV dokončený" studentCount=49
time=2025-12-22T12:47:54.701+01:00 level=INFO msg="Test bol úspešne vytvorený" examTitle=3 examID=17 questionCount=35 optionCount=3
time=2025-12-22T12:48:21.138+01:00 level=DEBUG msg="Hľadanie testu" "ID testu"=17
time=2025-12-22T12:48:21.139+01:00 level=DEBUG msg="Test bol nájdený" test=3 year=2024/25
time=2025-12-22T12:48:25.895+01:00 level=INFO msg="Id studenta bolo najdene z qr kodu" id=121
time=2025-12-22T12:48:25.896+01:00 level=DEBUG msg="Hľadanie študenta" id=121 "exam ID"=17
time=2025-12-22T12:48:27.422+01:00 level=INFO msg="Id studenta bolo najdene z qr kodu" id=127
time=2025-12-22T12:48:27.423+01:00 level=DEBUG msg="Hľadanie študenta" id=127 "exam ID"=17
time=2025-12-22T12:48:28.533+01:00 level=INFO msg="Id studenta bolo najdene z qr kodu" id=121
time=2025-12-22T12:48:28.534+01:00 level=DEBUG msg="Hľadanie študenta" id=121 "exam ID"=17
time=2025-12-22T12:48:29.948+01:00 level=INFO msg="Id studenta bolo najdene z qr kodu" id=107
time=2025-12-22T12:48:29.948+01:00 level=DEBUG msg="Hľadanie študenta" id=107 "exam ID"=17
time=2025-12-22T12:48:29.949+01:00 level=DEBUG msg="Študent nájdený" name=František surname=Kokavec
time=2025-12-22T12:48:29.949+01:00 level=INFO msg="Našiel sa študent v databáze" studentID=107 name=František
time=2025-12-22T12:48:30.011+01:00 level=INFO msg="Úspešne uložený obrázok" path=./assets/tmp/temp-image.png
time=2025-12-22T12:48:31.987+01:00 level=INFO msg="Id studenta bolo najdene z qr kodu" id=107
time=2025-12-22T12:48:31.990+01:00 level=DEBUG msg="Hľadanie študenta" id=107 "exam ID"=17
time=2025-12-22T12:48:31.991+01:00 level=DEBUG msg="Študent nájdený" name=František surname=Kokavec
time=2025-12-22T12:48:31.993+01:00 level=INFO msg="Našiel sa študent v databáze" studentID=107 name=František
time=2025-12-22T12:48:32.181+01:00 level=INFO msg="Súbor úspešne vymazaný" file_path=./assets/tmp/temp-image.png
time=2025-12-22T12:48:32.182+01:00 level=INFO msg="Úspešne uložený obrázok" path=./assets/tmp/temp-image.png
time=2025-12-22T12:48:32.839+01:00 level=INFO msg="Question number" number=21
time=2025-12-22T12:48:32.839+01:00 level=INFO msg="Súbor úspešne vymazaný" file_path=./assets/tmp/temp-image.png
time=2025-12-22T12:48:32.848+01:00 level=INFO msg="Všetky otázky boli nájdené"
time=2025-12-22T12:48:33.244+01:00 level=INFO msg="Úspešne uložený obrázok" path=./assets/tmp/temp-image.png
time=2025-12-22T12:48:33.977+01:00 level=INFO msg="Question number" number=2
time=2025-12-22T12:48:33.977+01:00 level=INFO msg="Súbor úspešne vymazaný" file_path=./assets/tmp/temp-image.png
time=2025-12-22T12:48:34.063+01:00 level=DEBUG msg="Hľadanie študenta" id=107 "exam ID"=17
time=2025-12-22T12:48:34.064+01:00 level=DEBUG msg="Študent nájdený" name=František surname=Kokavec
time=2025-12-22T12:48:34.064+01:00 level=DEBUG msg="Hľadanie testu" "ID testu"=17
time=2025-12-22T12:48:34.064+01:00 level=DEBUG msg="Test bol nájdený" test=3 year=2024/25
time=2025-12-22T12:51:37.098+01:00 level=INFO msg=---------------------------------------------------
time=2025-12-22T12:51:37.099+01:00 level=INFO msg="Aplikácia spustená"
time=2025-12-22T12:51:37.099+01:00 level=INFO msg="Spúšťam migráciu databázy."
time=2025-12-22T12:51:37.100+01:00 level=DEBUG msg="Pripájam sa k databáze..."
time=2025-12-22T12:51:37.101+01:00 level=DEBUG msg="Spúšťam migrácie..."
time=2025-12-22T12:51:37.103+01:00 level=INFO msg="Migrácia databázy úspešne dokončená"
time=2025-12-22T12:51:37.103+01:00 level=INFO msg="Migrácia databázy dokončená."
time=2025-12-22T12:51:37.103+01:00 level=INFO msg="Spúšťam GUI."
time=2025-12-22T12:59:38.867+01:00 level=DEBUG msg="Mazanie študenta" "registration number"=1000050 name=Jozef surname=Varga
time=2025-12-22T12:59:38.886+01:00 level=DEBUG msg="Mazanie študenta" "registration number"=1000051 name=Ján surname=Matejovec
time=2025-12-22T12:59:38.893+01:00 level=DEBUG msg="Mazanie študenta" "registration number"=1000052 name="Roman Alexander" surname=Kolesár
time=2025-12-22T12:59:38.900+01:00 level=DEBUG msg="Mazanie študenta" "registration number"=1000053 name=Ján surname=Novák
time=2025-12-22T12:59:38.907+01:00 level=DEBUG msg="Mazanie študenta" "registration number"=1000054 name=Martin surname=Mrkvička
time=2025-12-22T12:59:38.914+01:00 level=DEBUG msg="Mazanie študenta" "registration number"=1000055 name="Roman Alexander" surname=Kokavec
time=2025-12-22T12:59:38.919+01:00 level=DEBUG msg="Mazanie študenta" "registration number"=1000056 name=Nikola surname=Kováč
time=2025-12-22T12:59:38.925+01:00 level=DEBUG msg="Mazanie študenta" "registration number"=1000057 name=Jozef surname=Novák
time=2025-12-22T12:59:38.931+01:00 level=DEBUG msg="Mazanie študenta" "registration number"=1000058 name=Matúš surname=Matejovec
time=2025-12-22T12:59:38.938+01:00 level=DEBUG msg="Mazanie študenta" "registration number"=1000059 name=Nikola surname=Nagy
time=2025-12-22T12:59:38.944+01:00 level=DEBUG msg="Mazanie študenta" "registration number"=1000060 name=Martin surname=Varga
time=2025-12-22T12:59:38.950+01:00 level=DEBUG msg="Mazanie študenta" "registration number"=1000061 name=Monika surname=Kokavec
time=2025-12-22T12:59:38.956+01:00 level=DEBUG msg="Mazanie študenta" "registration number"=1000062 name=Monika surname=Štúr
time=2025-12-22T12:59:38.962+01:00 level=DEBUG msg="Mazanie študenta" "registration number"=1000063 name=Jozef surname=Horvát
time=2025-12-22T12:59:38.969+01:00 level=DEBUG msg="Mazanie študenta" "registration number"=1000064 name=Nikola surname=Štúr
time=2025-12-22T12:59:38.975+01:00 level=DEBUG msg="Mazanie študenta" "registration number"=1000065 name=Radoslav surname=Varga
time=2025-12-22T12:59:38.981+01:00 level=DEBUG msg="Mazanie študenta" "registration number"=1000066 name=Ondrej surname=Kolesár
time=2025-12-22T12:59:38.987+01:00 level=DEBUG msg="Mazanie študenta" "registration number"=1000067 name=Ondrej surname=Novák
time=2025-12-22T12:59:38.992+01:00 level=DEBUG msg="Mazanie študenta" "registration number"=1000068 name="Roman Alexander" surname=Mrkvička
time=2025-12-22T12:59:38.999+01:00 level=DEBUG msg="Mazanie študenta" "registration number"=1000069 name=Monika surname=Novák
time=2025-12-22T12:59:39.004+01:00 level=DEBUG msg="Mazanie študenta" "registration number"=1000070 name=Matúš surname=Matejovec
time=2025-12-22T12:59:39.011+01:00 level=DEBUG msg="Mazanie študenta" "registration number"=1000071 name=Matúš surname=Kováč
time=2025-12-22T12:59:39.016+01:00 level=DEBUG msg="Mazanie študenta" "registration number"=1000072 name=Martin surname=Nagy
time=2025-12-22T12:59:39.022+01:00 level=DEBUG msg="Mazanie študenta" "registration number"=1000073 name=Nikola surname=Novák
time=2025-12-22T12:59:39.028+01:00 level=DEBUG msg="Mazanie študenta" "registration number"=1000074 name="Roman Alexander" surname=Novák
time=2025-12-22T12:59:39.034+01:00 level=DEBUG msg="Mazanie študenta" "registration number"=1000075 name="Roman Alexander" surname=Kolesár
time=2025-12-22T12:59:39.039+01:00 level=DEBUG msg="Mazanie študenta" "registration number"=1000076 name=Ján surname=Novák
time=2025-12-22T12:59:39.046+01:00 level=DEBUG msg="Mazanie študenta" "registration number"=1000077 name=Ján surname=Šeliga
time=2025-12-22T12:59:39.052+01:00 level=DEBUG msg="Mazanie študenta" "registration number"=1000078 name=Martin surname=Štúr
time=2025-12-22T12:59:39.058+01:00 level=DEBUG msg="Mazanie študenta" "registration number"=1000079 name=Radoslav surname=Kolesár
time=2025-12-22T12:59:39.064+01:00 level=DEBUG msg="Mazanie študenta" "registration number"=1000080 name="Roman Alexander" surname=Nagy
time=2025-12-22T12:59:39.070+01:00 level=DEBUG msg="Mazanie študenta" "registration number"=1000081 name="Roman Alexander" surname=Matejovec
time=2025-12-22T12:59:39.076+01:00 level=DEBUG msg="Mazanie študenta" "registration number"=1000082 name=Matúš surname=Kováč
time=2025-12-22T12:59:39.083+01:00 level=DEBUG msg="Mazanie študenta" "registration number"=1000083 name=Nikola surname=Horvát
time=2025-12-22T12:59:39.089+01:00 level=DEBUG msg="Mazanie študenta" "registration number"=1000084 name=Jozef surname=Novák
time=2025-12-22T12:59:39.095+01:00 level=DEBUG msg="Mazanie študenta" "registration number"=1000085 name=František surname=Horvát
time=2025-12-22T12:59:39.101+01:00 level=DEBUG msg="Mazanie študenta" "registration number"=1000086 name=Timotej surname=Horvát
time=2025-12-22T12:59:39.107+01:00 level=DEBUG msg="Mazanie študenta" "registration number"=1000087 name=Ondrej surname=Horvát
time=2025-12-22T12:59:39.113+01:00 level=DEBUG msg="Mazanie študenta" "registration number"=1000088 name=Ema surname=Kokavec
time=2025-12-22T12:59:39.119+01:00 level=DEBUG msg="Mazanie študenta" "registration number"=1000089 name=Ondrej surname=Novák
time=2025-12-22T12:59:39.125+01:00 level=DEBUG msg="Mazanie študenta" "registration number"=1000090 name=František surname=Kokavec
time=2025-12-22T12:59:39.132+01:00 level=DEBUG msg="Mazanie študenta" "registration number"=1000091 name=Martin surname=Novák
time=2025-12-22T12:59:39.137+01:00 level=DEBUG msg="Mazanie študenta" "registration number"=1000092 name=Radoslav surname=Mrkvička
time=2025-12-22T12:59:39.143+01:00 level=DEBUG msg="Mazanie študenta" "registration number"=1000093 name=Radoslav surname=Varga
time=2025-12-22T12:59:39.149+01:00 level=DEBUG msg="Mazanie študenta" "registration number"=1000094 name=František surname=Nagy
time=2025-12-22T12:59:39.155+01:00 level=DEBUG msg="Mazanie študenta" "registration number"=1000095 name=František surname=Mrkvička
time=2025-12-22T12:59:39.161+01:00 level=DEBUG msg="Mazanie študenta" "registration number"=1000096 name=Vanesa surname=Kováč
time=2025-12-22T12:59:39.167+01:00 level=DEBUG msg="Mazanie študenta" "registration number"=1000097 name=Martin surname=Nagy
time=2025-12-22T12:59:39.172+01:00 level=DEBUG msg="Mazanie študenta" "registration number"=1000098 name=Jozef surname=Matejovec
time=2025-12-22T12:59:39.185+01:00 level=DEBUG msg="Test vymazaný" "test ID"=17
time=2025-12-22T12:59:39.185+01:00 level=INFO msg="Vymazanie testu s ID" ID=17
time=2025-12-22T13:00:37.254+01:00 level=INFO msg="Kliknutie na tlačidlo Vytvoriť test"
time=2025-12-22T13:00:37.254+01:00 level=DEBUG msg="Preparsované číslo pocet otazok:" count=35
time=2025-12-22T13:01:04.543+01:00 level=INFO msg="Vybraný súbor" Path=/home/vbox/Downloads/test4opd.csv
time=2025-12-22T13:01:04.544+01:00 level=INFO msg="Kliknutie na tlačidlo Odoslať"
time=2025-12-22T13:01:04.544+01:00 level=DEBUG msg="Vytváranie testu" test=skusam cas=2024/25
time=2025-12-22T13:01:04.557+01:00 level=DEBUG msg="Vytváranie študenta" name=Jozef surname=Varga "registration number"=1000050
time=2025-12-22T13:01:04.564+01:00 level=DEBUG msg="Vytváranie študenta" name=Ján surname=Matejovec "registration number"=1000051
time=2025-12-22T13:01:04.570+01:00 level=DEBUG msg="Vytváranie študenta" name="Roman Alexander" surname=Kolesár "registration number"=1000052
time=2025-12-22T13:01:04.577+01:00 level=DEBUG msg="Vytváranie študenta" name=Ján surname=Novák "registration number"=1000053
time=2025-12-22T13:01:04.583+01:00 level=DEBUG msg="Vytváranie študenta" name=Martin surname=Mrkvička "registration number"=1000054
time=2025-12-22T13:01:04.589+01:00 level=DEBUG msg="Vytváranie študenta" name="Roman Alexander" surname=Kokavec "registration number"=1000055
time=2025-12-22T13:01:04.594+01:00 level=DEBUG msg="Vytváranie študenta" name=Nikola surname=Kováč "registration number"=1000056
time=2025-12-22T13:01:04.599+01:00 level=DEBUG msg="Vytváranie študenta" name=Jozef surname=Novák "registration number"=1000057
time=2025-12-22T13:01:04.605+01:00 level=DEBUG msg="Vytváranie študenta" name=Matúš surname=Matejovec "registration number"=1000058
time=2025-12-22T13:01:04.611+01:00 level=DEBUG msg="Vytváranie študenta" name=Nikola surname=Nagy "registration number"=1000059
time=2025-12-22T13:01:04.618+01:00 level=DEBUG msg="Vytváranie študenta" name=Martin surname=Varga "registration number"=1000060
time=2025-12-22T13:01:04.624+01:00 level=DEBUG msg="Vytváranie študenta" name=Monika surname=Kokavec "registration number"=1000061
time=2025-12-22T13:01:04.631+01:00 level=DEBUG msg="Vytváranie študenta" name=Monika surname=Štúr "registration number"=1000062
time=2025-12-22T13:01:04.638+01:00 level=DEBUG msg="Vytváranie študenta" name=Jozef surname=Horvát "registration number"=1000063
time=2025-12-22T13:01:04.645+01:00 level=DEBUG msg="Vytváranie študenta" name=Nikola surname=Štúr "registration number"=1000064
time=2025-12-22T13:01:04.651+01:00 level=DEBUG msg="Vytváranie študenta" name=Radoslav surname=Varga "registration number"=1000065
time=2025-12-22T13:01:04.658+01:00 level=DEBUG msg="Vytváranie študenta" name=Ondrej surname=Kolesár "registration number"=1000066
time=2025-12-22T13:01:04.665+01:00 level=DEBUG msg="Vytváranie študenta" name=Ondrej surname=Novák "registration number"=1000067
time=2025-12-22T13:01:04.671+01:00 level=DEBUG msg="Vytváranie študenta" name="Roman Alexander" surname=Mrkvička "registration number"=1000068
time=2025-12-22T13:01:04.678+01:00 level=DEBUG msg="Vytváranie študenta" name=Monika surname=Novák "registration number"=1000069
time=2025-12-22T13:01:04.684+01:00 level=DEBUG msg="Vytváranie študenta" name=Matúš surname=Matejovec "registration number"=1000070
time=2025-12-22T13:01:04.690+01:00 level=DEBUG msg="Vytváranie študenta" name=Matúš surname=Kováč "registration number"=1000071
time=2025-12-22T13:01:04.696+01:00 level=DEBUG msg="Vytváranie študenta" name=Martin surname=Nagy "registration number"=1000072
time=2025-12-22T13:01:04.702+01:00 level=DEBUG msg="Vytváranie študenta" name=Nikola surname=Novák "registration number"=1000073
time=2025-12-22T13:01:04.709+01:00 level=DEBUG msg="Vytváranie študenta" name="Roman Alexander" surname=Novák "registration number"=1000074
time=2025-12-22T13:01:04.715+01:00 level=DEBUG msg="Vytváranie študenta" name="Roman Alexander" surname=Kolesár "registration number"=1000075
time=2025-12-22T13:01:04.721+01:00 level=DEBUG msg="Vytváranie študenta" name=Ján surname=Novák "registration number"=1000076
time=2025-12-22T13:01:04.727+01:00 level=DEBUG msg="Vytváranie študenta" name=Ján surname=Šeliga "registration number"=1000077
time=2025-12-22T13:01:04.734+01:00 level=DEBUG msg="Vytváranie študenta" name=Martin surname=Štúr "registration number"=1000078
time=2025-12-22T13:01:04.740+01:00 level=DEBUG msg="Vytváranie študenta" name=Radoslav surname=Kolesár "registration number"=1000079
time=2025-12-22T13:01:04.746+01:00 level=DEBUG msg="Vytváranie študenta" name="Roman Alexander" surname=Nagy "registration number"=1000080
time=2025-12-22T13:01:04.753+01:00 level=DEBUG msg="Vytváranie študenta" name="Roman Alexander" surname=Matejovec "registration number"=1000081
time=2025-12-22T13:01:04.760+01:00 level=DEBUG msg="Vytváranie študenta" name=Matúš surname=Kováč "registration number"=1000082
time=2025-12-22T13:01:04.766+01:00 level=DEBUG msg="Vytváranie študenta" name=Nikola surname=Horvát "registration number"=1000083
time=2025-12-22T13:01:04.773+01:00 level=DEBUG msg="Vytváranie študenta" name=Jozef surname=Novák "registration number"=1000084
time=2025-12-22T13:01:04.779+01:00 level=DEBUG msg="Vytváranie študenta" name=František surname=Horvát "registration number"=1000085
time=2025-12-22T13:01:04.786+01:00 level=DEBUG msg="Vytváranie študenta" name=Timotej surname=Horvát "registration number"=1000086
time=2025-12-22T13:01:04.792+01:00 level=DEBUG msg="Vytváranie študenta" name=Ondrej surname=Horvát "registration number"=1000087
time=2025-12-22T13:01:04.798+01:00 level=DEBUG msg="Vytváranie študenta" name=Ema surname=Kokavec "registration number"=1000088
time=2025-12-22T13:01:04.804+01:00 level=DEBUG msg="Vytváranie študenta" name=Ondrej surname=Novák "registration number"=1000089
time=2025-12-22T13:01:04.810+01:00 level=DEBUG msg="Vytváranie študenta" name=František surname=Kokavec "registration number"=1000090
time=2025-12-22T13:01:04.817+01:00 level=DEBUG msg="Vytváranie študenta" name=Martin surname=Novák "registration number"=1000091
time=2025-12-22T13:01:04.823+01:00 level=DEBUG msg="Vytváranie študenta" name=Radoslav surname=Mrkvička "registration number"=1000092
time=2025-12-22T13:01:04.829+01:00 level=DEBUG msg="Vytváranie študenta" name=Radoslav surname=Varga "registration number"=1000093
time=2025-12-22T13:01:04.835+01:00 level=DEBUG msg="Vytváranie študenta" name=František surname=Nagy "registration number"=1000094
time=2025-12-22T13:01:04.841+01:00 level=DEBUG msg="Vytváranie študenta" name=František surname=Mrkvička "registration number"=1000095
time=2025-12-22T13:01:04.847+01:00 level=DEBUG msg="Vytváranie študenta" name=Vanesa surname=Kováč "registration number"=1000096
time=2025-12-22T13:01:04.853+01:00 level=DEBUG msg="Vytváranie študenta" name=Martin surname=Nagy "registration number"=1000097
time=2025-12-22T13:01:04.859+01:00 level=DEBUG msg="Vytváranie študenta" name=Jozef surname=Matejovec "registration number"=1000098
time=2025-12-22T13:01:04.865+01:00 level=INFO msg="Import študentov z CSV dokončený" studentCount=49
time=2025-12-22T13:01:04.865+01:00 level=INFO msg="Test bol úspešne vytvorený" examTitle=skusam examID=18 questionCount=35 optionCount=3
time=2025-12-22T13:01:54.808+01:00 level=DEBUG msg="Hľadanie testu" "ID testu"=18
time=2025-12-22T13:01:54.811+01:00 level=DEBUG msg="Test bol nájdený" test=skusam year=2024/25
time=2025-12-22T13:01:59.249+01:00 level=WARN msg="QR kód nebol nájdený, pokúšame sa získať registrationNumber zo záhlavia"
time=2025-12-22T13:01:59.300+01:00 level=INFO msg="Úspešne uložený obrázok" path=./assets/tmp/temp-header-image.png
time=2025-12-22T13:02:00.623+01:00 level=INFO msg="Súbor úspešne vymazaný" file_path=./assets/tmp/temp-header-image.png
time=2025-12-22T13:02:00.624+01:00 level=INFO msg="Registracne cislo bolo najdene z hlavicky" registrationNumber=1000026
time=2025-12-22T13:02:00.626+01:00 level=DEBUG msg="Hľadanie študenta" "registration number"=1000026 "exam ID"=18
time=2025-12-22T13:02:01.329+01:00 level=INFO msg="Id studenta bolo najdene z qr kodu" id=107
time=2025-12-22T13:02:01.330+01:00 level=DEBUG msg="Hľadanie študenta" id=107 "exam ID"=18
time=2025-12-22T13:02:02.095+01:00 level=INFO msg="Id studenta bolo najdene z qr kodu" id=121
time=2025-12-22T13:02:02.096+01:00 level=DEBUG msg="Hľadanie študenta" id=121 "exam ID"=18
time=2025-12-22T13:02:02.096+01:00 level=DEBUG msg="Študent nájdený" name="Roman Alexander" surname=Kokavec
time=2025-12-22T13:02:02.096+01:00 level=INFO msg="Našiel sa študent v databáze" studentID=121 name="Roman Alexander"
time=2025-12-22T13:02:02.141+01:00 level=INFO msg="Úspešne uložený obrázok" path=./assets/tmp/temp-image.png
time=2025-12-22T13:02:02.468+01:00 level=INFO msg="Question number" number=1
time=2025-12-22T13:02:02.472+01:00 level=INFO msg="Súbor úspešne vymazaný" file_path=./assets/tmp/temp-image.png
time=2025-12-22T13:02:02.482+01:00 level=DEBUG msg="Hľadanie študenta" id=121 "exam ID"=18
time=2025-12-22T13:02:02.483+01:00 level=DEBUG msg="Študent nájdený" name="Roman Alexander" surname=Kokavec
time=2025-12-22T13:02:02.483+01:00 level=DEBUG msg="Hľadanie testu" "ID testu"=18
time=2025-12-22T13:02:02.483+01:00 level=DEBUG msg="Test bol nájdený" test=skusam year=2024/25
time=2025-12-22T14:14:30.564+01:00 level=INFO msg=---------------------------------------------------
time=2025-12-22T14:14:30.566+01:00 level=INFO msg="Aplikácia spustená"
time=2025-12-22T14:14:30.566+01:00 level=INFO msg="Spúšťam migráciu databázy."
time=2025-12-22T14:14:30.566+01:00 level=DEBUG msg="Pripájam sa k databáze..."
time=2025-12-22T14:14:30.566+01:00 level=DEBUG msg="Spúšťam migrácie..."
time=2025-12-22T14:14:30.568+01:00 level=INFO msg="Migrácia databázy úspešne dokončená"
time=2025-12-22T14:14:30.568+01:00 level=INFO msg="Migrácia databázy dokončená."
time=2025-12-22T14:14:30.568+01:00 level=INFO msg="Spúšťam GUI."
time=2025-12-22T14:17:08.558+01:00 level=INFO msg=---------------------------------------------------
time=2025-12-22T14:17:08.558+01:00 level=INFO msg="Aplikácia spustená"
time=2025-12-22T14:17:08.558+01:00 level=INFO msg="Spúšťam migráciu databázy."
time=2025-12-22T14:17:08.558+01:00 level=DEBUG msg="Pripájam sa k databáze..."
time=2025-12-22T14:17:08.559+01:00 level=DEBUG msg="Spúšťam migrácie..."
time=2025-12-22T14:17:08.561+01:00 level=INFO msg="Migrácia databázy úspešne dokončená"
time=2025-12-22T14:17:08.561+01:00 level=INFO msg="Migrácia databázy dokončená."
time=2025-12-22T14:17:08.561+01:00 level=INFO msg="Spúšťam GUI."
time=2025-12-22T14:17:30.588+01:00 level=DEBUG msg="Current working directory" working_directory=/home/vbox/ScanEvalApp
time=2025-12-22T14:17:30.589+01:00 level=DEBUG msg="Starting PDF generation" exam_id=18
time=2025-12-22T14:17:30.590+01:00 level=DEBUG msg="Exam details loaded" exam_id=18 exam_title=skusam option_count=3 question_count=35
time=2025-12-22T14:17:30.590+01:00 level=DEBUG msg="GetTemplatePath called" input_option_count=3
time=2025-12-22T14:17:30.590+01:00 level=DEBUG msg="Template path construction" template_file=template_3.tex base_path=./assets/latex/templates/ full_path=assets/latex/templates/template_3.tex
time=2025-12-22T14:17:30.590+01:00 level=DEBUG msg="GetTemplatePath result" absolute_path=/home/vbox/ScanEvalApp/assets/latex/templates/template_3.tex
time=2025-12-22T14:17:30.590+01:00 level=DEBUG msg="=== TEMPLATE PATH DEBUGGING ==="
time=2025-12-22T14:17:30.590+01:00 level=DEBUG msg="Template path result" template_path=/home/vbox/ScanEvalApp/assets/latex/templates/template_3.tex input_option_count=3
time=2025-12-22T14:17:30.591+01:00 level=INFO msg="=== TEMPLATE FILE FOUND ===" template_path=/home/vbox/ScanEvalApp/assets/latex/templates/template_3.tex file_size=3110 file_mod_time=2025-11-20T20:08:55.156+01:00
time=2025-12-22T14:17:30.591+01:00 level=INFO msg="Using template" template_path=/home/vbox/ScanEvalApp/assets/latex/templates/template_3.tex option_count=3
time=2025-12-22T14:17:30.591+01:00 level=DEBUG msg="Starting parallel PDF generation" option_count=3 template_path=/home/vbox/ScanEvalApp/assets/latex/templates/template_3.tex num_rooms=2
time=2025-12-22T14:17:30.591+01:00 level=INFO msg="Processing students in room" room=A300
time=2025-12-22T14:17:30.591+01:00 level=DEBUG msg="Found students for room" room=A300 num_students=25
time=2025-12-22T14:17:30.592+01:00 level=DEBUG msg="Reading template file for student" student_id=140 template_path=/home/vbox/ScanEvalApp/assets/latex/templates/template_3.tex
time=2025-12-22T14:17:30.592+01:00 level=DEBUG msg="Successfully read template" student_id=140 template_size_bytes=3110
time=2025-12-22T14:17:30.592+01:00 level=DEBUG msg="Reading template file for student" student_id=127 template_path=/home/vbox/ScanEvalApp/assets/latex/templates/template_3.tex
time=2025-12-22T14:17:30.593+01:00 level=DEBUG msg="Successfully read template" student_id=127 template_size_bytes=3110
time=2025-12-22T14:17:30.593+01:00 level=DEBUG msg="Reading template file for student" student_id=117 template_path=/home/vbox/ScanEvalApp/assets/latex/templates/template_3.tex
time=2025-12-22T14:17:30.593+01:00 level=DEBUG msg="Successfully read template" student_id=117 template_size_bytes=3110
time=2025-12-22T14:17:30.593+01:00 level=DEBUG msg="Reading template file for student" student_id=118 template_path=/home/vbox/ScanEvalApp/assets/latex/templates/template_3.tex
time=2025-12-22T14:17:30.593+01:00 level=DEBUG msg="Successfully read template" student_id=118 template_size_bytes=3110
time=2025-12-22T14:17:30.594+01:00 level=DEBUG msg="Template replacement completed" student_id=127 original_template_size=3110 updated_latex_size=3088
time=2025-12-22T14:17:30.594+01:00 level=DEBUG msg="Generated LaTeX sample (first 200 chars):" student_id=127 sample="\\documentclass[12pt]{article}\n\\usepackage{tikz}\n\\usepackage{subfig}\n\\usepackage{graphicx}\n\\usepackage{xcolor}\n\\usepackage[margin=1.0in]{geometry}\n\\usepackage{fancyhdr}\n\\usepackage{pgf}\n\\usepackage{qrc"
time=2025-12-22T14:17:30.594+01:00 level=INFO msg="LaTeX file created" file_path=./assets/tmp/395798939.tex
time=2025-12-22T14:17:30.594+01:00 level=DEBUG msg="Reading template file for student" student_id=120 template_path=/home/vbox/ScanEvalApp/assets/latex/templates/template_3.tex
time=2025-12-22T14:17:30.594+01:00 level=DEBUG msg="Successfully read template" student_id=120 template_size_bytes=3110
time=2025-12-22T14:17:30.594+01:00 level=DEBUG msg="LaTeX content saved for debugging" debug_file=assets/tmp/latex_output2595445969/debug_latex.tex
time=2025-12-22T14:17:30.594+01:00 level=DEBUG msg="Template replacement completed" student_id=120 original_template_size=3110 updated_latex_size=3090
time=2025-12-22T14:17:30.594+01:00 level=DEBUG msg="Generated LaTeX sample (first 200 chars):" student_id=120 sample="\\documentclass[12pt]{article}\n\\usepackage{tikz}\n\\usepackage{subfig}\n\\usepackage{graphicx}\n\\usepackage{xcolor}\n\\usepackage[margin=1.0in]{geometry}\n\\usepackage{fancyhdr}\n\\usepackage{pgf}\n\\usepackage{qrc"
time=2025-12-22T14:17:30.594+01:00 level=DEBUG msg="Reading template file for student" student_id=128 template_path=/home/vbox/ScanEvalApp/assets/latex/templates/template_3.tex
time=2025-12-22T14:17:30.594+01:00 level=INFO msg="LaTeX file created" file_path=./assets/tmp/3122553792.tex
time=2025-12-22T14:17:30.594+01:00 level=DEBUG msg="Successfully read template" student_id=128 template_size_bytes=3110
time=2025-12-22T14:17:30.594+01:00 level=DEBUG msg="LaTeX content saved for debugging" debug_file=assets/tmp/latex_output3158113979/debug_latex.tex
time=2025-12-22T14:17:30.594+01:00 level=DEBUG msg="Template replacement completed" student_id=128 original_template_size=3110 updated_latex_size=3087
time=2025-12-22T14:17:30.594+01:00 level=DEBUG msg="Generated LaTeX sample (first 200 chars):" student_id=128 sample="\\documentclass[12pt]{article}\n\\usepackage{tikz}\n\\usepackage{subfig}\n\\usepackage{graphicx}\n\\usepackage{xcolor}\n\\usepackage[margin=1.0in]{geometry}\n\\usepackage{fancyhdr}\n\\usepackage{pgf}\n\\usepackage{qrc"
time=2025-12-22T14:17:30.594+01:00 level=INFO msg="LaTeX file created" file_path=./assets/tmp/2496970427.tex
time=2025-12-22T14:17:30.594+01:00 level=DEBUG msg="LaTeX content saved for debugging" debug_file=assets/tmp/latex_output3643925705/debug_latex.tex
time=2025-12-22T14:17:30.595+01:00 level=DEBUG msg="Reading template file for student" student_id=121 template_path=/home/vbox/ScanEvalApp/assets/latex/templates/template_3.tex
time=2025-12-22T14:17:30.595+01:00 level=DEBUG msg="Successfully read template" student_id=121 template_size_bytes=3110
time=2025-12-22T14:17:30.595+01:00 level=DEBUG msg="Template replacement completed" student_id=121 original_template_size=3110 updated_latex_size=3097
time=2025-12-22T14:17:30.595+01:00 level=DEBUG msg="Generated LaTeX sample (first 200 chars):" student_id=121 sample="\\documentclass[12pt]{article}\n\\usepackage{tikz}\n\\usepackage{subfig}\n\\usepackage{graphicx}\n\\usepackage{xcolor}\n\\usepackage[margin=1.0in]{geometry}\n\\usepackage{fancyhdr}\n\\usepackage{pgf}\n\\usepackage{qrc"
time=2025-12-22T14:17:30.595+01:00 level=INFO msg="LaTeX file created" file_path=./assets/tmp/2715892569.tex
time=2025-12-22T14:17:30.595+01:00 level=DEBUG msg="LaTeX content saved for debugging" debug_file=assets/tmp/latex_output2483992529/debug_latex.tex
time=2025-12-22T14:17:30.595+01:00 level=DEBUG msg="Reading template file for student" student_id=122 template_path=/home/vbox/ScanEvalApp/assets/latex/templates/template_3.tex
time=2025-12-22T14:17:30.595+01:00 level=DEBUG msg="Reading template file for student" student_id=129 template_path=/home/vbox/ScanEvalApp/assets/latex/templates/template_3.tex
time=2025-12-22T14:17:30.595+01:00 level=DEBUG msg="Successfully read template" student_id=129 template_size_bytes=3110
time=2025-12-22T14:17:30.595+01:00 level=DEBUG msg="Reading template file for student" student_id=123 template_path=/home/vbox/ScanEvalApp/assets/latex/templates/template_3.tex
time=2025-12-22T14:17:30.595+01:00 level=DEBUG msg="Successfully read template" student_id=123 template_size_bytes=3110
time=2025-12-22T14:17:30.595+01:00 level=DEBUG msg="Reading template file for student" student_id=124 template_path=/home/vbox/ScanEvalApp/assets/latex/templates/template_3.tex
time=2025-12-22T14:17:30.596+01:00 level=DEBUG msg="Reading template file for student" student_id=125 template_path=/home/vbox/ScanEvalApp/assets/latex/templates/template_3.tex
time=2025-12-22T14:17:30.596+01:00 level=DEBUG msg="Successfully read template" student_id=125 template_size_bytes=3110
time=2025-12-22T14:17:30.593+01:00 level=DEBUG msg="Reading template file for student" student_id=116 template_path=/home/vbox/ScanEvalApp/assets/latex/templates/template_3.tex
time=2025-12-22T14:17:30.596+01:00 level=DEBUG msg="Template replacement completed" student_id=125 original_template_size=3110 updated_latex_size=3085
time=2025-12-22T14:17:30.596+01:00 level=DEBUG msg="Reading template file for student" student_id=136 template_path=/home/vbox/ScanEvalApp/assets/latex/templates/template_3.tex
time=2025-12-22T14:17:30.596+01:00 level=DEBUG msg="Reading template file for student" student_id=126 template_path=/home/vbox/ScanEvalApp/assets/latex/templates/template_3.tex
time=2025-12-22T14:17:30.596+01:00 level=DEBUG msg="Successfully read template" student_id=126 template_size_bytes=3110
time=2025-12-22T14:17:30.596+01:00 level=DEBUG msg="Successfully read template" student_id=116 template_size_bytes=3110
time=2025-12-22T14:17:30.594+01:00 level=DEBUG msg="Template replacement completed" student_id=118 original_template_size=3110 updated_latex_size=3098
time=2025-12-22T14:17:30.596+01:00 level=DEBUG msg="Generated LaTeX sample (first 200 chars):" student_id=118 sample="\\documentclass[12pt]{article}\n\\usepackage{tikz}\n\\usepackage{subfig}\n\\usepackage{graphicx}\n\\usepackage{xcolor}\n\\usepackage[margin=1.0in]{geometry}\n\\usepackage{fancyhdr}\n\\usepackage{pgf}\n\\usepackage{qrc"
time=2025-12-22T14:17:30.597+01:00 level=INFO msg="LaTeX file created" file_path=./assets/tmp/2096831504.tex
time=2025-12-22T14:17:30.595+01:00 level=DEBUG msg="Template replacement completed" student_id=129 original_template_size=3110 updated_latex_size=3087
time=2025-12-22T14:17:30.595+01:00 level=DEBUG msg="Reading template file for student" student_id=134 template_path=/home/vbox/ScanEvalApp/assets/latex/templates/template_3.tex
time=2025-12-22T14:17:30.595+01:00 level=DEBUG msg="Reading template file for student" student_id=130 template_path=/home/vbox/ScanEvalApp/assets/latex/templates/template_3.tex
time=2025-12-22T14:17:30.595+01:00 level=DEBUG msg="Reading template file for student" student_id=131 template_path=/home/vbox/ScanEvalApp/assets/latex/templates/template_3.tex
time=2025-12-22T14:17:30.595+01:00 level=DEBUG msg="Reading template file for student" student_id=132 template_path=/home/vbox/ScanEvalApp/assets/latex/templates/template_3.tex
time=2025-12-22T14:17:30.595+01:00 level=DEBUG msg="Reading template file for student" student_id=133 template_path=/home/vbox/ScanEvalApp/assets/latex/templates/template_3.tex
time=2025-12-22T14:17:30.594+01:00 level=DEBUG msg="Reading template file for student" student_id=119 template_path=/home/vbox/ScanEvalApp/assets/latex/templates/template_3.tex
time=2025-12-22T14:17:30.596+01:00 level=DEBUG msg="Reading template file for student" student_id=135 template_path=/home/vbox/ScanEvalApp/assets/latex/templates/template_3.tex
time=2025-12-22T14:17:30.596+01:00 level=DEBUG msg="Generated LaTeX sample (first 200 chars):" student_id=125 sample="\\documentclass[12pt]{article}\n\\usepackage{tikz}\n\\usepackage{subfig}\n\\usepackage{graphicx}\n\\usepackage{xcolor}\n\\usepackage[margin=1.0in]{geometry}\n\\usepackage{fancyhdr}\n\\usepackage{pgf}\n\\usepackage{qrc"
time=2025-12-22T14:17:30.596+01:00 level=DEBUG msg="Successfully read template" student_id=136 template_size_bytes=3110
time=2025-12-22T14:17:30.598+01:00 level=DEBUG msg="Successfully read template" student_id=122 template_size_bytes=3110
time=2025-12-22T14:17:30.598+01:00 level=DEBUG msg="Template replacement completed" student_id=122 original_template_size=3110 updated_latex_size=3088
time=2025-12-22T14:17:30.598+01:00 level=DEBUG msg="Generated LaTeX sample (first 200 chars):" student_id=122 sample="\\documentclass[12pt]{article}\n\\usepackage{tikz}\n\\usepackage{subfig}\n\\usepackage{graphicx}\n\\usepackage{xcolor}\n\\usepackage[margin=1.0in]{geometry}\n\\usepackage{fancyhdr}\n\\usepackage{pgf}\n\\usepackage{qrc"
time=2025-12-22T14:17:30.598+01:00 level=DEBUG msg="Running pdflatex command" command="/usr/bin/pdflatex -interaction=nonstopmode -halt-on-error -output-directory ./assets/tmp/latex_output2483992529 ./assets/tmp/2715892569.tex"
time=2025-12-22T14:17:30.598+01:00 level=INFO msg="LaTeX file created" file_path=./assets/tmp/2501311377.tex
time=2025-12-22T14:17:30.598+01:00 level=DEBUG msg="LaTeX content saved for debugging" debug_file=assets/tmp/latex_output1616770971/debug_latex.tex
time=2025-12-22T14:17:30.598+01:00 level=DEBUG msg="Running pdflatex command" command="/usr/bin/pdflatex -interaction=nonstopmode -halt-on-error -output-directory ./assets/tmp/latex_output1616770971 ./assets/tmp/2501311377.tex"
time=2025-12-22T14:17:30.598+01:00 level=DEBUG msg="Template replacement completed" student_id=140 original_template_size=3110 updated_latex_size=3096
time=2025-12-22T14:17:30.598+01:00 level=DEBUG msg="Generated LaTeX sample (first 200 chars):" student_id=140 sample="\\documentclass[12pt]{article}\n\\usepackage{tikz}\n\\usepackage{subfig}\n\\usepackage{graphicx}\n\\usepackage{xcolor}\n\\usepackage[margin=1.0in]{geometry}\n\\usepackage{fancyhdr}\n\\usepackage{pgf}\n\\usepackage{qrc"
time=2025-12-22T14:17:30.598+01:00 level=INFO msg="LaTeX file created" file_path=./assets/tmp/1357278170.tex
time=2025-12-22T14:17:30.598+01:00 level=DEBUG msg="LaTeX content saved for debugging" debug_file=assets/tmp/latex_output401579209/debug_latex.tex
time=2025-12-22T14:17:30.598+01:00 level=DEBUG msg="Running pdflatex command" command="/usr/bin/pdflatex -interaction=nonstopmode -halt-on-error -output-directory ./assets/tmp/latex_output401579209 ./assets/tmp/1357278170.tex"
time=2025-12-22T14:17:30.599+01:00 level=DEBUG msg="Reading template file for student" student_id=137 template_path=/home/vbox/ScanEvalApp/assets/latex/templates/template_3.tex
time=2025-12-22T14:17:30.599+01:00 level=DEBUG msg="Successfully read template" student_id=137 template_size_bytes=3110
time=2025-12-22T14:17:30.599+01:00 level=DEBUG msg="Template replacement completed" student_id=137 original_template_size=3110 updated_latex_size=3089
time=2025-12-22T14:17:30.599+01:00 level=DEBUG msg="Generated LaTeX sample (first 200 chars):" student_id=137 sample="\\documentclass[12pt]{article}\n\\usepackage{tikz}\n\\usepackage{subfig}\n\\usepackage{graphicx}\n\\usepackage{xcolor}\n\\usepackage[margin=1.0in]{geometry}\n\\usepackage{fancyhdr}\n\\usepackage{pgf}\n\\usepackage{qrc"
time=2025-12-22T14:17:30.599+01:00 level=INFO msg="LaTeX file created" file_path=./assets/tmp/526622275.tex
time=2025-12-22T14:17:30.599+01:00 level=DEBUG msg="LaTeX content saved for debugging" debug_file=assets/tmp/latex_output2958752016/debug_latex.tex
time=2025-12-22T14:17:30.599+01:00 level=DEBUG msg="Running pdflatex command" command="/usr/bin/pdflatex -interaction=nonstopmode -halt-on-error -output-directory ./assets/tmp/latex_output2958752016 ./assets/tmp/526622275.tex"
time=2025-12-22T14:17:30.601+01:00 level=DEBUG msg="LaTeX content saved for debugging" debug_file=assets/tmp/latex_output2853659568/debug_latex.tex
time=2025-12-22T14:17:30.601+01:00 level=DEBUG msg="Running pdflatex command" command="/usr/bin/pdflatex -interaction=nonstopmode -halt-on-error -output-directory ./assets/tmp/latex_output2853659568 ./assets/tmp/2096831504.tex"
time=2025-12-22T14:17:30.601+01:00 level=DEBUG msg="Reading template file for student" student_id=138 template_path=/home/vbox/ScanEvalApp/assets/latex/templates/template_3.tex
time=2025-12-22T14:17:30.601+01:00 level=DEBUG msg="Successfully read template" student_id=138 template_size_bytes=3110
time=2025-12-22T14:17:30.601+01:00 level=DEBUG msg="Template replacement completed" student_id=123 original_template_size=3110 updated_latex_size=3086
time=2025-12-22T14:17:30.601+01:00 level=DEBUG msg="Generated LaTeX sample (first 200 chars):" student_id=123 sample="\\documentclass[12pt]{article}\n\\usepackage{tikz}\n\\usepackage{subfig}\n\\usepackage{graphicx}\n\\usepackage{xcolor}\n\\usepackage[margin=1.0in]{geometry}\n\\usepackage{fancyhdr}\n\\usepackage{pgf}\n\\usepackage{qrc"
time=2025-12-22T14:17:30.602+01:00 level=DEBUG msg="Template replacement completed" student_id=138 original_template_size=3110 updated_latex_size=3085
time=2025-12-22T14:17:30.602+01:00 level=DEBUG msg="Generated LaTeX sample (first 200 chars):" student_id=138 sample="\\documentclass[12pt]{article}\n\\usepackage{tikz}\n\\usepackage{subfig}\n\\usepackage{graphicx}\n\\usepackage{xcolor}\n\\usepackage[margin=1.0in]{geometry}\n\\usepackage{fancyhdr}\n\\usepackage{pgf}\n\\usepackage{qrc"
time=2025-12-22T14:17:30.602+01:00 level=INFO msg="LaTeX file created" file_path=./assets/tmp/4254661596.tex
time=2025-12-22T14:17:30.602+01:00 level=DEBUG msg="LaTeX content saved for debugging" debug_file=assets/tmp/latex_output1785584165/debug_latex.tex
time=2025-12-22T14:17:30.602+01:00 level=DEBUG msg="Running pdflatex command" command="/usr/bin/pdflatex -interaction=nonstopmode -halt-on-error -output-directory ./assets/tmp/latex_output1785584165 ./assets/tmp/4254661596.tex"
time=2025-12-22T14:17:30.603+01:00 level=INFO msg="LaTeX file created" file_path=./assets/tmp/822655285.tex
time=2025-12-22T14:17:30.603+01:00 level=DEBUG msg="LaTeX content saved for debugging" debug_file=assets/tmp/latex_output2744027169/debug_latex.tex
time=2025-12-22T14:17:30.603+01:00 level=DEBUG msg="Running pdflatex command" command="/usr/bin/pdflatex -interaction=nonstopmode -halt-on-error -output-directory ./assets/tmp/latex_output2744027169 ./assets/tmp/822655285.tex"
time=2025-12-22T14:17:30.604+01:00 level=DEBUG msg="Successfully read template" student_id=135 template_size_bytes=3110
time=2025-12-22T14:17:30.604+01:00 level=DEBUG msg="Successfully read template" student_id=134 template_size_bytes=3110
time=2025-12-22T14:17:30.604+01:00 level=DEBUG msg="Template replacement completed" student_id=135 original_template_size=3110 updated_latex_size=3087
time=2025-12-22T14:17:30.604+01:00 level=DEBUG msg="Template replacement completed" student_id=134 original_template_size=3110 updated_latex_size=3099
time=2025-12-22T14:17:30.604+01:00 level=DEBUG msg="Generated LaTeX sample (first 200 chars):" student_id=135 sample="\\documentclass[12pt]{article}\n\\usepackage{tikz}\n\\usepackage{subfig}\n\\usepackage{graphicx}\n\\usepackage{xcolor}\n\\usepackage[margin=1.0in]{geometry}\n\\usepackage{fancyhdr}\n\\usepackage{pgf}\n\\usepackage{qrc"
time=2025-12-22T14:17:30.604+01:00 level=DEBUG msg="Generated LaTeX sample (first 200 chars):" student_id=134 sample="\\documentclass[12pt]{article}\n\\usepackage{tikz}\n\\usepackage{subfig}\n\\usepackage{graphicx}\n\\usepackage{xcolor}\n\\usepackage[margin=1.0in]{geometry}\n\\usepackage{fancyhdr}\n\\usepackage{pgf}\n\\usepackage{qrc"
time=2025-12-22T14:17:30.604+01:00 level=INFO msg="LaTeX file created" file_path=./assets/tmp/2306598883.tex
time=2025-12-22T14:17:30.604+01:00 level=INFO msg="LaTeX file created" file_path=./assets/tmp/841015554.tex
time=2025-12-22T14:17:30.604+01:00 level=DEBUG msg="LaTeX content saved for debugging" debug_file=assets/tmp/latex_output1078831850/debug_latex.tex
time=2025-12-22T14:17:30.604+01:00 level=DEBUG msg="Running pdflatex command" command="/usr/bin/pdflatex -interaction=nonstopmode -halt-on-error -output-directory ./assets/tmp/latex_output1078831850 ./assets/tmp/2306598883.tex"
time=2025-12-22T14:17:30.605+01:00 level=DEBUG msg="Successfully read template" student_id=130 template_size_bytes=3110
time=2025-12-22T14:17:30.605+01:00 level=DEBUG msg="Template replacement completed" student_id=130 original_template_size=3110 updated_latex_size=3087
time=2025-12-22T14:17:30.605+01:00 level=DEBUG msg="Generated LaTeX sample (first 200 chars):" student_id=130 sample="\\documentclass[12pt]{article}\n\\usepackage{tikz}\n\\usepackage{subfig}\n\\usepackage{graphicx}\n\\usepackage{xcolor}\n\\usepackage[margin=1.0in]{geometry}\n\\usepackage{fancyhdr}\n\\usepackage{pgf}\n\\usepackage{qrc"
time=2025-12-22T14:17:30.605+01:00 level=INFO msg="LaTeX file created" file_path=./assets/tmp/1013472824.tex
time=2025-12-22T14:17:30.605+01:00 level=DEBUG msg="LaTeX content saved for debugging" debug_file=assets/tmp/latex_output2064087577/debug_latex.tex
time=2025-12-22T14:17:30.605+01:00 level=DEBUG msg="Running pdflatex command" command="/usr/bin/pdflatex -interaction=nonstopmode -halt-on-error -output-directory ./assets/tmp/latex_output2064087577 ./assets/tmp/1013472824.tex"
time=2025-12-22T14:17:30.608+01:00 level=DEBUG msg="Reading template file for student" student_id=139 template_path=/home/vbox/ScanEvalApp/assets/latex/templates/template_3.tex
time=2025-12-22T14:17:30.608+01:00 level=DEBUG msg="Successfully read template" student_id=139 template_size_bytes=3110
time=2025-12-22T14:17:30.608+01:00 level=DEBUG msg="Template replacement completed" student_id=139 original_template_size=3110 updated_latex_size=3087
time=2025-12-22T14:17:30.608+01:00 level=DEBUG msg="Generated LaTeX sample (first 200 chars):" student_id=139 sample="\\documentclass[12pt]{article}\n\\usepackage{tikz}\n\\usepackage{subfig}\n\\usepackage{graphicx}\n\\usepackage{xcolor}\n\\usepackage[margin=1.0in]{geometry}\n\\usepackage{fancyhdr}\n\\usepackage{pgf}\n\\usepackage{qrc"
time=2025-12-22T14:17:30.608+01:00 level=INFO msg="LaTeX file created" file_path=./assets/tmp/2521851495.tex
time=2025-12-22T14:17:30.608+01:00 level=INFO msg="LaTeX file created" file_path=./assets/tmp/1058866863.tex
time=2025-12-22T14:17:30.608+01:00 level=DEBUG msg="LaTeX content saved for debugging" debug_file=assets/tmp/latex_output3344201552/debug_latex.tex
time=2025-12-22T14:17:30.608+01:00 level=DEBUG msg="Running pdflatex command" command="/usr/bin/pdflatex -interaction=nonstopmode -halt-on-error -output-directory ./assets/tmp/latex_output3344201552 ./assets/tmp/2521851495.tex"
time=2025-12-22T14:17:30.608+01:00 level=DEBUG msg="LaTeX content saved for debugging" debug_file=assets/tmp/latex_output4107354955/debug_latex.tex
time=2025-12-22T14:17:30.608+01:00 level=DEBUG msg="Running pdflatex command" command="/usr/bin/pdflatex -interaction=nonstopmode -halt-on-error -output-directory ./assets/tmp/latex_output4107354955 ./assets/tmp/1058866863.tex"
time=2025-12-22T14:17:30.609+01:00 level=DEBUG msg="Template replacement completed" student_id=136 original_template_size=3110 updated_latex_size=3091
time=2025-12-22T14:17:30.609+01:00 level=DEBUG msg="Generated LaTeX sample (first 200 chars):" student_id=136 sample="\\documentclass[12pt]{article}\n\\usepackage{tikz}\n\\usepackage{subfig}\n\\usepackage{graphicx}\n\\usepackage{xcolor}\n\\usepackage[margin=1.0in]{geometry}\n\\usepackage{fancyhdr}\n\\usepackage{pgf}\n\\usepackage{qrc"
time=2025-12-22T14:17:30.598+01:00 level=DEBUG msg="Template replacement completed" student_id=126 original_template_size=3110 updated_latex_size=3086
time=2025-12-22T14:17:30.610+01:00 level=DEBUG msg="Generated LaTeX sample (first 200 chars):" student_id=126 sample="\\documentclass[12pt]{article}\n\\usepackage{tikz}\n\\usepackage{subfig}\n\\usepackage{graphicx}\n\\usepackage{xcolor}\n\\usepackage[margin=1.0in]{geometry}\n\\usepackage{fancyhdr}\n\\usepackage{pgf}\n\\usepackage{qrc"
time=2025-12-22T14:17:30.610+01:00 level=INFO msg="LaTeX file created" file_path=./assets/tmp/1926443481.tex
time=2025-12-22T14:17:30.610+01:00 level=DEBUG msg="Successfully read template" student_id=131 template_size_bytes=3110
time=2025-12-22T14:17:30.604+01:00 level=DEBUG msg="Successfully read template" student_id=119 template_size_bytes=3110
time=2025-12-22T14:17:30.611+01:00 level=DEBUG msg="Template replacement completed" student_id=119 original_template_size=3110 updated_latex_size=3085
time=2025-12-22T14:17:30.611+01:00 level=DEBUG msg="Generated LaTeX sample (first 200 chars):" student_id=119 sample="\\documentclass[12pt]{article}\n\\usepackage{tikz}\n\\usepackage{subfig}\n\\usepackage{graphicx}\n\\usepackage{xcolor}\n\\usepackage[margin=1.0in]{geometry}\n\\usepackage{fancyhdr}\n\\usepackage{pgf}\n\\usepackage{qrc"
time=2025-12-22T14:17:30.611+01:00 level=INFO msg="LaTeX file created" file_path=./assets/tmp/3885045649.tex
time=2025-12-22T14:17:30.611+01:00 level=DEBUG msg="LaTeX content saved for debugging" debug_file=assets/tmp/latex_output4103239133/debug_latex.tex
time=2025-12-22T14:17:30.611+01:00 level=DEBUG msg="Running pdflatex command" command="/usr/bin/pdflatex -interaction=nonstopmode -halt-on-error -output-directory ./assets/tmp/latex_output4103239133 ./assets/tmp/3885045649.tex"
time=2025-12-22T14:17:30.612+01:00 level=DEBUG msg="Template replacement completed" student_id=131 original_template_size=3110 updated_latex_size=3088
time=2025-12-22T14:17:30.612+01:00 level=DEBUG msg="Generated LaTeX sample (first 200 chars):" student_id=131 sample="\\documentclass[12pt]{article}\n\\usepackage{tikz}\n\\usepackage{subfig}\n\\usepackage{graphicx}\n\\usepackage{xcolor}\n\\usepackage[margin=1.0in]{geometry}\n\\usepackage{fancyhdr}\n\\usepackage{pgf}\n\\usepackage{qrc"
time=2025-12-22T14:17:30.612+01:00 level=INFO msg="LaTeX file created" file_path=./assets/tmp/455037418.tex
time=2025-12-22T14:17:30.612+01:00 level=DEBUG msg="LaTeX content saved for debugging" debug_file=assets/tmp/latex_output4128009713/debug_latex.tex
time=2025-12-22T14:17:30.612+01:00 level=DEBUG msg="Running pdflatex command" command="/usr/bin/pdflatex -interaction=nonstopmode -halt-on-error -output-directory ./assets/tmp/latex_output4128009713 ./assets/tmp/455037418.tex"
time=2025-12-22T14:17:30.615+01:00 level=INFO msg="LaTeX file created" file_path=./assets/tmp/2096537664.tex
time=2025-12-22T14:17:30.615+01:00 level=DEBUG msg="LaTeX content saved for debugging" debug_file=assets/tmp/latex_output4194999751/debug_latex.tex
time=2025-12-22T14:17:30.615+01:00 level=DEBUG msg="Running pdflatex command" command="/usr/bin/pdflatex -interaction=nonstopmode -halt-on-error -output-directory ./assets/tmp/latex_output4194999751 ./assets/tmp/2096537664.tex"
time=2025-12-22T14:17:30.619+01:00 level=DEBUG msg="LaTeX content saved for debugging" debug_file=assets/tmp/latex_output2977484531/debug_latex.tex
time=2025-12-22T14:17:30.619+01:00 level=DEBUG msg="Running pdflatex command" command="/usr/bin/pdflatex -interaction=nonstopmode -halt-on-error -output-directory ./assets/tmp/latex_output2977484531 ./assets/tmp/841015554.tex"
time=2025-12-22T14:17:30.598+01:00 level=DEBUG msg="Successfully read template" student_id=124 template_size_bytes=3110
time=2025-12-22T14:17:30.621+01:00 level=DEBUG msg="Template replacement completed" student_id=124 original_template_size=3110 updated_latex_size=3091
time=2025-12-22T14:17:30.621+01:00 level=DEBUG msg="Generated LaTeX sample (first 200 chars):" student_id=124 sample="\\documentclass[12pt]{article}\n\\usepackage{tikz}\n\\usepackage{subfig}\n\\usepackage{graphicx}\n\\usepackage{xcolor}\n\\usepackage[margin=1.0in]{geometry}\n\\usepackage{fancyhdr}\n\\usepackage{pgf}\n\\usepackage{qrc"
time=2025-12-22T14:17:30.622+01:00 level=INFO msg="LaTeX file created" file_path=./assets/tmp/744831093.tex
time=2025-12-22T14:17:30.622+01:00 level=DEBUG msg="LaTeX content saved for debugging" debug_file=assets/tmp/latex_output3838081541/debug_latex.tex
time=2025-12-22T14:17:30.622+01:00 level=DEBUG msg="Running pdflatex command" command="/usr/bin/pdflatex -interaction=nonstopmode -halt-on-error -output-directory ./assets/tmp/latex_output3838081541 ./assets/tmp/744831093.tex"
time=2025-12-22T14:17:30.610+01:00 level=DEBUG msg="LaTeX content saved for debugging" debug_file=assets/tmp/latex_output3071552559/debug_latex.tex
time=2025-12-22T14:17:30.598+01:00 level=DEBUG msg="Template replacement completed" student_id=116 original_template_size=3110 updated_latex_size=3085
time=2025-12-22T14:17:30.623+01:00 level=DEBUG msg="Generated LaTeX sample (first 200 chars):" student_id=116 sample="\\documentclass[12pt]{article}\n\\usepackage{tikz}\n\\usepackage{subfig}\n\\usepackage{graphicx}\n\\usepackage{xcolor}\n\\usepackage[margin=1.0in]{geometry}\n\\usepackage{fancyhdr}\n\\usepackage{pgf}\n\\usepackage{qrc"
time=2025-12-22T14:17:30.598+01:00 level=DEBUG msg="Running pdflatex command" command="/usr/bin/pdflatex -interaction=nonstopmode -halt-on-error -output-directory ./assets/tmp/latex_output3158113979 ./assets/tmp/3122553792.tex"
time=2025-12-22T14:17:30.598+01:00 level=DEBUG msg="Running pdflatex command" command="/usr/bin/pdflatex -interaction=nonstopmode -halt-on-error -output-directory ./assets/tmp/latex_output3643925705 ./assets/tmp/2496970427.tex"
time=2025-12-22T14:17:30.624+01:00 level=DEBUG msg="Running pdflatex command" command="/usr/bin/pdflatex -interaction=nonstopmode -halt-on-error -output-directory ./assets/tmp/latex_output3071552559 ./assets/tmp/1926443481.tex"
time=2025-12-22T14:17:30.604+01:00 level=DEBUG msg="Generated LaTeX sample (first 200 chars):" student_id=129 sample="\\documentclass[12pt]{article}\n\\usepackage{tikz}\n\\usepackage{subfig}\n\\usepackage{graphicx}\n\\usepackage{xcolor}\n\\usepackage[margin=1.0in]{geometry}\n\\usepackage{fancyhdr}\n\\usepackage{pgf}\n\\usepackage{qrc"
time=2025-12-22T14:17:30.626+01:00 level=INFO msg="LaTeX file created" file_path=./assets/tmp/2534122037.tex
time=2025-12-22T14:17:30.626+01:00 level=DEBUG msg="LaTeX content saved for debugging" debug_file=assets/tmp/latex_output4226755264/debug_latex.tex
time=2025-12-22T14:17:30.626+01:00 level=DEBUG msg="Running pdflatex command" command="/usr/bin/pdflatex -interaction=nonstopmode -halt-on-error -output-directory ./assets/tmp/latex_output4226755264 ./assets/tmp/2534122037.tex"
time=2025-12-22T14:17:30.598+01:00 level=DEBUG msg="Template replacement completed" student_id=117 original_template_size=3110 updated_latex_size=3088
time=2025-12-22T14:17:30.627+01:00 level=DEBUG msg="Generated LaTeX sample (first 200 chars):" student_id=117 sample="\\documentclass[12pt]{article}\n\\usepackage{tikz}\n\\usepackage{subfig}\n\\usepackage{graphicx}\n\\usepackage{xcolor}\n\\usepackage[margin=1.0in]{geometry}\n\\usepackage{fancyhdr}\n\\usepackage{pgf}\n\\usepackage{qrc"
time=2025-12-22T14:17:30.627+01:00 level=INFO msg="LaTeX file created" file_path=./assets/tmp/1643550867.tex
time=2025-12-22T14:17:30.627+01:00 level=DEBUG msg="LaTeX content saved for debugging" debug_file=assets/tmp/latex_output1745937245/debug_latex.tex
time=2025-12-22T14:17:30.627+01:00 level=DEBUG msg="Running pdflatex command" command="/usr/bin/pdflatex -interaction=nonstopmode -halt-on-error -output-directory ./assets/tmp/latex_output1745937245 ./assets/tmp/1643550867.tex"
time=2025-12-22T14:17:30.598+01:00 level=DEBUG msg="Running pdflatex command" command="/usr/bin/pdflatex -interaction=nonstopmode -halt-on-error -output-directory ./assets/tmp/latex_output2595445969 ./assets/tmp/395798939.tex"
time=2025-12-22T14:17:30.630+01:00 level=INFO msg="LaTeX file created" file_path=./assets/tmp/1663337237.tex
time=2025-12-22T14:17:30.630+01:00 level=DEBUG msg="LaTeX content saved for debugging" debug_file=assets/tmp/latex_output618156735/debug_latex.tex
time=2025-12-22T14:17:30.630+01:00 level=DEBUG msg="Running pdflatex command" command="/usr/bin/pdflatex -interaction=nonstopmode -halt-on-error -output-directory ./assets/tmp/latex_output618156735 ./assets/tmp/1663337237.tex"
time=2025-12-22T14:17:30.633+01:00 level=DEBUG msg="Successfully read template" student_id=132 template_size_bytes=3110
time=2025-12-22T14:17:30.633+01:00 level=DEBUG msg="Template replacement completed" student_id=132 original_template_size=3110 updated_latex_size=3089
time=2025-12-22T14:17:30.633+01:00 level=DEBUG msg="Generated LaTeX sample (first 200 chars):" student_id=132 sample="\\documentclass[12pt]{article}\n\\usepackage{tikz}\n\\usepackage{subfig}\n\\usepackage{graphicx}\n\\usepackage{xcolor}\n\\usepackage[margin=1.0in]{geometry}\n\\usepackage{fancyhdr}\n\\usepackage{pgf}\n\\usepackage{qrc"
time=2025-12-22T14:17:30.633+01:00 level=INFO msg="LaTeX file created" file_path=./assets/tmp/1410975892.tex
time=2025-12-22T14:17:30.633+01:00 level=DEBUG msg="LaTeX content saved for debugging" debug_file=assets/tmp/latex_output2765938347/debug_latex.tex
time=2025-12-22T14:17:30.633+01:00 level=DEBUG msg="Running pdflatex command" command="/usr/bin/pdflatex -interaction=nonstopmode -halt-on-error -output-directory ./assets/tmp/latex_output2765938347 ./assets/tmp/1410975892.tex"
time=2025-12-22T14:17:30.640+01:00 level=DEBUG msg="Successfully read template" student_id=133 template_size_bytes=3110
time=2025-12-22T14:17:30.641+01:00 level=DEBUG msg="Template replacement completed" student_id=133 original_template_size=3110 updated_latex_size=3087
time=2025-12-22T14:17:30.641+01:00 level=DEBUG msg="Generated LaTeX sample (first 200 chars):" student_id=133 sample="\\documentclass[12pt]{article}\n\\usepackage{tikz}\n\\usepackage{subfig}\n\\usepackage{graphicx}\n\\usepackage{xcolor}\n\\usepackage[margin=1.0in]{geometry}\n\\usepackage{fancyhdr}\n\\usepackage{pgf}\n\\usepackage{qrc"
time=2025-12-22T14:17:30.641+01:00 level=INFO msg="LaTeX file created" file_path=./assets/tmp/3968071065.tex
time=2025-12-22T14:17:30.641+01:00 level=DEBUG msg="LaTeX content saved for debugging" debug_file=assets/tmp/latex_output960333576/debug_latex.tex
time=2025-12-22T14:17:30.641+01:00 level=DEBUG msg="Running pdflatex command" command="/usr/bin/pdflatex -interaction=nonstopmode -halt-on-error -output-directory ./assets/tmp/latex_output960333576 ./assets/tmp/3968071065.tex"
time=2025-12-22T14:17:54.660+01:00 level=INFO msg="PDF compiled successfully" pdf_size_bytes=48852
time=2025-12-22T14:17:54.665+01:00 level=INFO msg="Súbor úspešne vymazaný" file_path=./assets/tmp/2534122037.tex
time=2025-12-22T14:17:54.667+01:00 level=INFO msg="Set initial main PDF for student" student_id=129
time=2025-12-22T14:17:54.667+01:00 level=DEBUG msg="Generovanie PDF" spracovaných=1 celkovo=25 exam=skusam "id študenta"=129 "dokončené za"=24.071961911s
time=2025-12-22T14:17:56.294+01:00 level=INFO msg="PDF compiled successfully" pdf_size_bytes=49115
time=2025-12-22T14:17:56.297+01:00 level=INFO msg="Súbor úspešne vymazaný" file_path=./assets/tmp/2501311377.tex
time=2025-12-22T14:17:56.306+01:00 level=DEBUG msg="Merging PDFs" pdf1=assets/tmp/student_129.pdf pdf2=assets/tmp/student_122.pdf
time=2025-12-22T14:17:56.473+01:00 level=INFO msg="PDF compiled successfully" pdf_size_bytes=48969
time=2025-12-22T14:17:56.483+01:00 level=INFO msg="Súbor úspešne vymazaný" file_path=./assets/tmp/4254661596.tex
time=2025-12-22T14:17:56.720+01:00 level=INFO msg="PDFs merged" output_path=assets/tmp/merged.pdf
time=2025-12-22T14:17:56.721+01:00 level=DEBUG msg="Generovanie PDF" spracovaných=2 celkovo=25 exam=skusam "id študenta"=122 "dokončené za"=26.125811764s
time=2025-12-22T14:17:56.721+01:00 level=INFO msg="Súbor úspešne vymazaný" file_path=assets/tmp/student_122.pdf
time=2025-12-22T14:17:56.721+01:00 level=DEBUG msg="Merging PDFs" pdf1=assets/tmp/student_129.pdf pdf2=assets/tmp/student_123.pdf
time=2025-12-22T14:17:56.830+01:00 level=INFO msg="PDF compiled successfully" pdf_size_bytes=49133
time=2025-12-22T14:17:56.838+01:00 level=INFO msg="Súbor úspešne vymazaný" file_path=./assets/tmp/2096831504.tex
time=2025-12-22T14:17:56.962+01:00 level=INFO msg="PDFs merged" output_path=assets/tmp/merged.pdf
time=2025-12-22T14:17:56.963+01:00 level=DEBUG msg="Generovanie PDF" spracovaných=3 celkovo=25 exam=skusam "id študenta"=123 "dokončené za"=26.367485761s
time=2025-12-22T14:17:56.963+01:00 level=INFO msg="Súbor úspešne vymazaný" file_path=assets/tmp/student_123.pdf
time=2025-12-22T14:17:56.963+01:00 level=DEBUG msg="Merging PDFs" pdf1=assets/tmp/student_129.pdf pdf2=assets/tmp/student_118.pdf
time=2025-12-22T14:17:57.093+01:00 level=INFO msg="PDF compiled successfully" pdf_size_bytes=49599
time=2025-12-22T14:17:57.095+01:00 level=INFO msg="Súbor úspešne vymazaný" file_path=./assets/tmp/1357278170.tex
time=2025-12-22T14:17:57.201+01:00 level=INFO msg="PDFs merged" output_path=assets/tmp/merged.pdf
time=2025-12-22T14:17:57.202+01:00 level=DEBUG msg="Generovanie PDF" spracovaných=4 celkovo=25 exam=skusam "id študenta"=118 "dokončené za"=26.608436352s
time=2025-12-22T14:17:57.202+01:00 level=INFO msg="Súbor úspešne vymazaný" file_path=assets/tmp/student_118.pdf
time=2025-12-22T14:17:57.202+01:00 level=DEBUG msg="Merging PDFs" pdf1=assets/tmp/student_129.pdf pdf2=assets/tmp/student_140.pdf
time=2025-12-22T14:17:57.353+01:00 level=INFO msg="PDFs merged" output_path=assets/tmp/merged.pdf
time=2025-12-22T14:17:57.367+01:00 level=DEBUG msg="Generovanie PDF" spracovaných=5 celkovo=25 exam=skusam "id študenta"=140 "dokončené za"=26.775267345s
time=2025-12-22T14:17:57.367+01:00 level=INFO msg="Súbor úspešne vymazaný" file_path=assets/tmp/student_140.pdf
time=2025-12-22T14:17:57.460+01:00 level=INFO msg="PDF compiled successfully" pdf_size_bytes=48633
time=2025-12-22T14:17:57.463+01:00 level=INFO msg="Súbor úspešne vymazaný" file_path=./assets/tmp/3885045649.tex
time=2025-12-22T14:17:57.467+01:00 level=DEBUG msg="Merging PDFs" pdf1=assets/tmp/student_129.pdf pdf2=assets/tmp/student_119.pdf
time=2025-12-22T14:17:58.029+01:00 level=INFO msg="PDFs merged" output_path=assets/tmp/merged.pdf
time=2025-12-22T14:17:58.031+01:00 level=DEBUG msg="Generovanie PDF" spracovaných=6 celkovo=25 exam=skusam "id študenta"=119 "dokončené za"=27.437038043s
time=2025-12-22T14:17:58.031+01:00 level=INFO msg="Súbor úspešne vymazaný" file_path=assets/tmp/student_119.pdf
time=2025-12-22T14:17:59.509+01:00 level=INFO msg="PDF compiled successfully" pdf_size_bytes=48743
time=2025-12-22T14:17:59.509+01:00 level=INFO msg="PDF compiled successfully" pdf_size_bytes=48427
time=2025-12-22T14:17:59.511+01:00 level=INFO msg="Súbor úspešne vymazaný" file_path=./assets/tmp/822655285.tex
time=2025-12-22T14:17:59.512+01:00 level=DEBUG msg="Merging PDFs" pdf1=assets/tmp/student_129.pdf pdf2=assets/tmp/student_138.pdf
time=2025-12-22T14:17:59.518+01:00 level=INFO msg="Súbor úspešne vymazaný" file_path=./assets/tmp/526622275.tex
time=2025-12-22T14:17:59.576+01:00 level=INFO msg="PDF compiled successfully" pdf_size_bytes=48274
time=2025-12-22T14:17:59.578+01:00 level=INFO msg="Súbor úspešne vymazaný" file_path=./assets/tmp/2096537664.tex
time=2025-12-22T14:17:59.592+01:00 level=INFO msg="PDFs merged" output_path=assets/tmp/merged.pdf
time=2025-12-22T14:17:59.594+01:00 level=INFO msg="PDF compiled successfully" pdf_size_bytes=48882
time=2025-12-22T14:17:59.595+01:00 level=DEBUG msg="Generovanie PDF" spracovaných=7 celkovo=25 exam=skusam "id študenta"=138 "dokončené za"=28.998708948s
time=2025-12-22T14:17:59.595+01:00 level=INFO msg="Súbor úspešne vymazaný" file_path=assets/tmp/student_138.pdf
time=2025-12-22T14:17:59.595+01:00 level=DEBUG msg="Merging PDFs" pdf1=assets/tmp/student_129.pdf pdf2=assets/tmp/student_137.pdf
time=2025-12-22T14:17:59.597+01:00 level=INFO msg="Súbor úspešne vymazaný" file_path=./assets/tmp/1663337237.tex
time=2025-12-22T14:17:59.604+01:00 level=INFO msg="PDF compiled successfully" pdf_size_bytes=48768
time=2025-12-22T14:17:59.609+01:00 level=INFO msg="Súbor úspešne vymazaný" file_path=./assets/tmp/395798939.tex
time=2025-12-22T14:17:59.612+01:00 level=INFO msg="PDF compiled successfully" pdf_size_bytes=49146
time=2025-12-22T14:17:59.613+01:00 level=INFO msg="Súbor úspešne vymazaný" file_path=./assets/tmp/455037418.tex
time=2025-12-22T14:17:59.702+01:00 level=INFO msg="PDFs merged" output_path=assets/tmp/merged.pdf
time=2025-12-22T14:17:59.703+01:00 level=DEBUG msg="Generovanie PDF" spracovaných=8 celkovo=25 exam=skusam "id študenta"=137 "dokončené za"=29.106865191s
time=2025-12-22T14:17:59.703+01:00 level=INFO msg="Súbor úspešne vymazaný" file_path=assets/tmp/student_137.pdf
time=2025-12-22T14:17:59.703+01:00 level=DEBUG msg="Merging PDFs" pdf1=assets/tmp/student_129.pdf pdf2=assets/tmp/student_136.pdf
time=2025-12-22T14:17:59.707+01:00 level=INFO msg="PDF compiled successfully" pdf_size_bytes=48524
time=2025-12-22T14:17:59.710+01:00 level=INFO msg="Súbor úspešne vymazaný" file_path=./assets/tmp/2306598883.tex
time=2025-12-22T14:17:59.797+01:00 level=INFO msg="PDFs merged" output_path=assets/tmp/merged.pdf
time=2025-12-22T14:17:59.798+01:00 level=DEBUG msg="Generovanie PDF" spracovaných=9 celkovo=25 exam=skusam "id študenta"=136 "dokončené za"=29.202609086s
time=2025-12-22T14:17:59.799+01:00 level=INFO msg="Súbor úspešne vymazaný" file_path=assets/tmp/student_136.pdf
time=2025-12-22T14:17:59.799+01:00 level=DEBUG msg="Merging PDFs" pdf1=assets/tmp/student_129.pdf pdf2=assets/tmp/student_116.pdf
time=2025-12-22T14:17:59.799+01:00 level=INFO msg="PDF compiled successfully" pdf_size_bytes=48404
time=2025-12-22T14:17:59.802+01:00 level=INFO msg="Súbor úspešne vymazaný" file_path=./assets/tmp/1926443481.tex
time=2025-12-22T14:17:59.804+01:00 level=INFO msg="PDF compiled successfully" pdf_size_bytes=49088
time=2025-12-22T14:17:59.805+01:00 level=INFO msg="Súbor úspešne vymazaný" file_path=./assets/tmp/3968071065.tex
time=2025-12-22T14:17:59.871+01:00 level=INFO msg="PDFs merged" output_path=assets/tmp/merged.pdf
time=2025-12-22T14:17:59.871+01:00 level=DEBUG msg="Generovanie PDF" spracovaných=10 celkovo=25 exam=skusam "id študenta"=116 "dokončené za"=29.278125359s
time=2025-12-22T14:17:59.872+01:00 level=INFO msg="Súbor úspešne vymazaný" file_path=assets/tmp/student_116.pdf
time=2025-12-22T14:17:59.872+01:00 level=DEBUG msg="Merging PDFs" pdf1=assets/tmp/student_129.pdf pdf2=assets/tmp/student_127.pdf
time=2025-12-22T14:17:59.959+01:00 level=INFO msg="PDFs merged" output_path=assets/tmp/merged.pdf
time=2025-12-22T14:17:59.959+01:00 level=DEBUG msg="Generovanie PDF" spracovaných=11 celkovo=25 exam=skusam "id študenta"=127 "dokončené za"=29.366332396s
time=2025-12-22T14:17:59.959+01:00 level=INFO msg="Súbor úspešne vymazaný" file_path=assets/tmp/student_127.pdf
time=2025-12-22T14:17:59.959+01:00 level=DEBUG msg="Merging PDFs" pdf1=assets/tmp/student_129.pdf pdf2=assets/tmp/student_131.pdf
time=2025-12-22T14:18:00.121+01:00 level=INFO msg="PDF compiled successfully" pdf_size_bytes=48766
time=2025-12-22T14:18:00.124+01:00 level=INFO msg="Súbor úspešne vymazaný" file_path=./assets/tmp/1410975892.tex
time=2025-12-22T14:18:00.136+01:00 level=INFO msg="PDF compiled successfully" pdf_size_bytes=49862
time=2025-12-22T14:18:00.139+01:00 level=INFO msg="Súbor úspešne vymazaný" file_path=./assets/tmp/2715892569.tex
time=2025-12-22T14:18:00.174+01:00 level=INFO msg="PDFs merged" output_path=assets/tmp/merged.pdf
time=2025-12-22T14:18:00.177+01:00 level=DEBUG msg="Generovanie PDF" spracovaných=12 celkovo=25 exam=skusam "id študenta"=131 "dokončené za"=29.581530482s
time=2025-12-22T14:18:00.177+01:00 level=INFO msg="Súbor úspešne vymazaný" file_path=assets/tmp/student_131.pdf
time=2025-12-22T14:18:00.178+01:00 level=DEBUG msg="Merging PDFs" pdf1=assets/tmp/student_129.pdf pdf2=assets/tmp/student_135.pdf
time=2025-12-22T14:18:00.202+01:00 level=INFO msg="PDF compiled successfully" pdf_size_bytes=48844
time=2025-12-22T14:18:00.205+01:00 level=INFO msg="Súbor úspešne vymazaný" file_path=./assets/tmp/1013472824.tex
time=2025-12-22T14:18:00.213+01:00 level=INFO msg="PDF compiled successfully" pdf_size_bytes=48495
time=2025-12-22T14:18:00.216+01:00 level=INFO msg="Súbor úspešne vymazaný" file_path=./assets/tmp/3122553792.tex
time=2025-12-22T14:18:00.246+01:00 level=INFO msg="PDFs merged" output_path=assets/tmp/merged.pdf
time=2025-12-22T14:18:00.248+01:00 level=DEBUG msg="Generovanie PDF" spracovaných=13 celkovo=25 exam=skusam "id študenta"=135 "dokončené za"=29.651807231s
time=2025-12-22T14:18:00.248+01:00 level=INFO msg="Súbor úspešne vymazaný" file_path=assets/tmp/student_135.pdf
time=2025-12-22T14:18:00.248+01:00 level=DEBUG msg="Merging PDFs" pdf1=assets/tmp/student_129.pdf pdf2=assets/tmp/student_126.pdf
time=2025-12-22T14:18:00.262+01:00 level=INFO msg="PDF compiled successfully" pdf_size_bytes=49475
time=2025-12-22T14:18:00.265+01:00 level=INFO msg="Súbor úspešne vymazaný" file_path=./assets/tmp/841015554.tex
time=2025-12-22T14:18:00.339+01:00 level=INFO msg="PDFs merged" output_path=assets/tmp/merged.pdf
time=2025-12-22T14:18:00.339+01:00 level=DEBUG msg="Generovanie PDF" spracovaných=14 celkovo=25 exam=skusam "id študenta"=126 "dokončené za"=29.743636916s
time=2025-12-22T14:18:00.340+01:00 level=INFO msg="Súbor úspešne vymazaný" file_path=assets/tmp/student_126.pdf
time=2025-12-22T14:18:00.340+01:00 level=DEBUG msg="Merging PDFs" pdf1=assets/tmp/student_129.pdf pdf2=assets/tmp/student_133.pdf
time=2025-12-22T14:18:00.375+01:00 level=INFO msg="PDF compiled successfully" pdf_size_bytes=48468
time=2025-12-22T14:18:00.377+01:00 level=INFO msg="Súbor úspešne vymazaný" file_path=./assets/tmp/2496970427.tex
time=2025-12-22T14:18:00.411+01:00 level=INFO msg="PDFs merged" output_path=assets/tmp/merged.pdf
time=2025-12-22T14:18:00.412+01:00 level=DEBUG msg="Generovanie PDF" spracovaných=15 celkovo=25 exam=skusam "id študenta"=133 "dokončené za"=29.816980144s
time=2025-12-22T14:18:00.412+01:00 level=INFO msg="Súbor úspešne vymazaný" file_path=assets/tmp/student_133.pdf
time=2025-12-22T14:18:00.412+01:00 level=DEBUG msg="Merging PDFs" pdf1=assets/tmp/student_129.pdf pdf2=assets/tmp/student_132.pdf
time=2025-12-22T14:18:00.426+01:00 level=INFO msg="PDF compiled successfully" pdf_size_bytes=48364
time=2025-12-22T14:18:00.429+01:00 level=INFO msg="Súbor úspešne vymazaný" file_path=./assets/tmp/744831093.tex
time=2025-12-22T14:18:00.485+01:00 level=INFO msg="PDF compiled successfully" pdf_size_bytes=48945
time=2025-12-22T14:18:00.488+01:00 level=INFO msg="Súbor úspešne vymazaný" file_path=./assets/tmp/1058866863.tex
time=2025-12-22T14:18:00.501+01:00 level=INFO msg="PDF compiled successfully" pdf_size_bytes=48491
time=2025-12-22T14:18:00.502+01:00 level=INFO msg="Súbor úspešne vymazaný" file_path=./assets/tmp/1643550867.tex
time=2025-12-22T14:18:00.514+01:00 level=INFO msg="PDFs merged" output_path=assets/tmp/merged.pdf
time=2025-12-22T14:18:00.515+01:00 level=DEBUG msg="Generovanie PDF" spracovaných=16 celkovo=25 exam=skusam "id študenta"=132 "dokončené za"=29.919179147s
time=2025-12-22T14:18:00.515+01:00 level=INFO msg="Súbor úspešne vymazaný" file_path=assets/tmp/student_132.pdf
time=2025-12-22T14:18:00.515+01:00 level=DEBUG msg="Merging PDFs" pdf1=assets/tmp/student_129.pdf pdf2=assets/tmp/student_121.pdf
time=2025-12-22T14:18:00.619+01:00 level=INFO msg="PDFs merged" output_path=assets/tmp/merged.pdf
time=2025-12-22T14:18:00.620+01:00 level=DEBUG msg="Generovanie PDF" spracovaných=17 celkovo=25 exam=skusam "id študenta"=121 "dokončené za"=30.025187783s
time=2025-12-22T14:18:00.620+01:00 level=INFO msg="Súbor úspešne vymazaný" file_path=assets/tmp/student_121.pdf
time=2025-12-22T14:18:00.621+01:00 level=DEBUG msg="Merging PDFs" pdf1=assets/tmp/student_129.pdf pdf2=assets/tmp/student_130.pdf
time=2025-12-22T14:18:00.665+01:00 level=INFO msg="PDFs merged" output_path=assets/tmp/merged.pdf
time=2025-12-22T14:18:00.667+01:00 level=DEBUG msg="Generovanie PDF" spracovaných=18 celkovo=25 exam=skusam "id študenta"=130 "dokončené za"=30.071628411s
time=2025-12-22T14:18:00.667+01:00 level=INFO msg="Súbor úspešne vymazaný" file_path=assets/tmp/student_130.pdf
time=2025-12-22T14:18:00.667+01:00 level=DEBUG msg="Merging PDFs" pdf1=assets/tmp/student_129.pdf pdf2=assets/tmp/student_120.pdf
time=2025-12-22T14:18:00.776+01:00 level=INFO msg="PDFs merged" output_path=assets/tmp/merged.pdf
time=2025-12-22T14:18:00.778+01:00 level=DEBUG msg="Generovanie PDF" spracovaných=19 celkovo=25 exam=skusam "id študenta"=120 "dokončené za"=30.18431799s
time=2025-12-22T14:18:00.778+01:00 level=INFO msg="Súbor úspešne vymazaný" file_path=assets/tmp/student_120.pdf
time=2025-12-22T14:18:00.778+01:00 level=DEBUG msg="Merging PDFs" pdf1=assets/tmp/student_129.pdf pdf2=assets/tmp/student_134.pdf
time=2025-12-22T14:18:00.879+01:00 level=INFO msg="PDF compiled successfully" pdf_size_bytes=48614
time=2025-12-22T14:18:00.881+01:00 level=INFO msg="Súbor úspešne vymazaný" file_path=./assets/tmp/2521851495.tex
time=2025-12-22T14:18:00.912+01:00 level=INFO msg="PDFs merged" output_path=assets/tmp/merged.pdf
time=2025-12-22T14:18:00.914+01:00 level=DEBUG msg="Generovanie PDF" spracovaných=20 celkovo=25 exam=skusam "id študenta"=134 "dokončené za"=30.318637564s
time=2025-12-22T14:18:00.914+01:00 level=INFO msg="Súbor úspešne vymazaný" file_path=assets/tmp/student_134.pdf
time=2025-12-22T14:18:00.914+01:00 level=DEBUG msg="Merging PDFs" pdf1=assets/tmp/student_129.pdf pdf2=assets/tmp/student_128.pdf
time=2025-12-22T14:18:01.047+01:00 level=INFO msg="PDFs merged" output_path=assets/tmp/merged.pdf
time=2025-12-22T14:18:01.054+01:00 level=DEBUG msg="Generovanie PDF" spracovaných=21 celkovo=25 exam=skusam "id študenta"=128 "dokončené za"=30.459599539s
time=2025-12-22T14:18:01.054+01:00 level=INFO msg="Súbor úspešne vymazaný" file_path=assets/tmp/student_128.pdf
time=2025-12-22T14:18:01.054+01:00 level=DEBUG msg="Merging PDFs" pdf1=assets/tmp/student_129.pdf pdf2=assets/tmp/student_124.pdf
time=2025-12-22T14:18:01.200+01:00 level=INFO msg="PDFs merged" output_path=assets/tmp/merged.pdf
time=2025-12-22T14:18:01.205+01:00 level=DEBUG msg="Generovanie PDF" spracovaných=22 celkovo=25 exam=skusam "id študenta"=124 "dokončené za"=30.609952835s
time=2025-12-22T14:18:01.205+01:00 level=INFO msg="Súbor úspešne vymazaný" file_path=assets/tmp/student_124.pdf
time=2025-12-22T14:18:01.205+01:00 level=DEBUG msg="Merging PDFs" pdf1=assets/tmp/student_129.pdf pdf2=assets/tmp/student_125.pdf
time=2025-12-22T14:18:01.275+01:00 level=INFO msg="PDFs merged" output_path=assets/tmp/merged.pdf
time=2025-12-22T14:18:01.278+01:00 level=DEBUG msg="Generovanie PDF" spracovaných=23 celkovo=25 exam=skusam "id študenta"=125 "dokončené za"=30.681974665s
time=2025-12-22T14:18:01.278+01:00 level=INFO msg="Súbor úspešne vymazaný" file_path=assets/tmp/student_125.pdf
time=2025-12-22T14:18:01.279+01:00 level=DEBUG msg="Merging PDFs" pdf1=assets/tmp/student_129.pdf pdf2=assets/tmp/student_117.pdf
time=2025-12-22T14:18:01.349+01:00 level=INFO msg="PDFs merged" output_path=assets/tmp/merged.pdf
time=2025-12-22T14:18:01.354+01:00 level=DEBUG msg="Generovanie PDF" spracovaných=24 celkovo=25 exam=skusam "id študenta"=117 "dokončené za"=30.76130217s
time=2025-12-22T14:18:01.354+01:00 level=INFO msg="Súbor úspešne vymazaný" file_path=assets/tmp/student_117.pdf
time=2025-12-22T14:18:01.354+01:00 level=DEBUG msg="Merging PDFs" pdf1=assets/tmp/student_129.pdf pdf2=assets/tmp/student_139.pdf
time=2025-12-22T14:18:01.428+01:00 level=INFO msg="PDFs merged" output_path=assets/tmp/merged.pdf
time=2025-12-22T14:18:01.432+01:00 level=DEBUG msg="Generovanie PDF" spracovaných=25 celkovo=25 exam=skusam "id študenta"=139 "dokončené za"=30.836091616s
time=2025-12-22T14:18:01.432+01:00 level=INFO msg="Súbor úspešne vymazaný" file_path=assets/tmp/student_139.pdf
time=2025-12-22T14:18:01.434+01:00 level=INFO msg="Processing students in room" room=B300
time=2025-12-22T14:18:01.439+01:00 level=DEBUG msg="Found students for room" room=B300 num_students=24
time=2025-12-22T14:18:01.439+01:00 level=DEBUG msg="Reading template file for student" student_id=142 template_path=/home/vbox/ScanEvalApp/assets/latex/templates/template_3.tex
time=2025-12-22T14:18:01.440+01:00 level=DEBUG msg="Successfully read template" student_id=142 template_size_bytes=3110
time=2025-12-22T14:18:01.441+01:00 level=DEBUG msg="Reading template file for student" student_id=143 template_path=/home/vbox/ScanEvalApp/assets/latex/templates/template_3.tex
time=2025-12-22T14:18:01.441+01:00 level=DEBUG msg="Successfully read template" student_id=143 template_size_bytes=3110
time=2025-12-22T14:18:01.444+01:00 level=DEBUG msg="Reading template file for student" student_id=164 template_path=/home/vbox/ScanEvalApp/assets/latex/templates/template_3.tex
time=2025-12-22T14:18:01.444+01:00 level=DEBUG msg="Reading template file for student" student_id=154 template_path=/home/vbox/ScanEvalApp/assets/latex/templates/template_3.tex
time=2025-12-22T14:18:01.444+01:00 level=DEBUG msg="Successfully read template" student_id=154 template_size_bytes=3110
time=2025-12-22T14:18:01.444+01:00 level=DEBUG msg="Successfully read template" student_id=164 template_size_bytes=3110
time=2025-12-22T14:18:01.444+01:00 level=DEBUG msg="Template replacement completed" student_id=164 original_template_size=3110 updated_latex_size=3089
time=2025-12-22T14:18:01.444+01:00 level=DEBUG msg="Generated LaTeX sample (first 200 chars):" student_id=164 sample="\\documentclass[12pt]{article}\n\\usepackage{tikz}\n\\usepackage{subfig}\n\\usepackage{graphicx}\n\\usepackage{xcolor}\n\\usepackage[margin=1.0in]{geometry}\n\\usepackage{fancyhdr}\n\\usepackage{pgf}\n\\usepackage{qrc"
time=2025-12-22T14:18:01.444+01:00 level=INFO msg="LaTeX file created" file_path=./assets/tmp/1147760989.tex
time=2025-12-22T14:18:01.444+01:00 level=DEBUG msg="Reading template file for student" student_id=155 template_path=/home/vbox/ScanEvalApp/assets/latex/templates/template_3.tex
time=2025-12-22T14:18:01.444+01:00 level=DEBUG msg="Reading template file for student" student_id=159 template_path=/home/vbox/ScanEvalApp/assets/latex/templates/template_3.tex
time=2025-12-22T14:18:01.444+01:00 level=DEBUG msg="Reading template file for student" student_id=160 template_path=/home/vbox/ScanEvalApp/assets/latex/templates/template_3.tex
time=2025-12-22T14:18:01.444+01:00 level=DEBUG msg="Successfully read template" student_id=160 template_size_bytes=3110
time=2025-12-22T14:18:01.445+01:00 level=DEBUG msg="Successfully read template" student_id=159 template_size_bytes=3110
time=2025-12-22T14:18:01.445+01:00 level=DEBUG msg="Template replacement completed" student_id=160 original_template_size=3110 updated_latex_size=3089
time=2025-12-22T14:18:01.445+01:00 level=DEBUG msg="Generated LaTeX sample (first 200 chars):" student_id=160 sample="\\documentclass[12pt]{article}\n\\usepackage{tikz}\n\\usepackage{subfig}\n\\usepackage{graphicx}\n\\usepackage{xcolor}\n\\usepackage[margin=1.0in]{geometry}\n\\usepackage{fancyhdr}\n\\usepackage{pgf}\n\\usepackage{qrc"
time=2025-12-22T14:18:01.445+01:00 level=INFO msg="LaTeX file created" file_path=./assets/tmp/2411121028.tex
time=2025-12-22T14:18:01.445+01:00 level=DEBUG msg="LaTeX content saved for debugging" debug_file=assets/tmp/latex_output2513545163/debug_latex.tex
time=2025-12-22T14:18:01.445+01:00 level=DEBUG msg="Running pdflatex command" command="/usr/bin/pdflatex -interaction=nonstopmode -halt-on-error -output-directory ./assets/tmp/latex_output2513545163 ./assets/tmp/2411121028.tex"
time=2025-12-22T14:18:01.445+01:00 level=DEBUG msg="Reading template file for student" student_id=157 template_path=/home/vbox/ScanEvalApp/assets/latex/templates/template_3.tex
time=2025-12-22T14:18:01.445+01:00 level=DEBUG msg="Successfully read template" student_id=157 template_size_bytes=3110
time=2025-12-22T14:18:01.445+01:00 level=DEBUG msg="Template replacement completed" student_id=157 original_template_size=3110 updated_latex_size=3087
time=2025-12-22T14:18:01.445+01:00 level=DEBUG msg="Generated LaTeX sample (first 200 chars):" student_id=157 sample="\\documentclass[12pt]{article}\n\\usepackage{tikz}\n\\usepackage{subfig}\n\\usepackage{graphicx}\n\\usepackage{xcolor}\n\\usepackage[margin=1.0in]{geometry}\n\\usepackage{fancyhdr}\n\\usepackage{pgf}\n\\usepackage{qrc"
time=2025-12-22T14:18:01.445+01:00 level=INFO msg="LaTeX file created" file_path=./assets/tmp/1382197679.tex
time=2025-12-22T14:18:01.445+01:00 level=DEBUG msg="LaTeX content saved for debugging" debug_file=assets/tmp/latex_output1164397843/debug_latex.tex
time=2025-12-22T14:18:01.445+01:00 level=DEBUG msg="Running pdflatex command" command="/usr/bin/pdflatex -interaction=nonstopmode -halt-on-error -output-directory ./assets/tmp/latex_output1164397843 ./assets/tmp/1382197679.tex"
time=2025-12-22T14:18:01.446+01:00 level=DEBUG msg="Template replacement completed" student_id=159 original_template_size=3110 updated_latex_size=3088
time=2025-12-22T14:18:01.446+01:00 level=DEBUG msg="Generated LaTeX sample (first 200 chars):" student_id=159 sample="\\documentclass[12pt]{article}\n\\usepackage{tikz}\n\\usepackage{subfig}\n\\usepackage{graphicx}\n\\usepackage{xcolor}\n\\usepackage[margin=1.0in]{geometry}\n\\usepackage{fancyhdr}\n\\usepackage{pgf}\n\\usepackage{qrc"
time=2025-12-22T14:18:01.446+01:00 level=INFO msg="LaTeX file created" file_path=./assets/tmp/2337578730.tex
time=2025-12-22T14:18:01.446+01:00 level=DEBUG msg="LaTeX content saved for debugging" debug_file=assets/tmp/latex_output1244229532/debug_latex.tex
time=2025-12-22T14:18:01.446+01:00 level=DEBUG msg="Running pdflatex command" command="/usr/bin/pdflatex -interaction=nonstopmode -halt-on-error -output-directory ./assets/tmp/latex_output1244229532 ./assets/tmp/2337578730.tex"
time=2025-12-22T14:18:01.448+01:00 level=DEBUG msg="Template replacement completed" student_id=154 original_template_size=3110 updated_latex_size=3085
time=2025-12-22T14:18:01.448+01:00 level=DEBUG msg="Generated LaTeX sample (first 200 chars):" student_id=154 sample="\\documentclass[12pt]{article}\n\\usepackage{tikz}\n\\usepackage{subfig}\n\\usepackage{graphicx}\n\\usepackage{xcolor}\n\\usepackage[margin=1.0in]{geometry}\n\\usepackage{fancyhdr}\n\\usepackage{pgf}\n\\usepackage{qrc"
time=2025-12-22T14:18:01.448+01:00 level=INFO msg="LaTeX file created" file_path=./assets/tmp/3981945002.tex
time=2025-12-22T14:18:01.448+01:00 level=DEBUG msg="LaTeX content saved for debugging" debug_file=assets/tmp/latex_output695315309/debug_latex.tex
time=2025-12-22T14:18:01.448+01:00 level=DEBUG msg="Running pdflatex command" command="/usr/bin/pdflatex -interaction=nonstopmode -halt-on-error -output-directory ./assets/tmp/latex_output695315309 ./assets/tmp/3981945002.tex"
time=2025-12-22T14:18:01.456+01:00 level=DEBUG msg="Reading template file for student" student_id=161 template_path=/home/vbox/ScanEvalApp/assets/latex/templates/template_3.tex
time=2025-12-22T14:18:01.456+01:00 level=DEBUG msg="Successfully read template" student_id=161 template_size_bytes=3110
time=2025-12-22T14:18:01.456+01:00 level=DEBUG msg="Template replacement completed" student_id=161 original_template_size=3110 updated_latex_size=3094
time=2025-12-22T14:18:01.456+01:00 level=DEBUG msg="Generated LaTeX sample (first 200 chars):" student_id=161 sample="\\documentclass[12pt]{article}\n\\usepackage{tikz}\n\\usepackage{subfig}\n\\usepackage{graphicx}\n\\usepackage{xcolor}\n\\usepackage[margin=1.0in]{geometry}\n\\usepackage{fancyhdr}\n\\usepackage{pgf}\n\\usepackage{qrc"
time=2025-12-22T14:18:01.456+01:00 level=INFO msg="LaTeX file created" file_path=./assets/tmp/4142636935.tex
time=2025-12-22T14:18:01.456+01:00 level=DEBUG msg="LaTeX content saved for debugging" debug_file=assets/tmp/latex_output2284744930/debug_latex.tex
time=2025-12-22T14:18:01.456+01:00 level=DEBUG msg="Running pdflatex command" command="/usr/bin/pdflatex -interaction=nonstopmode -halt-on-error -output-directory ./assets/tmp/latex_output2284744930 ./assets/tmp/4142636935.tex"
time=2025-12-22T14:18:01.456+01:00 level=DEBUG msg="Reading template file for student" student_id=156 template_path=/home/vbox/ScanEvalApp/assets/latex/templates/template_3.tex
time=2025-12-22T14:18:01.457+01:00 level=DEBUG msg="Successfully read template" student_id=156 template_size_bytes=3110
time=2025-12-22T14:18:01.457+01:00 level=DEBUG msg="Reading template file for student" student_id=158 template_path=/home/vbox/ScanEvalApp/assets/latex/templates/template_3.tex
time=2025-12-22T14:18:01.457+01:00 level=DEBUG msg="Successfully read template" student_id=158 template_size_bytes=3110
time=2025-12-22T14:18:01.457+01:00 level=DEBUG msg="Template replacement completed" student_id=156 original_template_size=3110 updated_latex_size=3092
time=2025-12-22T14:18:01.458+01:00 level=DEBUG msg="Generated LaTeX sample (first 200 chars):" student_id=156 sample="\\documentclass[12pt]{article}\n\\usepackage{tikz}\n\\usepackage{subfig}\n\\usepackage{graphicx}\n\\usepackage{xcolor}\n\\usepackage[margin=1.0in]{geometry}\n\\usepackage{fancyhdr}\n\\usepackage{pgf}\n\\usepackage{qrc"
time=2025-12-22T14:18:01.458+01:00 level=INFO msg="LaTeX file created" file_path=./assets/tmp/3944684221.tex
time=2025-12-22T14:18:01.458+01:00 level=DEBUG msg="LaTeX content saved for debugging" debug_file=assets/tmp/latex_output163567693/debug_latex.tex
time=2025-12-22T14:18:01.458+01:00 level=DEBUG msg="Running pdflatex command" command="/usr/bin/pdflatex -interaction=nonstopmode -halt-on-error -output-directory ./assets/tmp/latex_output163567693 ./assets/tmp/3944684221.tex"
time=2025-12-22T14:18:01.460+01:00 level=DEBUG msg="Template replacement completed" student_id=158 original_template_size=3110 updated_latex_size=3092
time=2025-12-22T14:18:01.460+01:00 level=DEBUG msg="Generated LaTeX sample (first 200 chars):" student_id=158 sample="\\documentclass[12pt]{article}\n\\usepackage{tikz}\n\\usepackage{subfig}\n\\usepackage{graphicx}\n\\usepackage{xcolor}\n\\usepackage[margin=1.0in]{geometry}\n\\usepackage{fancyhdr}\n\\usepackage{pgf}\n\\usepackage{qrc"
time=2025-12-22T14:18:01.460+01:00 level=INFO msg="LaTeX file created" file_path=./assets/tmp/1121682864.tex
time=2025-12-22T14:18:01.460+01:00 level=DEBUG msg="LaTeX content saved for debugging" debug_file=assets/tmp/latex_output709161538/debug_latex.tex
time=2025-12-22T14:18:01.460+01:00 level=DEBUG msg="Running pdflatex command" command="/usr/bin/pdflatex -interaction=nonstopmode -halt-on-error -output-directory ./assets/tmp/latex_output709161538 ./assets/tmp/1121682864.tex"
time=2025-12-22T14:18:01.460+01:00 level=DEBUG msg="Reading template file for student" student_id=150 template_path=/home/vbox/ScanEvalApp/assets/latex/templates/template_3.tex
time=2025-12-22T14:18:01.460+01:00 level=DEBUG msg="Successfully read template" student_id=150 template_size_bytes=3110
time=2025-12-22T14:18:01.460+01:00 level=DEBUG msg="Reading template file for student" student_id=145 template_path=/home/vbox/ScanEvalApp/assets/latex/templates/template_3.tex
time=2025-12-22T14:18:01.460+01:00 level=DEBUG msg="Successfully read template" student_id=145 template_size_bytes=3110
time=2025-12-22T14:18:01.460+01:00 level=DEBUG msg="Template replacement completed" student_id=145 original_template_size=3110 updated_latex_size=3091
time=2025-12-22T14:18:01.460+01:00 level=DEBUG msg="Generated LaTeX sample (first 200 chars):" student_id=145 sample="\\documentclass[12pt]{article}\n\\usepackage{tikz}\n\\usepackage{subfig}\n\\usepackage{graphicx}\n\\usepackage{xcolor}\n\\usepackage[margin=1.0in]{geometry}\n\\usepackage{fancyhdr}\n\\usepackage{pgf}\n\\usepackage{qrc"
time=2025-12-22T14:18:01.460+01:00 level=INFO msg="LaTeX file created" file_path=./assets/tmp/4105708981.tex
time=2025-12-22T14:18:01.461+01:00 level=DEBUG msg="LaTeX content saved for debugging" debug_file=assets/tmp/latex_output4253993826/debug_latex.tex
time=2025-12-22T14:18:01.461+01:00 level=DEBUG msg="Running pdflatex command" command="/usr/bin/pdflatex -interaction=nonstopmode -halt-on-error -output-directory ./assets/tmp/latex_output4253993826 ./assets/tmp/4105708981.tex"
time=2025-12-22T14:18:01.461+01:00 level=DEBUG msg="Template replacement completed" student_id=150 original_template_size=3110 updated_latex_size=3086
time=2025-12-22T14:18:01.461+01:00 level=DEBUG msg="Generated LaTeX sample (first 200 chars):" student_id=150 sample="\\documentclass[12pt]{article}\n\\usepackage{tikz}\n\\usepackage{subfig}\n\\usepackage{graphicx}\n\\usepackage{xcolor}\n\\usepackage[margin=1.0in]{geometry}\n\\usepackage{fancyhdr}\n\\usepackage{pgf}\n\\usepackage{qrc"
time=2025-12-22T14:18:01.461+01:00 level=INFO msg="LaTeX file created" file_path=./assets/tmp/838685843.tex
time=2025-12-22T14:18:01.461+01:00 level=DEBUG msg="LaTeX content saved for debugging" debug_file=assets/tmp/latex_output391311302/debug_latex.tex
time=2025-12-22T14:18:01.461+01:00 level=DEBUG msg="Running pdflatex command" command="/usr/bin/pdflatex -interaction=nonstopmode -halt-on-error -output-directory ./assets/tmp/latex_output391311302 ./assets/tmp/838685843.tex"
time=2025-12-22T14:18:01.444+01:00 level=DEBUG msg="Template replacement completed" student_id=143 original_template_size=3110 updated_latex_size=3086
time=2025-12-22T14:18:01.465+01:00 level=DEBUG msg="Generated LaTeX sample (first 200 chars):" student_id=143 sample="\\documentclass[12pt]{article}\n\\usepackage{tikz}\n\\usepackage{subfig}\n\\usepackage{graphicx}\n\\usepackage{xcolor}\n\\usepackage[margin=1.0in]{geometry}\n\\usepackage{fancyhdr}\n\\usepackage{pgf}\n\\usepackage{qrc"
time=2025-12-22T14:18:01.465+01:00 level=INFO msg="LaTeX file created" file_path=./assets/tmp/1863829752.tex
time=2025-12-22T14:18:01.465+01:00 level=DEBUG msg="Reading template file for student" student_id=147 template_path=/home/vbox/ScanEvalApp/assets/latex/templates/template_3.tex
time=2025-12-22T14:18:01.465+01:00 level=DEBUG msg="Reading template file for student" student_id=152 template_path=/home/vbox/ScanEvalApp/assets/latex/templates/template_3.tex
time=2025-12-22T14:18:01.465+01:00 level=DEBUG msg="Successfully read template" student_id=152 template_size_bytes=3110
time=2025-12-22T14:18:01.465+01:00 level=DEBUG msg="Successfully read template" student_id=147 template_size_bytes=3110
time=2025-12-22T14:18:01.465+01:00 level=DEBUG msg="Template replacement completed" student_id=147 original_template_size=3110 updated_latex_size=3099
time=2025-12-22T14:18:01.465+01:00 level=DEBUG msg="Generated LaTeX sample (first 200 chars):" student_id=147 sample="\\documentclass[12pt]{article}\n\\usepackage{tikz}\n\\usepackage{subfig}\n\\usepackage{graphicx}\n\\usepackage{xcolor}\n\\usepackage[margin=1.0in]{geometry}\n\\usepackage{fancyhdr}\n\\usepackage{pgf}\n\\usepackage{qrc"
time=2025-12-22T14:18:01.465+01:00 level=INFO msg="LaTeX file created" file_path=./assets/tmp/398564235.tex
time=2025-12-22T14:18:01.465+01:00 level=DEBUG msg="Reading template file for student" student_id=148 template_path=/home/vbox/ScanEvalApp/assets/latex/templates/template_3.tex
time=2025-12-22T14:18:01.465+01:00 level=DEBUG msg="LaTeX content saved for debugging" debug_file=assets/tmp/latex_output2394604127/debug_latex.tex
time=2025-12-22T14:18:01.465+01:00 level=DEBUG msg="Reading template file for student" student_id=146 template_path=/home/vbox/ScanEvalApp/assets/latex/templates/template_3.tex
time=2025-12-22T14:18:01.465+01:00 level=DEBUG msg="Running pdflatex command" command="/usr/bin/pdflatex -interaction=nonstopmode -halt-on-error -output-directory ./assets/tmp/latex_output2394604127 ./assets/tmp/398564235.tex"
time=2025-12-22T14:18:01.465+01:00 level=DEBUG msg="Successfully read template" student_id=146 template_size_bytes=3110
time=2025-12-22T14:18:01.465+01:00 level=DEBUG msg="Template replacement completed" student_id=146 original_template_size=3110 updated_latex_size=3094
time=2025-12-22T14:18:01.465+01:00 level=DEBUG msg="Generated LaTeX sample (first 200 chars):" student_id=146 sample="\\documentclass[12pt]{article}\n\\usepackage{tikz}\n\\usepackage{subfig}\n\\usepackage{graphicx}\n\\usepackage{xcolor}\n\\usepackage[margin=1.0in]{geometry}\n\\usepackage{fancyhdr}\n\\usepackage{pgf}\n\\usepackage{qrc"
time=2025-12-22T14:18:01.465+01:00 level=INFO msg="LaTeX file created" file_path=./assets/tmp/1561077701.tex
time=2025-12-22T14:18:01.465+01:00 level=DEBUG msg="LaTeX content saved for debugging" debug_file=assets/tmp/latex_output2824700222/debug_latex.tex
time=2025-12-22T14:18:01.465+01:00 level=DEBUG msg="Running pdflatex command" command="/usr/bin/pdflatex -interaction=nonstopmode -halt-on-error -output-directory ./assets/tmp/latex_output2824700222 ./assets/tmp/1561077701.tex"
time=2025-12-22T14:18:01.466+01:00 level=DEBUG msg="Template replacement completed" student_id=152 original_template_size=3110 updated_latex_size=3089
time=2025-12-22T14:18:01.466+01:00 level=DEBUG msg="Generated LaTeX sample (first 200 chars):" student_id=152 sample="\\documentclass[12pt]{article}\n\\usepackage{tikz}\n\\usepackage{subfig}\n\\usepackage{graphicx}\n\\usepackage{xcolor}\n\\usepackage[margin=1.0in]{geometry}\n\\usepackage{fancyhdr}\n\\usepackage{pgf}\n\\usepackage{qrc"
time=2025-12-22T14:18:01.466+01:00 level=INFO msg="LaTeX file created" file_path=./assets/tmp/936508547.tex
time=2025-12-22T14:18:01.466+01:00 level=DEBUG msg="LaTeX content saved for debugging" debug_file=assets/tmp/latex_output3539039492/debug_latex.tex
time=2025-12-22T14:18:01.466+01:00 level=DEBUG msg="Running pdflatex command" command="/usr/bin/pdflatex -interaction=nonstopmode -halt-on-error -output-directory ./assets/tmp/latex_output3539039492 ./assets/tmp/936508547.tex"
time=2025-12-22T14:18:01.467+01:00 level=DEBUG msg="Reading template file for student" student_id=153 template_path=/home/vbox/ScanEvalApp/assets/latex/templates/template_3.tex
time=2025-12-22T14:18:01.467+01:00 level=DEBUG msg="Successfully read template" student_id=153 template_size_bytes=3110
time=2025-12-22T14:18:01.468+01:00 level=DEBUG msg="Template replacement completed" student_id=153 original_template_size=3110 updated_latex_size=3088
time=2025-12-22T14:18:01.468+01:00 level=DEBUG msg="Generated LaTeX sample (first 200 chars):" student_id=153 sample="\\documentclass[12pt]{article}\n\\usepackage{tikz}\n\\usepackage{subfig}\n\\usepackage{graphicx}\n\\usepackage{xcolor}\n\\usepackage[margin=1.0in]{geometry}\n\\usepackage{fancyhdr}\n\\usepackage{pgf}\n\\usepackage{qrc"
time=2025-12-22T14:18:01.468+01:00 level=INFO msg="LaTeX file created" file_path=./assets/tmp/1416897603.tex
time=2025-12-22T14:18:01.468+01:00 level=DEBUG msg="LaTeX content saved for debugging" debug_file=assets/tmp/latex_output1315260957/debug_latex.tex
time=2025-12-22T14:18:01.468+01:00 level=DEBUG msg="Running pdflatex command" command="/usr/bin/pdflatex -interaction=nonstopmode -halt-on-error -output-directory ./assets/tmp/latex_output1315260957 ./assets/tmp/1416897603.tex"
time=2025-12-22T14:18:01.465+01:00 level=DEBUG msg="Successfully read template" student_id=148 template_size_bytes=3110
time=2025-12-22T14:18:01.469+01:00 level=DEBUG msg="Template replacement completed" student_id=148 original_template_size=3110 updated_latex_size=3089
time=2025-12-22T14:18:01.469+01:00 level=DEBUG msg="Generated LaTeX sample (first 200 chars):" student_id=148 sample="\\documentclass[12pt]{article}\n\\usepackage{tikz}\n\\usepackage{subfig}\n\\usepackage{graphicx}\n\\usepackage{xcolor}\n\\usepackage[margin=1.0in]{geometry}\n\\usepackage{fancyhdr}\n\\usepackage{pgf}\n\\usepackage{qrc"
time=2025-12-22T14:18:01.469+01:00 level=INFO msg="LaTeX file created" file_path=./assets/tmp/1239729536.tex
time=2025-12-22T14:18:01.469+01:00 level=DEBUG msg="LaTeX content saved for debugging" debug_file=assets/tmp/latex_output1994467616/debug_latex.tex
time=2025-12-22T14:18:01.469+01:00 level=DEBUG msg="Running pdflatex command" command="/usr/bin/pdflatex -interaction=nonstopmode -halt-on-error -output-directory ./assets/tmp/latex_output1994467616 ./assets/tmp/1239729536.tex"
time=2025-12-22T14:18:01.475+01:00 level=DEBUG msg="Reading template file for student" student_id=151 template_path=/home/vbox/ScanEvalApp/assets/latex/templates/template_3.tex
time=2025-12-22T14:18:01.475+01:00 level=DEBUG msg="Successfully read template" student_id=151 template_size_bytes=3110
time=2025-12-22T14:18:01.460+01:00 level=DEBUG msg="Reading template file for student" student_id=162 template_path=/home/vbox/ScanEvalApp/assets/latex/templates/template_3.tex
time=2025-12-22T14:18:01.475+01:00 level=DEBUG msg="Successfully read template" student_id=162 template_size_bytes=3110
time=2025-12-22T14:18:01.475+01:00 level=DEBUG msg="Template replacement completed" student_id=151 original_template_size=3110 updated_latex_size=3092
time=2025-12-22T14:18:01.476+01:00 level=DEBUG msg="Generated LaTeX sample (first 200 chars):" student_id=151 sample="\\documentclass[12pt]{article}\n\\usepackage{tikz}\n\\usepackage{subfig}\n\\usepackage{graphicx}\n\\usepackage{xcolor}\n\\usepackage[margin=1.0in]{geometry}\n\\usepackage{fancyhdr}\n\\usepackage{pgf}\n\\usepackage{qrc"
time=2025-12-22T14:18:01.476+01:00 level=INFO msg="LaTeX file created" file_path=./assets/tmp/2598252028.tex
time=2025-12-22T14:18:01.476+01:00 level=DEBUG msg="LaTeX content saved for debugging" debug_file=assets/tmp/latex_output1360643101/debug_latex.tex
time=2025-12-22T14:18:01.476+01:00 level=DEBUG msg="Running pdflatex command" command="/usr/bin/pdflatex -interaction=nonstopmode -halt-on-error -output-directory ./assets/tmp/latex_output1360643101 ./assets/tmp/2598252028.tex"
time=2025-12-22T14:18:01.476+01:00 level=DEBUG msg="Template replacement completed" student_id=162 original_template_size=3110 updated_latex_size=3088
time=2025-12-22T14:18:01.476+01:00 level=DEBUG msg="Generated LaTeX sample (first 200 chars):" student_id=162 sample="\\documentclass[12pt]{article}\n\\usepackage{tikz}\n\\usepackage{subfig}\n\\usepackage{graphicx}\n\\usepackage{xcolor}\n\\usepackage[margin=1.0in]{geometry}\n\\usepackage{fancyhdr}\n\\usepackage{pgf}\n\\usepackage{qrc"
time=2025-12-22T14:18:01.476+01:00 level=INFO msg="LaTeX file created" file_path=./assets/tmp/500450616.tex
time=2025-12-22T14:18:01.476+01:00 level=DEBUG msg="LaTeX content saved for debugging" debug_file=assets/tmp/latex_output4269740648/debug_latex.tex
time=2025-12-22T14:18:01.476+01:00 level=DEBUG msg="Running pdflatex command" command="/usr/bin/pdflatex -interaction=nonstopmode -halt-on-error -output-directory ./assets/tmp/latex_output4269740648 ./assets/tmp/500450616.tex"
time=2025-12-22T14:18:01.444+01:00 level=DEBUG msg="Successfully read template" student_id=155 template_size_bytes=3110
time=2025-12-22T14:18:01.443+01:00 level=DEBUG msg="Template replacement completed" student_id=142 original_template_size=3110 updated_latex_size=3085
time=2025-12-22T14:18:01.479+01:00 level=DEBUG msg="Generated LaTeX sample (first 200 chars):" student_id=142 sample="\\documentclass[12pt]{article}\n\\usepackage{tikz}\n\\usepackage{subfig}\n\\usepackage{graphicx}\n\\usepackage{xcolor}\n\\usepackage[margin=1.0in]{geometry}\n\\usepackage{fancyhdr}\n\\usepackage{pgf}\n\\usepackage{qrc"
time=2025-12-22T14:18:01.479+01:00 level=INFO msg="LaTeX file created" file_path=./assets/tmp/4125093758.tex
time=2025-12-22T14:18:01.479+01:00 level=DEBUG msg="LaTeX content saved for debugging" debug_file=assets/tmp/latex_output2756151994/debug_latex.tex
time=2025-12-22T14:18:01.479+01:00 level=DEBUG msg="Running pdflatex command" command="/usr/bin/pdflatex -interaction=nonstopmode -halt-on-error -output-directory ./assets/tmp/latex_output2756151994 ./assets/tmp/4125093758.tex"
time=2025-12-22T14:18:01.479+01:00 level=DEBUG msg="Template replacement completed" student_id=155 original_template_size=3110 updated_latex_size=3087
time=2025-12-22T14:18:01.479+01:00 level=DEBUG msg="Generated LaTeX sample (first 200 chars):" student_id=155 sample="\\documentclass[12pt]{article}\n\\usepackage{tikz}\n\\usepackage{subfig}\n\\usepackage{graphicx}\n\\usepackage{xcolor}\n\\usepackage[margin=1.0in]{geometry}\n\\usepackage{fancyhdr}\n\\usepackage{pgf}\n\\usepackage{qrc"
time=2025-12-22T14:18:01.479+01:00 level=INFO msg="LaTeX file created" file_path=./assets/tmp/4164480621.tex
time=2025-12-22T14:18:01.479+01:00 level=DEBUG msg="LaTeX content saved for debugging" debug_file=assets/tmp/latex_output1884204514/debug_latex.tex
time=2025-12-22T14:18:01.479+01:00 level=DEBUG msg="Running pdflatex command" command="/usr/bin/pdflatex -interaction=nonstopmode -halt-on-error -output-directory ./assets/tmp/latex_output1884204514 ./assets/tmp/4164480621.tex"
time=2025-12-22T14:18:01.444+01:00 level=DEBUG msg="Reading template file for student" student_id=144 template_path=/home/vbox/ScanEvalApp/assets/latex/templates/template_3.tex
time=2025-12-22T14:18:01.444+01:00 level=DEBUG msg="LaTeX content saved for debugging" debug_file=assets/tmp/latex_output802869157/debug_latex.tex
time=2025-12-22T14:18:01.480+01:00 level=DEBUG msg="Successfully read template" student_id=144 template_size_bytes=3110
time=2025-12-22T14:18:01.480+01:00 level=DEBUG msg="Running pdflatex command" command="/usr/bin/pdflatex -interaction=nonstopmode -halt-on-error -output-directory ./assets/tmp/latex_output802869157 ./assets/tmp/1147760989.tex"
time=2025-12-22T14:18:01.480+01:00 level=DEBUG msg="Template replacement completed" student_id=144 original_template_size=3110 updated_latex_size=3087
time=2025-12-22T14:18:01.480+01:00 level=DEBUG msg="Generated LaTeX sample (first 200 chars):" student_id=144 sample="\\documentclass[12pt]{article}\n\\usepackage{tikz}\n\\usepackage{subfig}\n\\usepackage{graphicx}\n\\usepackage{xcolor}\n\\usepackage[margin=1.0in]{geometry}\n\\usepackage{fancyhdr}\n\\usepackage{pgf}\n\\usepackage{qrc"
time=2025-12-22T14:18:01.481+01:00 level=INFO msg="LaTeX file created" file_path=./assets/tmp/1871082863.tex
time=2025-12-22T14:18:01.481+01:00 level=DEBUG msg="LaTeX content saved for debugging" debug_file=assets/tmp/latex_output2014574441/debug_latex.tex
time=2025-12-22T14:18:01.481+01:00 level=DEBUG msg="Running pdflatex command" command="/usr/bin/pdflatex -interaction=nonstopmode -halt-on-error -output-directory ./assets/tmp/latex_output2014574441 ./assets/tmp/1871082863.tex"
time=2025-12-22T14:18:01.460+01:00 level=DEBUG msg="Reading template file for student" student_id=163 template_path=/home/vbox/ScanEvalApp/assets/latex/templates/template_3.tex
time=2025-12-22T14:18:01.482+01:00 level=DEBUG msg="Successfully read template" student_id=163 template_size_bytes=3110
time=2025-12-22T14:18:01.482+01:00 level=DEBUG msg="Template replacement completed" student_id=163 original_template_size=3110 updated_latex_size=3085
time=2025-12-22T14:18:01.482+01:00 level=DEBUG msg="Generated LaTeX sample (first 200 chars):" student_id=163 sample="\\documentclass[12pt]{article}\n\\usepackage{tikz}\n\\usepackage{subfig}\n\\usepackage{graphicx}\n\\usepackage{xcolor}\n\\usepackage[margin=1.0in]{geometry}\n\\usepackage{fancyhdr}\n\\usepackage{pgf}\n\\usepackage{qrc"
time=2025-12-22T14:18:01.482+01:00 level=INFO msg="LaTeX file created" file_path=./assets/tmp/1024147602.tex
time=2025-12-22T14:18:01.482+01:00 level=DEBUG msg="LaTeX content saved for debugging" debug_file=assets/tmp/latex_output601281874/debug_latex.tex
time=2025-12-22T14:18:01.482+01:00 level=DEBUG msg="Running pdflatex command" command="/usr/bin/pdflatex -interaction=nonstopmode -halt-on-error -output-directory ./assets/tmp/latex_output601281874 ./assets/tmp/1024147602.tex"
time=2025-12-22T14:18:01.443+01:00 level=DEBUG msg="Reading template file for student" student_id=141 template_path=/home/vbox/ScanEvalApp/assets/latex/templates/template_3.tex
time=2025-12-22T14:18:01.483+01:00 level=DEBUG msg="Successfully read template" student_id=141 template_size_bytes=3110
time=2025-12-22T14:18:01.460+01:00 level=DEBUG msg="Reading template file for student" student_id=149 template_path=/home/vbox/ScanEvalApp/assets/latex/templates/template_3.tex
time=2025-12-22T14:18:01.483+01:00 level=DEBUG msg="Successfully read template" student_id=149 template_size_bytes=3110
time=2025-12-22T14:18:01.484+01:00 level=DEBUG msg="Template replacement completed" student_id=141 original_template_size=3110 updated_latex_size=3098
time=2025-12-22T14:18:01.484+01:00 level=DEBUG msg="Generated LaTeX sample (first 200 chars):" student_id=141 sample="\\documentclass[12pt]{article}\n\\usepackage{tikz}\n\\usepackage{subfig}\n\\usepackage{graphicx}\n\\usepackage{xcolor}\n\\usepackage[margin=1.0in]{geometry}\n\\usepackage{fancyhdr}\n\\usepackage{pgf}\n\\usepackage{qrc"
time=2025-12-22T14:18:01.484+01:00 level=INFO msg="LaTeX file created" file_path=./assets/tmp/2532198238.tex
time=2025-12-22T14:18:01.484+01:00 level=DEBUG msg="LaTeX content saved for debugging" debug_file=assets/tmp/latex_output40260503/debug_latex.tex
time=2025-12-22T14:18:01.484+01:00 level=DEBUG msg="Running pdflatex command" command="/usr/bin/pdflatex -interaction=nonstopmode -halt-on-error -output-directory ./assets/tmp/latex_output40260503 ./assets/tmp/2532198238.tex"
time=2025-12-22T14:18:01.484+01:00 level=DEBUG msg="Template replacement completed" student_id=149 original_template_size=3110 updated_latex_size=3088
time=2025-12-22T14:18:01.484+01:00 level=DEBUG msg="Generated LaTeX sample (first 200 chars):" student_id=149 sample="\\documentclass[12pt]{article}\n\\usepackage{tikz}\n\\usepackage{subfig}\n\\usepackage{graphicx}\n\\usepackage{xcolor}\n\\usepackage[margin=1.0in]{geometry}\n\\usepackage{fancyhdr}\n\\usepackage{pgf}\n\\usepackage{qrc"
time=2025-12-22T14:18:01.484+01:00 level=INFO msg="LaTeX file created" file_path=./assets/tmp/1758669595.tex
time=2025-12-22T14:18:01.465+01:00 level=DEBUG msg="LaTeX content saved for debugging" debug_file=assets/tmp/latex_output3126812349/debug_latex.tex
time=2025-12-22T14:18:01.484+01:00 level=DEBUG msg="Running pdflatex command" command="/usr/bin/pdflatex -interaction=nonstopmode -halt-on-error -output-directory ./assets/tmp/latex_output3126812349 ./assets/tmp/1863829752.tex"
time=2025-12-22T14:18:01.484+01:00 level=DEBUG msg="LaTeX content saved for debugging" debug_file=assets/tmp/latex_output3087860373/debug_latex.tex
time=2025-12-22T14:18:01.484+01:00 level=DEBUG msg="Running pdflatex command" command="/usr/bin/pdflatex -interaction=nonstopmode -halt-on-error -output-directory ./assets/tmp/latex_output3087860373 ./assets/tmp/1758669595.tex"
time=2025-12-22T14:18:02.845+01:00 level=INFO msg="PDF compiled successfully" pdf_size_bytes=48847
time=2025-12-22T14:18:02.848+01:00 level=INFO msg="Súbor úspešne vymazaný" file_path=./assets/tmp/1416897603.tex
time=2025-12-22T14:18:02.848+01:00 level=DEBUG msg="Merging PDFs" pdf1=assets/tmp/student_129.pdf pdf2=assets/tmp/student_153.pdf
time=2025-12-22T14:18:02.862+01:00 level=INFO msg="PDF compiled successfully" pdf_size_bytes=48124
time=2025-12-22T14:18:02.862+01:00 level=INFO msg="Súbor úspešne vymazaný" file_path=./assets/tmp/1871082863.tex
time=2025-12-22T14:18:04.102+01:00 level=INFO msg="PDFs merged" output_path=assets/tmp/merged.pdf
time=2025-12-22T14:18:04.102+01:00 level=DEBUG msg="Generovanie PDF" spracovaných=26 celkovo=24 exam=skusam "id študenta"=153 "dokončené za"=2.634894941s
time=2025-12-22T14:18:04.102+01:00 level=INFO msg="Súbor úspešne vymazaný" file_path=assets/tmp/student_153.pdf
time=2025-12-22T14:18:04.102+01:00 level=DEBUG msg="Merging PDFs" pdf1=assets/tmp/student_129.pdf pdf2=assets/tmp/student_144.pdf
time=2025-12-22T14:18:04.157+01:00 level=INFO msg="PDFs merged" output_path=assets/tmp/merged.pdf
time=2025-12-22T14:18:04.158+01:00 level=DEBUG msg="Generovanie PDF" spracovaných=27 celkovo=24 exam=skusam "id študenta"=144 "dokončené za"=2.713932746s
time=2025-12-22T14:18:04.158+01:00 level=INFO msg="Súbor úspešne vymazaný" file_path=assets/tmp/student_144.pdf
time=2025-12-22T14:18:04.534+01:00 level=INFO msg="PDF compiled successfully" pdf_size_bytes=49717
time=2025-12-22T14:18:04.535+01:00 level=INFO msg="Súbor úspešne vymazaný" file_path=./assets/tmp/1561077701.tex
time=2025-12-22T14:18:04.535+01:00 level=DEBUG msg="Merging PDFs" pdf1=assets/tmp/student_129.pdf pdf2=assets/tmp/student_146.pdf
time=2025-12-22T14:18:04.591+01:00 level=INFO msg="PDFs merged" output_path=assets/tmp/merged.pdf
time=2025-12-22T14:18:04.592+01:00 level=DEBUG msg="Generovanie PDF" spracovaných=28 celkovo=24 exam=skusam "id študenta"=146 "dokončené za"=3.126316453s
time=2025-12-22T14:18:04.592+01:00 level=INFO msg="Súbor úspešne vymazaný" file_path=assets/tmp/student_146.pdf
time=2025-12-22T14:18:04.630+01:00 level=INFO msg="PDF compiled successfully" pdf_size_bytes=48774
time=2025-12-22T14:18:04.998+01:00 level=INFO msg="PDF compiled successfully" pdf_size_bytes=49430
time=2025-12-22T14:18:05.431+01:00 level=INFO msg="PDF compiled successfully" pdf_size_bytes=48730
time=2025-12-22T14:18:05.434+01:00 level=INFO msg="Súbor úspešne vymazaný" file_path=./assets/tmp/936508547.tex
time=2025-12-22T14:18:05.434+01:00 level=DEBUG msg="Merging PDFs" pdf1=assets/tmp/student_129.pdf pdf2=assets/tmp/student_152.pdf
time=2025-12-22T14:18:06.526+01:00 level=INFO msg="PDF compiled successfully" pdf_size_bytes=48966
time=2025-12-22T14:18:06.528+01:00 level=INFO msg="Súbor úspešne vymazaný" file_path=./assets/tmp/4105708981.tex
time=2025-12-22T14:18:06.528+01:00 level=INFO msg="Súbor úspešne vymazaný" file_path=./assets/tmp/4142636935.tex
time=2025-12-22T14:18:06.528+01:00 level=INFO msg="Súbor úspešne vymazaný" file_path=./assets/tmp/398564235.tex
time=2025-12-22T14:18:06.529+01:00 level=INFO msg="PDF compiled successfully" pdf_size_bytes=48622
time=2025-12-22T14:18:06.529+01:00 level=INFO msg="Súbor úspešne vymazaný" file_path=./assets/tmp/1382197679.tex
time=2025-12-22T14:18:06.531+01:00 level=INFO msg="PDF compiled successfully" pdf_size_bytes=48909
time=2025-12-22T14:18:06.531+01:00 level=INFO msg="Súbor úspešne vymazaný" file_path=./assets/tmp/838685843.tex
time=2025-12-22T14:18:06.531+01:00 level=INFO msg="PDF compiled successfully" pdf_size_bytes=49075
time=2025-12-22T14:18:06.531+01:00 level=INFO msg="Súbor úspešne vymazaný" file_path=./assets/tmp/4164480621.tex
time=2025-12-22T14:18:06.531+01:00 level=INFO msg="PDFs merged" output_path=assets/tmp/merged.pdf
time=2025-12-22T14:18:06.532+01:00 level=DEBUG msg="Generovanie PDF" spracovaných=29 celkovo=24 exam=skusam "id študenta"=152 "dokončené za"=5.067420633s
time=2025-12-22T14:18:06.532+01:00 level=INFO msg="Súbor úspešne vymazaný" file_path=assets/tmp/student_152.pdf
time=2025-12-22T14:18:06.532+01:00 level=DEBUG msg="Merging PDFs" pdf1=assets/tmp/student_129.pdf pdf2=assets/tmp/student_145.pdf
time=2025-12-22T14:18:06.591+01:00 level=INFO msg="PDFs merged" output_path=assets/tmp/merged.pdf
time=2025-12-22T14:18:06.592+01:00 level=DEBUG msg="Generovanie PDF" spracovaných=30 celkovo=24 exam=skusam "id študenta"=145 "dokončené za"=5.132529807s
time=2025-12-22T14:18:06.592+01:00 level=INFO msg="Súbor úspešne vymazaný" file_path=assets/tmp/student_145.pdf
time=2025-12-22T14:18:06.592+01:00 level=DEBUG msg="Merging PDFs" pdf1=assets/tmp/student_129.pdf pdf2=assets/tmp/student_161.pdf
time=2025-12-22T14:18:06.595+01:00 level=INFO msg="PDF compiled successfully" pdf_size_bytes=48765
time=2025-12-22T14:18:06.595+01:00 level=INFO msg="Súbor úspešne vymazaný" file_path=./assets/tmp/2598252028.tex
time=2025-12-22T14:18:06.659+01:00 level=INFO msg="PDF compiled successfully" pdf_size_bytes=48739
time=2025-12-22T14:18:06.661+01:00 level=INFO msg="Súbor úspešne vymazaný" file_path=./assets/tmp/1147760989.tex
time=2025-12-22T14:18:06.734+01:00 level=INFO msg="PDF compiled successfully" pdf_size_bytes=49086
time=2025-12-22T14:18:06.736+01:00 level=INFO msg="Súbor úspešne vymazaný" file_path=./assets/tmp/2337578730.tex
time=2025-12-22T14:18:06.785+01:00 level=INFO msg="PDF compiled successfully" pdf_size_bytes=49072
time=2025-12-22T14:18:06.787+01:00 level=INFO msg="Súbor úspešne vymazaný" file_path=./assets/tmp/1758669595.tex
time=2025-12-22T14:18:06.795+01:00 level=INFO msg="PDFs merged" output_path=assets/tmp/merged.pdf
time=2025-12-22T14:18:06.807+01:00 level=DEBUG msg="Generovanie PDF" spracovaných=31 celkovo=24 exam=skusam "id študenta"=161 "dokončené za"=5.350938519s
time=2025-12-22T14:18:06.807+01:00 level=INFO msg="Súbor úspešne vymazaný" file_path=assets/tmp/student_161.pdf
time=2025-12-22T14:18:06.808+01:00 level=DEBUG msg="Merging PDFs" pdf1=assets/tmp/student_129.pdf pdf2=assets/tmp/student_147.pdf
time=2025-12-22T14:18:06.935+01:00 level=INFO msg="PDFs merged" output_path=assets/tmp/merged.pdf
time=2025-12-22T14:18:06.972+01:00 level=DEBUG msg="Generovanie PDF" spracovaných=32 celkovo=24 exam=skusam "id študenta"=147 "dokončené za"=5.506884163s
time=2025-12-22T14:18:06.972+01:00 level=INFO msg="Súbor úspešne vymazaný" file_path=assets/tmp/student_147.pdf
time=2025-12-22T14:18:06.972+01:00 level=DEBUG msg="Merging PDFs" pdf1=assets/tmp/student_129.pdf pdf2=assets/tmp/student_157.pdf
time=2025-12-22T14:18:07.021+01:00 level=INFO msg="PDF compiled successfully" pdf_size_bytes=49237
time=2025-12-22T14:18:07.024+01:00 level=INFO msg="Súbor úspešne vymazaný" file_path=./assets/tmp/2411121028.tex
time=2025-12-22T14:18:07.030+01:00 level=INFO msg="PDF compiled successfully" pdf_size_bytes=48450
time=2025-12-22T14:18:07.032+01:00 level=INFO msg="Súbor úspešne vymazaný" file_path=./assets/tmp/1863829752.tex
time=2025-12-22T14:18:07.146+01:00 level=INFO msg="PDF compiled successfully" pdf_size_bytes=48413
time=2025-12-22T14:18:07.149+01:00 level=INFO msg="Súbor úspešne vymazaný" file_path=./assets/tmp/1239729536.tex
time=2025-12-22T14:18:07.157+01:00 level=INFO msg="PDFs merged" output_path=assets/tmp/merged.pdf
time=2025-12-22T14:18:07.168+01:00 level=DEBUG msg="Generovanie PDF" spracovaných=33 celkovo=24 exam=skusam "id študenta"=157 "dokončené za"=5.722816441s
time=2025-12-22T14:18:07.168+01:00 level=INFO msg="Súbor úspešne vymazaný" file_path=assets/tmp/student_157.pdf
time=2025-12-22T14:18:07.173+01:00 level=DEBUG msg="Merging PDFs" pdf1=assets/tmp/student_129.pdf pdf2=assets/tmp/student_150.pdf
time=2025-12-22T14:18:07.295+01:00 level=INFO msg="PDF compiled successfully" pdf_size_bytes=48585
time=2025-12-22T14:18:07.297+01:00 level=INFO msg="Súbor úspešne vymazaný" file_path=./assets/tmp/500450616.tex
time=2025-12-22T14:18:07.322+01:00 level=INFO msg="PDFs merged" output_path=assets/tmp/merged.pdf
time=2025-12-22T14:18:07.325+01:00 level=DEBUG msg="Generovanie PDF" spracovaných=34 celkovo=24 exam=skusam "id študenta"=150 "dokončené za"=5.865291109s
time=2025-12-22T14:18:07.326+01:00 level=INFO msg="Súbor úspešne vymazaný" file_path=assets/tmp/student_150.pdf
time=2025-12-22T14:18:07.326+01:00 level=DEBUG msg="Merging PDFs" pdf1=assets/tmp/student_129.pdf pdf2=assets/tmp/student_155.pdf
time=2025-12-22T14:18:07.338+01:00 level=INFO msg="PDF compiled successfully" pdf_size_bytes=49086
time=2025-12-22T14:18:07.341+01:00 level=INFO msg="Súbor úspešne vymazaný" file_path=./assets/tmp/1121682864.tex
time=2025-12-22T14:18:07.361+01:00 level=INFO msg="PDF compiled successfully" pdf_size_bytes=48531
time=2025-12-22T14:18:07.368+01:00 level=INFO msg="Súbor úspešne vymazaný" file_path=./assets/tmp/4125093758.tex
time=2025-12-22T14:18:07.381+01:00 level=INFO msg="PDF compiled successfully" pdf_size_bytes=49349
time=2025-12-22T14:18:07.382+01:00 level=INFO msg="Súbor úspešne vymazaný" file_path=./assets/tmp/2532198238.tex
time=2025-12-22T14:18:07.413+01:00 level=INFO msg="PDF compiled successfully" pdf_size_bytes=48649
time=2025-12-22T14:18:07.416+01:00 level=INFO msg="Súbor úspešne vymazaný" file_path=./assets/tmp/1024147602.tex
time=2025-12-22T14:18:07.684+01:00 level=INFO msg="PDFs merged" output_path=assets/tmp/merged.pdf
time=2025-12-22T14:18:07.690+01:00 level=DEBUG msg="Generovanie PDF" spracovaných=35 celkovo=24 exam=skusam "id študenta"=155 "dokončené za"=6.245532301s
time=2025-12-22T14:18:07.690+01:00 level=INFO msg="Súbor úspešne vymazaný" file_path=assets/tmp/student_155.pdf
time=2025-12-22T14:18:07.690+01:00 level=DEBUG msg="Merging PDFs" pdf1=assets/tmp/student_129.pdf pdf2=assets/tmp/student_151.pdf
time=2025-12-22T14:18:07.707+01:00 level=INFO msg="PDF compiled successfully" pdf_size_bytes=49089
time=2025-12-22T14:18:07.709+01:00 level=INFO msg="Súbor úspešne vymazaný" file_path=./assets/tmp/3944684221.tex
time=2025-12-22T14:18:07.821+01:00 level=INFO msg="PDF compiled successfully" pdf_size_bytes=48824
time=2025-12-22T14:18:07.828+01:00 level=INFO msg="Súbor úspešne vymazaný" file_path=./assets/tmp/3981945002.tex
time=2025-12-22T14:18:07.907+01:00 level=INFO msg="PDFs merged" output_path=assets/tmp/merged.pdf
time=2025-12-22T14:18:07.912+01:00 level=DEBUG msg="Generovanie PDF" spracovaných=36 celkovo=24 exam=skusam "id študenta"=151 "dokončené za"=6.437619204s
time=2025-12-22T14:18:07.913+01:00 level=INFO msg="Súbor úspešne vymazaný" file_path=assets/tmp/student_151.pdf
time=2025-12-22T14:18:07.914+01:00 level=DEBUG msg="Merging PDFs" pdf1=assets/tmp/student_129.pdf pdf2=assets/tmp/student_164.pdf
time=2025-12-22T14:18:08.134+01:00 level=INFO msg="PDFs merged" output_path=assets/tmp/merged.pdf
time=2025-12-22T14:18:08.138+01:00 level=DEBUG msg="Generovanie PDF" spracovaných=37 celkovo=24 exam=skusam "id študenta"=164 "dokončené za"=6.694142068s
time=2025-12-22T14:18:08.138+01:00 level=INFO msg="Súbor úspešne vymazaný" file_path=assets/tmp/student_164.pdf
time=2025-12-22T14:18:08.138+01:00 level=DEBUG msg="Merging PDFs" pdf1=assets/tmp/student_129.pdf pdf2=assets/tmp/student_159.pdf
time=2025-12-22T14:18:08.233+01:00 level=INFO msg="PDFs merged" output_path=assets/tmp/merged.pdf
time=2025-12-22T14:18:08.239+01:00 level=DEBUG msg="Generovanie PDF" spracovaných=38 celkovo=24 exam=skusam "id študenta"=159 "dokončené za"=6.794842767s
time=2025-12-22T14:18:08.240+01:00 level=INFO msg="Súbor úspešne vymazaný" file_path=assets/tmp/student_159.pdf
time=2025-12-22T14:18:08.240+01:00 level=DEBUG msg="Merging PDFs" pdf1=assets/tmp/student_129.pdf pdf2=assets/tmp/student_149.pdf
time=2025-12-22T14:18:08.454+01:00 level=INFO msg="PDFs merged" output_path=assets/tmp/merged.pdf
time=2025-12-22T14:18:08.460+01:00 level=DEBUG msg="Generovanie PDF" spracovaných=39 celkovo=24 exam=skusam "id študenta"=149 "dokončené za"=7.000368079s
time=2025-12-22T14:18:08.461+01:00 level=INFO msg="Súbor úspešne vymazaný" file_path=assets/tmp/student_149.pdf
time=2025-12-22T14:18:08.461+01:00 level=DEBUG msg="Merging PDFs" pdf1=assets/tmp/student_129.pdf pdf2=assets/tmp/student_160.pdf
time=2025-12-22T14:18:08.538+01:00 level=INFO msg="PDFs merged" output_path=assets/tmp/merged.pdf
time=2025-12-22T14:18:08.543+01:00 level=DEBUG msg="Generovanie PDF" spracovaných=40 celkovo=24 exam=skusam "id študenta"=160 "dokončené za"=7.098695603s
time=2025-12-22T14:18:08.543+01:00 level=INFO msg="Súbor úspešne vymazaný" file_path=assets/tmp/student_160.pdf
time=2025-12-22T14:18:08.543+01:00 level=DEBUG msg="Merging PDFs" pdf1=assets/tmp/student_129.pdf pdf2=assets/tmp/student_143.pdf
time=2025-12-22T14:18:08.662+01:00 level=INFO msg="PDFs merged" output_path=assets/tmp/merged.pdf
time=2025-12-22T14:18:08.668+01:00 level=DEBUG msg="Generovanie PDF" spracovaných=41 celkovo=24 exam=skusam "id študenta"=143 "dokončené za"=7.22774507s
time=2025-12-22T14:18:08.669+01:00 level=INFO msg="Súbor úspešne vymazaný" file_path=assets/tmp/student_143.pdf
time=2025-12-22T14:18:08.669+01:00 level=DEBUG msg="Merging PDFs" pdf1=assets/tmp/student_129.pdf pdf2=assets/tmp/student_148.pdf
time=2025-12-22T14:18:08.780+01:00 level=INFO msg="PDFs merged" output_path=assets/tmp/merged.pdf
time=2025-12-22T14:18:08.783+01:00 level=DEBUG msg="Generovanie PDF" spracovaných=42 celkovo=24 exam=skusam "id študenta"=148 "dokončené za"=7.318244486s
time=2025-12-22T14:18:08.784+01:00 level=INFO msg="Súbor úspešne vymazaný" file_path=assets/tmp/student_148.pdf
time=2025-12-22T14:18:08.784+01:00 level=DEBUG msg="Merging PDFs" pdf1=assets/tmp/student_129.pdf pdf2=assets/tmp/student_162.pdf
time=2025-12-22T14:18:08.892+01:00 level=INFO msg="PDFs merged" output_path=assets/tmp/merged.pdf
time=2025-12-22T14:18:08.898+01:00 level=DEBUG msg="Generovanie PDF" spracovaných=43 celkovo=24 exam=skusam "id študenta"=162 "dokončené za"=7.438666699s
time=2025-12-22T14:18:08.899+01:00 level=INFO msg="Súbor úspešne vymazaný" file_path=assets/tmp/student_162.pdf
time=2025-12-22T14:18:08.899+01:00 level=DEBUG msg="Merging PDFs" pdf1=assets/tmp/student_129.pdf pdf2=assets/tmp/student_158.pdf
time=2025-12-22T14:18:09.008+01:00 level=INFO msg="PDFs merged" output_path=assets/tmp/merged.pdf
time=2025-12-22T14:18:09.018+01:00 level=DEBUG msg="Generovanie PDF" spracovaných=44 celkovo=24 exam=skusam "id študenta"=158 "dokončené za"=7.561333003s
time=2025-12-22T14:18:09.018+01:00 level=INFO msg="Súbor úspešne vymazaný" file_path=assets/tmp/student_158.pdf
time=2025-12-22T14:18:09.019+01:00 level=DEBUG msg="Merging PDFs" pdf1=assets/tmp/student_129.pdf pdf2=assets/tmp/student_142.pdf
time=2025-12-22T14:18:09.129+01:00 level=INFO msg="PDFs merged" output_path=assets/tmp/merged.pdf
time=2025-12-22T14:18:09.133+01:00 level=DEBUG msg="Generovanie PDF" spracovaných=45 celkovo=24 exam=skusam "id študenta"=142 "dokončené za"=7.693479193s
time=2025-12-22T14:18:09.133+01:00 level=INFO msg="Súbor úspešne vymazaný" file_path=assets/tmp/student_142.pdf
time=2025-12-22T14:18:09.133+01:00 level=DEBUG msg="Merging PDFs" pdf1=assets/tmp/student_129.pdf pdf2=assets/tmp/student_141.pdf
time=2025-12-22T14:18:09.262+01:00 level=INFO msg="PDFs merged" output_path=assets/tmp/merged.pdf
time=2025-12-22T14:18:09.273+01:00 level=DEBUG msg="Generovanie PDF" spracovaných=46 celkovo=24 exam=skusam "id študenta"=141 "dokončené za"=7.830007545s
time=2025-12-22T14:18:09.273+01:00 level=INFO msg="Súbor úspešne vymazaný" file_path=assets/tmp/student_141.pdf
time=2025-12-22T14:18:09.273+01:00 level=DEBUG msg="Merging PDFs" pdf1=assets/tmp/student_129.pdf pdf2=assets/tmp/student_163.pdf
time=2025-12-22T14:18:09.391+01:00 level=INFO msg="PDFs merged" output_path=assets/tmp/merged.pdf
time=2025-12-22T14:18:09.399+01:00 level=DEBUG msg="Generovanie PDF" spracovaných=47 celkovo=24 exam=skusam "id študenta"=163 "dokončené za"=7.939133354s
time=2025-12-22T14:18:09.399+01:00 level=INFO msg="Súbor úspešne vymazaný" file_path=assets/tmp/student_163.pdf
time=2025-12-22T14:18:09.399+01:00 level=DEBUG msg="Merging PDFs" pdf1=assets/tmp/student_129.pdf pdf2=assets/tmp/student_156.pdf
time=2025-12-22T14:18:09.511+01:00 level=INFO msg="PDFs merged" output_path=assets/tmp/merged.pdf
time=2025-12-22T14:18:09.529+01:00 level=DEBUG msg="Generovanie PDF" spracovaných=48 celkovo=24 exam=skusam "id študenta"=156 "dokončené za"=8.072051345s
time=2025-12-22T14:18:09.529+01:00 level=INFO msg="Súbor úspešne vymazaný" file_path=assets/tmp/student_156.pdf
time=2025-12-22T14:18:09.529+01:00 level=DEBUG msg="Merging PDFs" pdf1=assets/tmp/student_129.pdf pdf2=assets/tmp/student_154.pdf
time=2025-12-22T14:18:09.808+01:00 level=INFO msg="PDFs merged" output_path=assets/tmp/merged.pdf
time=2025-12-22T14:18:09.813+01:00 level=DEBUG msg="Generovanie PDF" spracovaných=49 celkovo=24 exam=skusam "id študenta"=154 "dokončené za"=8.369070158s
time=2025-12-22T14:18:09.813+01:00 level=INFO msg="Súbor úspešne vymazaný" file_path=assets/tmp/student_154.pdf
time=2025-12-22T14:18:09.819+01:00 level=DEBUG msg="Celkový čas generovania PDF" duration=39.228083443s
time=2025-12-22T14:18:09.819+01:00 level=INFO msg="Výsledné PDF úspešne uložené do" output_PDF_path=/home/vbox/Documents/skusam18.pdf
time=2025-12-22T14:18:09.820+01:00 level=INFO msg="Úspešne vygenerované PDF pre skúšku" examID=18
time=2025-12-22T15:32:31.108+01:00 level=DEBUG msg="Hľadanie testu" "ID testu"=18
time=2025-12-22T15:32:31.121+01:00 level=DEBUG msg="Test bol nájdený" test=skusam year=2024/25
time=2025-12-22T15:32:39.746+01:00 level=INFO msg="Id studenta bolo najdene z qr kodu" id=127
time=2025-12-22T15:32:39.771+01:00 level=DEBUG msg="Hľadanie študenta" id=127 "exam ID"=18
time=2025-12-22T15:32:39.782+01:00 level=DEBUG msg="Študent nájdený" name=Monika surname=Kokavec
time=2025-12-22T15:32:39.782+01:00 level=INFO msg="Našiel sa študent v databáze" studentID=127 name=Monika
time=2025-12-22T15:32:40.253+01:00 level=INFO msg="Úspešne uložený obrázok" path=./assets/tmp/temp-image.png
time=2025-12-22T15:32:42.092+01:00 level=WARN msg="QR kód nebol nájdený, pokúšame sa získať registrationNumber zo záhlavia"
time=2025-12-22T15:32:42.128+01:00 level=INFO msg="Question number" number=1
time=2025-12-22T15:32:42.131+01:00 level=INFO msg="Súbor úspešne vymazaný" file_path=./assets/tmp/temp-image.png
time=2025-12-22T15:32:42.152+01:00 level=INFO msg="Úspešne uložený obrázok" path=./assets/tmp/temp-header-image.png
time=2025-12-22T15:32:42.204+01:00 level=DEBUG msg="Hľadanie študenta" id=127 "exam ID"=18
time=2025-12-22T15:32:42.204+01:00 level=DEBUG msg="Študent nájdený" name=Monika surname=Kokavec
time=2025-12-22T15:32:42.204+01:00 level=DEBUG msg="Hľadanie testu" "ID testu"=18
time=2025-12-22T15:32:42.204+01:00 level=DEBUG msg="Test bol nájdený" test=skusam year=2024/25
time=2025-12-22T16:57:30.304+01:00 level=INFO msg=---------------------------------------------------
time=2025-12-22T16:57:30.315+01:00 level=INFO msg="Aplikácia spustená"
time=2025-12-22T16:57:30.315+01:00 level=INFO msg="Spúšťam migráciu databázy."
time=2025-12-22T16:57:30.315+01:00 level=DEBUG msg="Pripájam sa k databáze..."
time=2025-12-22T16:57:30.323+01:00 level=DEBUG msg="Spúšťam migrácie..."
time=2025-12-22T16:57:30.354+01:00 level=INFO msg="Migrácia databázy úspešne dokončená"
time=2025-12-22T16:57:30.357+01:00 level=INFO msg="Migrácia databázy dokončená."
time=2025-12-22T16:57:30.357+01:00 level=INFO msg="Spúšťam GUI."
time=2025-12-22T16:59:00.495+01:00 level=DEBUG msg="Mazanie študenta" "registration number"=1000050 name=Jozef surname=Varga
time=2025-12-22T16:59:00.509+01:00 level=DEBUG msg="Mazanie študenta" "registration number"=1000051 name=Ján surname=Matejovec
time=2025-12-22T16:59:00.515+01:00 level=DEBUG msg="Mazanie študenta" "registration number"=1000052 name="Roman Alexander" surname=Kolesár
time=2025-12-22T16:59:00.521+01:00 level=DEBUG msg="Mazanie študenta" "registration number"=1000053 name=Ján surname=Novák
time=2025-12-22T16:59:00.535+01:00 level=DEBUG msg="Mazanie študenta" "registration number"=1000054 name=Martin surname=Mrkvička
time=2025-12-22T16:59:00.554+01:00 level=DEBUG msg="Mazanie študenta" "registration number"=1000055 name="Roman Alexander" surname=Kokavec
time=2025-12-22T16:59:00.560+01:00 level=DEBUG msg="Mazanie študenta" "registration number"=1000056 name=Nikola surname=Kováč
time=2025-12-22T16:59:00.566+01:00 level=DEBUG msg="Mazanie študenta" "registration number"=1000057 name=Jozef surname=Novák
time=2025-12-22T16:59:00.571+01:00 level=DEBUG msg="Mazanie študenta" "registration number"=1000058 name=Matúš surname=Matejovec
time=2025-12-22T16:59:00.577+01:00 level=DEBUG msg="Mazanie študenta" "registration number"=1000059 name=Nikola surname=Nagy
time=2025-12-22T16:59:00.584+01:00 level=DEBUG msg="Mazanie študenta" "registration number"=1000060 name=Martin surname=Varga
time=2025-12-22T16:59:00.595+01:00 level=DEBUG msg="Mazanie študenta" "registration number"=1000061 name=Monika surname=Kokavec
time=2025-12-22T16:59:00.606+01:00 level=DEBUG msg="Mazanie študenta" "registration number"=1000062 name=Monika surname=Štúr
time=2025-12-22T16:59:00.616+01:00 level=DEBUG msg="Mazanie študenta" "registration number"=1000063 name=Jozef surname=Horvát
time=2025-12-22T16:59:00.624+01:00 level=DEBUG msg="Mazanie študenta" "registration number"=1000064 name=Nikola surname=Štúr
time=2025-12-22T16:59:00.672+01:00 level=DEBUG msg="Mazanie študenta" "registration number"=1000065 name=Radoslav surname=Varga
time=2025-12-22T16:59:00.679+01:00 level=DEBUG msg="Mazanie študenta" "registration number"=1000066 name=Ondrej surname=Kolesár
time=2025-12-22T16:59:00.685+01:00 level=DEBUG msg="Mazanie študenta" "registration number"=1000067 name=Ondrej surname=Novák
time=2025-12-22T16:59:00.692+01:00 level=DEBUG msg="Mazanie študenta" "registration number"=1000068 name="Roman Alexander" surname=Mrkvička
time=2025-12-22T16:59:00.698+01:00 level=DEBUG msg="Mazanie študenta" "registration number"=1000069 name=Monika surname=Novák
time=2025-12-22T16:59:00.705+01:00 level=DEBUG msg="Mazanie študenta" "registration number"=1000070 name=Matúš surname=Matejovec
time=2025-12-22T16:59:00.714+01:00 level=DEBUG msg="Mazanie študenta" "registration number"=1000071 name=Matúš surname=Kováč
time=2025-12-22T16:59:00.741+01:00 level=DEBUG msg="Mazanie študenta" "registration number"=1000072 name=Martin surname=Nagy
time=2025-12-22T16:59:00.750+01:00 level=DEBUG msg="Mazanie študenta" "registration number"=1000073 name=Nikola surname=Novák
time=2025-12-22T16:59:00.757+01:00 level=DEBUG msg="Mazanie študenta" "registration number"=1000074 name="Roman Alexander" surname=Novák
time=2025-12-22T16:59:00.764+01:00 level=DEBUG msg="Mazanie študenta" "registration number"=1000075 name="Roman Alexander" surname=Kolesár
time=2025-12-22T16:59:00.770+01:00 level=DEBUG msg="Mazanie študenta" "registration number"=1000076 name=Ján surname=Novák
time=2025-12-22T16:59:00.797+01:00 level=DEBUG msg="Mazanie študenta" "registration number"=1000077 name=Ján surname=Šeliga
time=2025-12-22T16:59:00.828+01:00 level=DEBUG msg="Mazanie študenta" "registration number"=1000078 name=Martin surname=Štúr
time=2025-12-22T16:59:00.835+01:00 level=DEBUG msg="Mazanie študenta" "registration number"=1000079 name=Radoslav surname=Kolesár
time=2025-12-22T16:59:00.843+01:00 level=DEBUG msg="Mazanie študenta" "registration number"=1000080 name="Roman Alexander" surname=Nagy
time=2025-12-22T16:59:00.872+01:00 level=DEBUG msg="Mazanie študenta" "registration number"=1000081 name="Roman Alexander" surname=Matejovec
time=2025-12-22T16:59:00.885+01:00 level=DEBUG msg="Mazanie študenta" "registration number"=1000082 name=Matúš surname=Kováč
time=2025-12-22T16:59:00.918+01:00 level=DEBUG msg="Mazanie študenta" "registration number"=1000083 name=Nikola surname=Horvát
time=2025-12-22T16:59:00.945+01:00 level=DEBUG msg="Mazanie študenta" "registration number"=1000084 name=Jozef surname=Novák
time=2025-12-22T16:59:00.953+01:00 level=DEBUG msg="Mazanie študenta" "registration number"=1000085 name=František surname=Horvát
time=2025-12-22T16:59:00.965+01:00 level=DEBUG msg="Mazanie študenta" "registration number"=1000086 name=Timotej surname=Horvát
time=2025-12-22T16:59:00.988+01:00 level=DEBUG msg="Mazanie študenta" "registration number"=1000087 name=Ondrej surname=Horvát
time=2025-12-22T16:59:00.995+01:00 level=DEBUG msg="Mazanie študenta" "registration number"=1000088 name=Ema surname=Kokavec
time=2025-12-22T16:59:01.040+01:00 level=DEBUG msg="Mazanie študenta" "registration number"=1000089 name=Ondrej surname=Novák
time=2025-12-22T16:59:01.070+01:00 level=DEBUG msg="Mazanie študenta" "registration number"=1000090 name=František surname=Kokavec
time=2025-12-22T16:59:01.077+01:00 level=DEBUG msg="Mazanie študenta" "registration number"=1000091 name=Martin surname=Novák
time=2025-12-22T16:59:01.104+01:00 level=DEBUG msg="Mazanie študenta" "registration number"=1000092 name=Radoslav surname=Mrkvička
time=2025-12-22T16:59:01.112+01:00 level=DEBUG msg="Mazanie študenta" "registration number"=1000093 name=Radoslav surname=Varga
time=2025-12-22T16:59:01.163+01:00 level=DEBUG msg="Mazanie študenta" "registration number"=1000094 name=František surname=Nagy
time=2025-12-22T16:59:01.175+01:00 level=DEBUG msg="Mazanie študenta" "registration number"=1000095 name=František surname=Mrkvička
time=2025-12-22T16:59:01.183+01:00 level=DEBUG msg="Mazanie študenta" "registration number"=1000096 name=Vanesa surname=Kováč
time=2025-12-22T16:59:01.191+01:00 level=DEBUG msg="Mazanie študenta" "registration number"=1000097 name=Martin surname=Nagy
time=2025-12-22T16:59:01.208+01:00 level=DEBUG msg="Mazanie študenta" "registration number"=1000098 name=Jozef surname=Matejovec
time=2025-12-22T16:59:01.231+01:00 level=DEBUG msg="Test vymazaný" "test ID"=18
time=2025-12-22T16:59:01.231+01:00 level=INFO msg="Vymazanie testu s ID" ID=18
time=2025-12-22T17:00:28.935+01:00 level=INFO msg="Kliknutie na tlačidlo Vytvoriť test"
time=2025-12-22T17:00:28.935+01:00 level=DEBUG msg="Preparsované číslo pocet otazok:" count=35
time=2025-12-22T17:01:34.651+01:00 level=INFO msg="Vybraný súbor" Path=/home/vbox/Downloads/test4opd.csv
time=2025-12-22T17:01:34.652+01:00 level=INFO msg="Kliknutie na tlačidlo Odoslať"
time=2025-12-22T17:01:34.652+01:00 level=DEBUG msg="Vytváranie testu" test=tri cas=2024/25
time=2025-12-22T17:01:34.661+01:00 level=DEBUG msg="Vytváranie študenta" name=Jozef surname=Varga "registration number"=1000000
time=2025-12-22T17:01:34.666+01:00 level=DEBUG msg="Vytváranie študenta" name=Ján surname=Matejovec "registration number"=1000001
time=2025-12-22T17:01:34.673+01:00 level=DEBUG msg="Vytváranie študenta" name="Roman Alexander" surname=Kolesár "registration number"=1000002
time=2025-12-22T17:01:34.679+01:00 level=DEBUG msg="Vytváranie študenta" name=Ján surname=Novák "registration number"=1000026
time=2025-12-22T17:01:34.686+01:00 level=DEBUG msg="Vytváranie študenta" name=Martin surname=Mrkvička "registration number"=1000054
time=2025-12-22T17:01:34.692+01:00 level=DEBUG msg="Vytváranie študenta" name="Roman Alexander" surname=Kokavec "registration number"=1000005
time=2025-12-22T17:01:34.698+01:00 level=DEBUG msg="Vytváranie študenta" name=Nikola surname=Kováč "registration number"=1000006
time=2025-12-22T17:01:34.705+01:00 level=DEBUG msg="Vytváranie študenta" name=Jozef surname=Novák "registration number"=1000007
time=2025-12-22T17:01:34.717+01:00 level=DEBUG msg="Vytváranie študenta" name=Matúš surname=Matejovec "registration number"=1000020
time=2025-12-22T17:01:34.759+01:00 level=DEBUG msg="Vytváranie študenta" name=Nikola surname=Nagy "registration number"=1000009
time=2025-12-22T17:01:34.770+01:00 level=DEBUG msg="Vytváranie študenta" name=Martin surname=Varga "registration number"=1000010
time=2025-12-22T17:01:34.779+01:00 level=DEBUG msg="Vytváranie študenta" name=Monika surname=Kokavec "registration number"=1000011
time=2025-12-22T17:01:34.786+01:00 level=DEBUG msg="Vytváranie študenta" name=Monika surname=Štúr "registration number"=1000062
time=2025-12-22T17:01:34.820+01:00 level=DEBUG msg="Vytváranie študenta" name=Jozef surname=Horvát "registration number"=1000013
time=2025-12-22T17:01:34.835+01:00 level=DEBUG msg="Vytváranie študenta" name=Nikola surname=Štúr "registration number"=1000064
time=2025-12-22T17:01:34.857+01:00 level=DEBUG msg="Vytváranie študenta" name=Radoslav surname=Varga "registration number"=1000015
time=2025-12-22T17:01:34.884+01:00 level=DEBUG msg="Vytváranie študenta" name=Ondrej surname=Kolesár "registration number"=1000016
time=2025-12-22T17:01:34.893+01:00 level=DEBUG msg="Vytváranie študenta" name=Ondrej surname=Novák "registration number"=1000017
time=2025-12-22T17:01:34.901+01:00 level=DEBUG msg="Vytváranie študenta" name="Roman Alexander" surname=Mrkvička "registration number"=1000018
time=2025-12-22T17:01:34.908+01:00 level=DEBUG msg="Vytváranie študenta" name=Monika surname=Novák "registration number"=1000019
time=2025-12-22T17:01:34.927+01:00 level=DEBUG msg="Vytváranie študenta" name=Matúš surname=Matejovec "registration number"=1000070
time=2025-12-22T17:01:34.972+01:00 level=DEBUG msg="Vytváranie študenta" name=Matúš surname=Kováč "registration number"=1000021
time=2025-12-22T17:01:34.980+01:00 level=DEBUG msg="Vytváranie študenta" name=Martin surname=Nagy "registration number"=1000047
time=2025-12-22T17:01:35.006+01:00 level=DEBUG msg="Vytváranie študenta" name=Nikola surname=Novák "registration number"=1000023
time=2025-12-22T17:01:35.018+01:00 level=DEBUG msg="Vytváranie študenta" name="Roman Alexander" surname=Novák "registration number"=1000074
time=2025-12-22T17:01:35.068+01:00 level=DEBUG msg="Vytváranie študenta" name="Roman Alexander" surname=Kolesár "registration number"=1000025
time=2025-12-22T17:01:35.083+01:00 level=DEBUG msg="Vytváranie študenta" name=Ján surname=Novák "registration number"=1000003
time=2025-12-22T17:01:35.090+01:00 level=DEBUG msg="Vytváranie študenta" name=Ján surname=Šeliga "registration number"=1000027
time=2025-12-22T17:01:35.096+01:00 level=DEBUG msg="Vytváranie študenta" name=Martin surname=Štúr "registration number"=1000028
time=2025-12-22T17:01:35.103+01:00 level=DEBUG msg="Vytváranie študenta" name=Radoslav surname=Kolesár "registration number"=1000029
time=2025-12-22T17:01:35.110+01:00 level=DEBUG msg="Vytváranie študenta" name="Roman Alexander" surname=Nagy "registration number"=1000030
time=2025-12-22T17:01:35.118+01:00 level=DEBUG msg="Vytváranie študenta" name="Roman Alexander" surname=Matejovec "registration number"=1000031
time=2025-12-22T17:01:35.128+01:00 level=DEBUG msg="Vytváranie študenta" name=Matúš surname=Kováč "registration number"=1000032
time=2025-12-22T17:01:35.135+01:00 level=DEBUG msg="Vytváranie študenta" name=Nikola surname=Horvát "registration number"=1000033
time=2025-12-22T17:01:35.141+01:00 level=DEBUG msg="Vytváranie študenta" name=Jozef surname=Novák "registration number"=1000034
time=2025-12-22T17:01:35.147+01:00 level=DEBUG msg="Vytváranie študenta" name=František surname=Horvát "registration number"=1000085
time=2025-12-22T17:01:35.154+01:00 level=DEBUG msg="Vytváranie študenta" name=Timotej surname=Horvát "registration number"=1000036
time=2025-12-22T17:01:35.164+01:00 level=DEBUG msg="Vytváranie študenta" name=Ondrej surname=Horvát "registration number"=1000087
time=2025-12-22T17:01:35.178+01:00 level=DEBUG msg="Vytváranie študenta" name=Ema surname=Kokavec "registration number"=1000038
time=2025-12-22T17:01:35.225+01:00 level=DEBUG msg="Vytváranie študenta" name=Ondrej surname=Novák "registration number"=1000039
time=2025-12-22T17:01:35.234+01:00 level=DEBUG msg="Vytváranie študenta" name=František surname=Kokavec "registration number"=1000040
time=2025-12-22T17:01:35.241+01:00 level=DEBUG msg="Vytváranie študenta" name=Martin surname=Novák "registration number"=1000041
time=2025-12-22T17:01:35.248+01:00 level=DEBUG msg="Vytváranie študenta" name=Radoslav surname=Mrkvička "registration number"=1000042
time=2025-12-22T17:01:35.254+01:00 level=DEBUG msg="Vytváranie študenta" name=Radoslav surname=Varga "registration number"=1000043
time=2025-12-22T17:01:35.261+01:00 level=DEBUG msg="Vytváranie študenta" name=František surname=Nagy "registration number"=1000044
time=2025-12-22T17:01:35.268+01:00 level=DEBUG msg="Vytváranie študenta" name=František surname=Mrkvička "registration number"=1000045
time=2025-12-22T17:01:35.276+01:00 level=DEBUG msg="Vytváranie študenta" name=Vanesa surname=Kováč "registration number"=1000096
time=2025-12-22T17:01:35.284+01:00 level=DEBUG msg="Vytváranie študenta" name=Martin surname=Nagy "registration number"=1000022
time=2025-12-22T17:01:35.291+01:00 level=DEBUG msg="Vytváranie študenta" name=Jozef surname=Matejovec "registration number"=1000048
time=2025-12-22T17:01:35.298+01:00 level=INFO msg="Import študentov z CSV dokončený" studentCount=49
time=2025-12-22T17:01:35.298+01:00 level=INFO msg="Test bol úspešne vytvorený" examTitle=tri examID=19 questionCount=35 optionCount=3
time=2025-12-22T17:01:53.313+01:00 level=DEBUG msg="Hľadanie testu" "ID testu"=19
time=2025-12-22T17:01:53.329+01:00 level=DEBUG msg="Test bol nájdený" test=tri year=2024/25
time=2025-12-22T17:02:04.006+01:00 level=INFO msg="Id studenta bolo najdene z qr kodu" id=155
time=2025-12-22T17:02:04.006+01:00 level=DEBUG msg="Hľadanie študenta" id=155 "exam ID"=19
time=2025-12-22T17:02:05.303+01:00 level=INFO msg="Id studenta bolo najdene z qr kodu" id=151
time=2025-12-22T17:02:05.303+01:00 level=DEBUG msg="Hľadanie študenta" id=151 "exam ID"=19
time=2025-12-22T17:02:07.152+01:00 level=INFO msg="Id studenta bolo najdene z qr kodu" id=127
time=2025-12-22T17:02:07.155+01:00 level=DEBUG msg="Hľadanie študenta" id=127 "exam ID"=19
time=2025-12-22T17:02:11.207+01:00 level=INFO msg="Id studenta bolo najdene z qr kodu" id=150
time=2025-12-22T17:02:11.207+01:00 level=DEBUG msg="Hľadanie študenta" id=150 "exam ID"=19
time=2025-12-22T17:02:12.731+01:00 level=INFO msg="Id studenta bolo najdene z qr kodu" id=157
time=2025-12-22T17:02:12.732+01:00 level=DEBUG msg="Hľadanie študenta" id=157 "exam ID"=19
time=2025-12-22T17:02:14.968+01:00 level=INFO msg="Id studenta bolo najdene z qr kodu" id=147
time=2025-12-22T17:02:15.018+01:00 level=DEBUG msg="Hľadanie študenta" id=147 "exam ID"=19
time=2025-12-22T17:02:17.078+01:00 level=INFO msg="Id studenta bolo najdene z qr kodu" id=161
time=2025-12-22T17:02:17.078+01:00 level=DEBUG msg="Hľadanie študenta" id=161 "exam ID"=19
time=2025-12-22T17:02:18.840+01:00 level=INFO msg="Id studenta bolo najdene z qr kodu" id=145
time=2025-12-22T17:02:18.862+01:00 level=DEBUG msg="Hľadanie študenta" id=145 "exam ID"=19
time=2025-12-22T17:02:22.922+01:00 level=INFO msg="Id studenta bolo najdene z qr kodu" id=152
time=2025-12-22T17:02:22.924+01:00 level=DEBUG msg="Hľadanie študenta" id=152 "exam ID"=19
time=2025-12-22T17:02:25.315+01:00 level=INFO msg="Id studenta bolo najdene z qr kodu" id=144
time=2025-12-22T17:02:25.316+01:00 level=DEBUG msg="Hľadanie študenta" id=144 "exam ID"=19
time=2025-12-22T17:02:28.373+01:00 level=INFO msg="Id studenta bolo najdene z qr kodu" id=153
time=2025-12-22T17:02:28.373+01:00 level=DEBUG msg="Hľadanie študenta" id=153 "exam ID"=19
time=2025-12-22T17:02:30.847+01:00 level=INFO msg="Id studenta bolo najdene z qr kodu" id=146
time=2025-12-22T17:02:30.847+01:00 level=DEBUG msg="Hľadanie študenta" id=146 "exam ID"=19
time=2025-12-22T17:02:31.762+01:00 level=INFO msg="Id studenta bolo najdene z qr kodu" id=139
time=2025-12-22T17:02:31.762+01:00 level=DEBUG msg="Hľadanie študenta" id=139 "exam ID"=19
time=2025-12-22T17:02:32.205+01:00 level=INFO msg="Id studenta bolo najdene z qr kodu" id=117
time=2025-12-22T17:02:32.205+01:00 level=DEBUG msg="Hľadanie študenta" id=117 "exam ID"=19
time=2025-12-22T17:02:32.604+01:00 level=INFO msg="Id studenta bolo najdene z qr kodu" id=124
time=2025-12-22T17:02:32.604+01:00 level=DEBUG msg="Hľadanie študenta" id=124 "exam ID"=19
time=2025-12-22T17:02:33.045+01:00 level=INFO msg="Id studenta bolo najdene z qr kodu" id=125
time=2025-12-22T17:02:33.046+01:00 level=DEBUG msg="Hľadanie študenta" id=125 "exam ID"=19
time=2025-12-22T17:02:33.461+01:00 level=INFO msg="Id studenta bolo najdene z qr kodu" id=128
time=2025-12-22T17:02:33.461+01:00 level=DEBUG msg="Hľadanie študenta" id=128 "exam ID"=19
time=2025-12-22T17:02:33.829+01:00 level=INFO msg="Id studenta bolo najdene z qr kodu" id=134
time=2025-12-22T17:02:33.829+01:00 level=DEBUG msg="Hľadanie študenta" id=134 "exam ID"=19
time=2025-12-22T17:02:34.209+01:00 level=WARN msg="QR kód nebol nájdený, pokúšame sa získať registrationNumber zo záhlavia"
time=2025-12-22T17:02:34.214+01:00 level=INFO msg="Súbor úspešne vymazaný" file_path=./assets/tmp/temp-header-image.png
time=2025-12-22T17:02:34.257+01:00 level=INFO msg="Úspešne uložený obrázok" path=./assets/tmp/temp-header-image.png
time=2025-12-22T17:02:34.930+01:00 level=INFO msg="Súbor úspešne vymazaný" file_path=./assets/tmp/temp-header-image.png
time=2025-12-22T17:02:34.930+01:00 level=INFO msg="Registracne cislo bolo najdene z hlavicky" registrationNumber=1000054
time=2025-12-22T17:02:34.930+01:00 level=DEBUG msg="Hľadanie študenta" "registration number"=1000054 "exam ID"=19
time=2025-12-22T17:02:34.938+01:00 level=DEBUG msg="Študent nájdený" name=Martin surname=Mrkvička
time=2025-12-22T17:02:34.938+01:00 level=INFO msg="Našiel sa študent v databáze" studentID=169 name=Martin
time=2025-12-22T17:02:34.994+01:00 level=INFO msg="Úspešne uložený obrázok" path=./assets/tmp/temp-image.png
time=2025-12-22T17:02:35.307+01:00 level=INFO msg="Id studenta bolo najdene z qr kodu" id=130
time=2025-12-22T17:02:35.307+01:00 level=DEBUG msg="Hľadanie študenta" id=130 "exam ID"=19
time=2025-12-22T17:02:35.682+01:00 level=INFO msg="Id studenta bolo najdene z qr kodu" id=121
time=2025-12-22T17:02:35.682+01:00 level=DEBUG msg="Hľadanie študenta" id=121 "exam ID"=19
time=2025-12-22T17:02:36.353+01:00 level=INFO msg="Question number" number=1
time=2025-12-22T17:02:36.353+01:00 level=INFO msg="Súbor úspešne vymazaný" file_path=./assets/tmp/temp-image.png
time=2025-12-22T17:02:36.445+01:00 level=DEBUG msg="Hľadanie študenta" id=169 "exam ID"=19
time=2025-12-22T17:02:36.445+01:00 level=DEBUG msg="Študent nájdený" name=Martin surname=Mrkvička
time=2025-12-22T17:02:36.446+01:00 level=DEBUG msg="Hľadanie testu" "ID testu"=19
time=2025-12-22T17:02:36.446+01:00 level=DEBUG msg="Test bol nájdený" test=tri year=2024/25
time=2025-12-22T17:10:53.763+01:00 level=INFO msg=---------------------------------------------------
time=2025-12-22T17:10:53.765+01:00 level=INFO msg="Aplikácia spustená"
time=2025-12-22T17:10:53.765+01:00 level=INFO msg="Spúšťam migráciu databázy."
time=2025-12-22T17:10:53.765+01:00 level=DEBUG msg="Pripájam sa k databáze..."
time=2025-12-22T17:10:53.766+01:00 level=DEBUG msg="Spúšťam migrácie..."
time=2025-12-22T17:10:53.767+01:00 level=INFO msg="Migrácia databázy úspešne dokončená"
time=2025-12-22T17:10:53.767+01:00 level=INFO msg="Migrácia databázy dokončená."
time=2025-12-22T17:10:53.767+01:00 level=INFO msg="Spúšťam GUI."
time=2025-12-22T17:11:23.269+01:00 level=DEBUG msg="Hľadanie testu" "ID testu"=19
time=2025-12-22T17:11:23.271+01:00 level=DEBUG msg="Test bol nájdený" test=tri year=2024/25
time=2025-12-22T17:11:33.656+01:00 level=INFO msg="QR dekódovaný, pokus o nájdenie študenta podľa registračného čísla" registrationNumber/ID=131
time=2025-12-22T17:11:33.656+01:00 level=DEBUG msg="Hľadanie študenta" "registration number"=131 "exam ID"=19
time=2025-12-22T17:11:33.664+01:00 level=WARN msg="Študent podľa registračného čísla nenájdený, skúšam ID" value=131 error="record not found"
time=2025-12-22T17:11:33.664+01:00 level=DEBUG msg="Hľadanie študenta" id=131 "exam ID"=19
time=2025-12-22T17:11:43.257+01:00 level=INFO msg=---------------------------------------------------
time=2025-12-22T17:11:43.258+01:00 level=INFO msg="Aplikácia spustená"
time=2025-12-22T17:11:43.258+01:00 level=INFO msg="Spúšťam migráciu databázy."
time=2025-12-22T17:11:43.258+01:00 level=DEBUG msg="Pripájam sa k databáze..."
time=2025-12-22T17:11:43.259+01:00 level=DEBUG msg="Spúšťam migrácie..."
time=2025-12-22T17:11:43.261+01:00 level=INFO msg="Migrácia databázy úspešne dokončená"
time=2025-12-22T17:11:43.261+01:00 level=INFO msg="Migrácia databázy dokončená."
time=2025-12-22T17:11:43.261+01:00 level=INFO msg="Spúšťam GUI."
time=2025-12-22T17:12:07.149+01:00 level=DEBUG msg="Hľadanie testu" "ID testu"=0
time=2025-12-22T17:37:02.048+01:00 level=INFO msg=---------------------------------------------------
time=2025-12-22T17:37:02.050+01:00 level=INFO msg="Aplikácia spustená"
time=2025-12-22T17:37:02.050+01:00 level=INFO msg="Spúšťam migráciu databázy."
time=2025-12-22T17:37:02.050+01:00 level=DEBUG msg="Pripájam sa k databáze..."
time=2025-12-22T17:37:02.051+01:00 level=DEBUG msg="Spúšťam migrácie..."
time=2025-12-22T17:37:02.053+01:00 level=INFO msg="Migrácia databázy úspešne dokončená"
time=2025-12-22T17:37:02.053+01:00 level=INFO msg="Migrácia databázy dokončená."
time=2025-12-22T17:37:02.053+01:00 level=INFO msg="Spúšťam GUI."
                                                                           time=2026-01-07T10:01:37.810+01:00 level=INFO msg=---------------------------------------------------
time=2026-01-07T10:01:37.814+01:00 level=INFO msg="Aplikácia spustená"
time=2026-01-07T10:01:37.814+01:00 level=INFO msg="Spúšťam migráciu databázy."
time=2026-01-07T10:01:37.814+01:00 level=DEBUG msg="Pripájam sa k databáze..."
time=2026-01-07T10:01:37.814+01:00 level=DEBUG msg="Spúšťam migrácie..."
time=2026-01-07T10:01:37.816+01:00 level=INFO msg="Migrácia databázy úspešne dokončená"
time=2026-01-07T10:01:37.816+01:00 level=INFO msg="Migrácia databázy dokončená."
time=2026-01-07T10:01:37.816+01:00 level=INFO msg="Spúšťam GUI."
time=2026-01-07T11:58:00.621+01:00 level=DEBUG msg="Pripájam sa k databáze..."
time=2026-01-07T11:58:00.625+01:00 level=DEBUG msg="Spúšťam migrácie..."
time=2026-01-07T11:58:00.631+01:00 level=INFO msg="Migrácia databázy úspešne dokončená"
time=2026-01-07T12:16:09.618+01:00 level=DEBUG msg="Pripájam sa k databáze..."
time=2026-01-07T12:16:09.620+01:00 level=DEBUG msg="Spúšťam migrácie..."
time=2026-01-07T12:16:09.628+01:00 level=INFO msg="Migrácia databázy úspešne dokončená"
time=2026-01-07T12:25:47.199+01:00 level=DEBUG msg="Pripájam sa k databáze..."
time=2026-01-07T12:25:47.204+01:00 level=DEBUG msg="Spúšťam migrácie..."
time=2026-01-07T12:25:47.212+01:00 level=INFO msg="Migrácia databázy úspešne dokončená"
time=2026-01-09T21:37:22.115+01:00 level=DEBUG msg="Pripájam sa k databáze..."
time=2026-01-09T21:37:22.135+01:00 level=DEBUG msg="Spúšťam migrácie..."
time=2026-01-09T21:37:22.144+01:00 level=INFO msg="Migrácia databázy úspešne dokončená"
time=2026-01-09T21:38:40.481+01:00 level=DEBUG msg="Pripájam sa k databáze..."
time=2026-01-09T21:38:40.482+01:00 level=DEBUG msg="Spúšťam migrácie..."
time=2026-01-09T21:38:40.489+01:00 level=INFO msg="Migrácia databázy úspešne dokončená"
time=2026-01-09T21:39:56.525+01:00 level=DEBUG msg="Pripájam sa k databáze..."
time=2026-01-09T21:39:56.538+01:00 level=DEBUG msg="Spúšťam migrácie..."
time=2026-01-09T21:39:56.541+01:00 level=INFO msg="Migrácia databázy úspešne dokončená"
time=2026-01-09T21:40:02.986+01:00 level=DEBUG msg="Mazanie študenta" "registration number"=1122 name=Adam surname=Piatok
time=2026-01-09T21:40:02.999+01:00 level=DEBUG msg="Mazanie študenta" "registration number"=2211 name=Tomas surname=Streda
time=2026-01-09T21:40:03.009+01:00 level=DEBUG msg="Test vymazaný" "test ID"=15
time=2026-01-09T21:40:05.925+01:00 level=DEBUG msg="Test vymazaný" "test ID"=13
time=2026-01-09T21:40:07.466+01:00 level=DEBUG msg="Test vymazaný" "test ID"=5
time=2026-01-09T21:40:09.289+01:00 level=DEBUG msg="Test vymazaný" "test ID"=3
time=2026-01-09T21:40:11.979+01:00 level=DEBUG msg="Mazanie študenta" "registration number"=1001 name=John surname=Doe
time=2026-01-09T21:40:11.987+01:00 level=DEBUG msg="Mazanie študenta" "registration number"=1002 name=Jane surname=Smith
time=2026-01-09T21:40:11.994+01:00 level=DEBUG msg="Mazanie študenta" "registration number"=1003 name=Michael surname=Brown
time=2026-01-09T21:40:12.011+01:00 level=DEBUG msg="Mazanie študenta" "registration number"=1004 name=Emily surname=Davis
time=2026-01-09T21:40:12.020+01:00 level=DEBUG msg="Mazanie študenta" "registration number"=1005 name=Chris surname=Wilson
time=2026-01-09T21:40:12.027+01:00 level=DEBUG msg="Mazanie študenta" "registration number"=1006 name=Sarah surname=Moore
time=2026-01-09T21:40:12.034+01:00 level=DEBUG msg="Mazanie študenta" "registration number"=1007 name=Daniel surname=Taylor
time=2026-01-09T21:40:12.041+01:00 level=DEBUG msg="Mazanie študenta" "registration number"=1008 name=Laura surname=Anderson
time=2026-01-09T21:40:12.048+01:00 level=DEBUG msg="Mazanie študenta" "registration number"=1009 name=Robert surname=Thomas
time=2026-01-09T21:40:12.056+01:00 level=DEBUG msg="Mazanie študenta" "registration number"=1010 name=Emma surname=Jackson
time=2026-01-09T21:40:12.072+01:00 level=DEBUG msg="Test vymazaný" "test ID"=2
time=2026-01-09T21:40:17.434+01:00 level=DEBUG msg="Mazanie študenta" "registration number"=783456 name=Jozef surname=Varga
time=2026-01-09T21:40:17.454+01:00 level=DEBUG msg="Mazanie študenta" "registration number"=422417 name=Ján surname=Matejovec
time=2026-01-09T21:40:17.460+01:00 level=DEBUG msg="Mazanie študenta" "registration number"=753491 name="Roman Alexander" surname=Kolesár
time=2026-01-09T21:40:17.468+01:00 level=DEBUG msg="Mazanie študenta" "registration number"=152342 name=Ján surname=Novák
time=2026-01-09T21:40:17.475+01:00 level=DEBUG msg="Mazanie študenta" "registration number"=537282 name=Martin surname=Mrkvička
time=2026-01-09T21:40:17.482+01:00 level=DEBUG msg="Mazanie študenta" "registration number"=984996 name="Roman Alexander" surname=Kokavec
time=2026-01-09T21:40:17.489+01:00 level=DEBUG msg="Mazanie študenta" "registration number"=385676 name=Nikola surname=Kováč
time=2026-01-09T21:40:17.495+01:00 level=DEBUG msg="Mazanie študenta" "registration number"=235850 name=Jozef surname=Novák
time=2026-01-09T21:40:17.503+01:00 level=DEBUG msg="Mazanie študenta" "registration number"=567742 name=Matúš surname=Matejovec
time=2026-01-09T21:40:17.509+01:00 level=DEBUG msg="Mazanie študenta" "registration number"=624245 name=Nikola surname=Nagy
time=2026-01-09T21:40:17.516+01:00 level=DEBUG msg="Mazanie študenta" "registration number"=411098 name=Martin surname=Varga
time=2026-01-09T21:40:17.525+01:00 level=DEBUG msg="Mazanie študenta" "registration number"=300532 name=Monika surname=Kokavec
time=2026-01-09T21:40:17.534+01:00 level=DEBUG msg="Mazanie študenta" "registration number"=110198 name=Monika surname=Štúr
time=2026-01-09T21:40:17.548+01:00 level=DEBUG msg="Mazanie študenta" "registration number"=985335 name=Jozef surname=Horvát
time=2026-01-09T21:40:17.555+01:00 level=DEBUG msg="Mazanie študenta" "registration number"=257457 name=Nikola surname=Štúr
time=2026-01-09T21:40:17.563+01:00 level=DEBUG msg="Mazanie študenta" "registration number"=760018 name=Radoslav surname=Varga
time=2026-01-09T21:40:17.572+01:00 level=DEBUG msg="Mazanie študenta" "registration number"=236273 name=Ondrej surname=Kolesár
time=2026-01-09T21:40:17.581+01:00 level=DEBUG msg="Mazanie študenta" "registration number"=392411 name=Ondrej surname=Novák
time=2026-01-09T21:40:17.587+01:00 level=DEBUG msg="Mazanie študenta" "registration number"=801650 name="Roman Alexander" surname=Mrkvička
time=2026-01-09T21:40:17.594+01:00 level=DEBUG msg="Mazanie študenta" "registration number"=639863 name=Monika surname=Novák
time=2026-01-09T21:40:17.600+01:00 level=DEBUG msg="Mazanie študenta" "registration number"=783424 name=Matúš surname=Matejovec
time=2026-01-09T21:40:17.607+01:00 level=DEBUG msg="Mazanie študenta" "registration number"=526606 name=Matúš surname=Kováč
time=2026-01-09T21:40:17.615+01:00 level=DEBUG msg="Mazanie študenta" "registration number"=133168 name=Martin surname=Nagy
time=2026-01-09T21:40:17.621+01:00 level=DEBUG msg="Mazanie študenta" "registration number"=870991 name=Nikola surname=Novák
time=2026-01-09T21:40:17.627+01:00 level=DEBUG msg="Mazanie študenta" "registration number"=188319 name="Roman Alexander" surname=Novák
time=2026-01-09T21:40:17.633+01:00 level=DEBUG msg="Mazanie študenta" "registration number"=646042 name="Roman Alexander" surname=Kolesár
time=2026-01-09T21:40:17.639+01:00 level=DEBUG msg="Mazanie študenta" "registration number"=761336 name=Ján surname=Novák
time=2026-01-09T21:40:17.645+01:00 level=DEBUG msg="Mazanie študenta" "registration number"=507113 name=Ondrej surname=Novák
time=2026-01-09T21:40:17.652+01:00 level=DEBUG msg="Mazanie študenta" "registration number"=636975 name=Ján surname=Šeliga
time=2026-01-09T21:40:17.658+01:00 level=DEBUG msg="Mazanie študenta" "registration number"=731579 name=Martin surname=Štúr
time=2026-01-09T21:40:17.665+01:00 level=DEBUG msg="Mazanie študenta" "registration number"=774776 name=Radoslav surname=Kolesár
time=2026-01-09T21:40:17.672+01:00 level=DEBUG msg="Mazanie študenta" "registration number"=168030 name="Roman Alexander" surname=Nagy
time=2026-01-09T21:40:17.679+01:00 level=DEBUG msg="Mazanie študenta" "registration number"=484470 name="Roman Alexander" surname=Matejovec
time=2026-01-09T21:40:17.684+01:00 level=DEBUG msg="Mazanie študenta" "registration number"=913602 name=Matúš surname=Kováč
time=2026-01-09T21:40:17.691+01:00 level=DEBUG msg="Mazanie študenta" "registration number"=227633 name=Nikola surname=Horvát
time=2026-01-09T21:40:17.697+01:00 level=DEBUG msg="Mazanie študenta" "registration number"=123800 name=Jozef surname=Novák
time=2026-01-09T21:40:17.702+01:00 level=DEBUG msg="Mazanie študenta" "registration number"=798399 name=František surname=Horvát
time=2026-01-09T21:40:17.709+01:00 level=DEBUG msg="Mazanie študenta" "registration number"=212971 name=Timotej surname=Horvát
time=2026-01-09T21:40:17.716+01:00 level=DEBUG msg="Mazanie študenta" "registration number"=648037 name=Ondrej surname=Horvát
time=2026-01-09T21:40:17.722+01:00 level=DEBUG msg="Mazanie študenta" "registration number"=375942 name=Ema surname=Kokavec
time=2026-01-09T21:40:17.728+01:00 level=DEBUG msg="Mazanie študenta" "registration number"=363580 name=Ondrej surname=Novák
time=2026-01-09T21:40:17.733+01:00 level=DEBUG msg="Mazanie študenta" "registration number"=433835 name=František surname=Kokavec
time=2026-01-09T21:40:17.741+01:00 level=DEBUG msg="Mazanie študenta" "registration number"=988443 name=Martin surname=Novák
time=2026-01-09T21:40:17.748+01:00 level=DEBUG msg="Mazanie študenta" "registration number"=590787 name=Radoslav surname=Mrkvička
time=2026-01-09T21:40:17.754+01:00 level=DEBUG msg="Mazanie študenta" "registration number"=658013 name=Radoslav surname=Varga
time=2026-01-09T21:40:17.759+01:00 level=DEBUG msg="Mazanie študenta" "registration number"=404065 name=František surname=Nagy
time=2026-01-09T21:40:17.767+01:00 level=DEBUG msg="Mazanie študenta" "registration number"=705932 name=František surname=Mrkvička
time=2026-01-09T21:40:17.772+01:00 level=DEBUG msg="Mazanie študenta" "registration number"=872413 name=Vanesa surname=Kováč
time=2026-01-09T21:40:17.778+01:00 level=DEBUG msg="Mazanie študenta" "registration number"=990337 name=Martin surname=Nagy
time=2026-01-09T21:40:17.784+01:00 level=DEBUG msg="Mazanie študenta" "registration number"=631788 name=Jozef surname=Matejovec
time=2026-01-09T21:40:17.796+01:00 level=DEBUG msg="Test vymazaný" "test ID"=1
time=2026-01-09T21:42:13.298+01:00 level=DEBUG msg="Vytváranie testu" test=novz cas=2024/25
time=2026-01-09T21:42:13.313+01:00 level=DEBUG msg="Vytváranie študenta" name=John surname=Doe "registration number"=1001
time=2026-01-09T21:42:13.342+01:00 level=DEBUG msg="Vytváranie študenta" name=Jane surname=Smith "registration number"=1002
time=2026-01-09T21:42:13.350+01:00 level=DEBUG msg="Vytváranie študenta" name=Michael surname=Brown "registration number"=1003
time=2026-01-09T21:42:13.360+01:00 level=DEBUG msg="Vytváranie študenta" name=Emily surname=Davis "registration number"=1004
time=2026-01-09T21:42:13.369+01:00 level=DEBUG msg="Vytváranie študenta" name=Chris surname=Wilson "registration number"=1005
time=2026-01-09T21:42:13.377+01:00 level=DEBUG msg="Vytváranie študenta" name=Sarah surname=Moore "registration number"=1006
time=2026-01-09T21:42:13.385+01:00 level=DEBUG msg="Vytváranie študenta" name=Daniel surname=Taylor "registration number"=1007
time=2026-01-09T21:42:13.393+01:00 level=DEBUG msg="Vytváranie študenta" name=Laura surname=Anderson "registration number"=1008
time=2026-01-09T21:42:13.400+01:00 level=DEBUG msg="Vytváranie študenta" name=Robert surname=Thomas "registration number"=1009
time=2026-01-09T21:42:13.408+01:00 level=DEBUG msg="Vytváranie študenta" name=Emma surname=Jackson "registration number"=1010
time=2026-01-09T21:42:13.414+01:00 level=INFO msg="Import študentov z CSV dokončený" studentCount=10
time=2026-01-09T21:43:23.325+01:00 level=DEBUG msg="Mazanie študenta" "registration number"=1001 name=John surname=Doe
time=2026-01-09T21:43:23.338+01:00 level=DEBUG msg="Mazanie študenta" "registration number"=1002 name=Jane surname=Smith
time=2026-01-09T21:43:23.345+01:00 level=DEBUG msg="Mazanie študenta" "registration number"=1003 name=Michael surname=Brown
time=2026-01-09T21:43:23.359+01:00 level=DEBUG msg="Mazanie študenta" "registration number"=1004 name=Emily surname=Davis
time=2026-01-09T21:43:23.368+01:00 level=DEBUG msg="Mazanie študenta" "registration number"=1005 name=Chris surname=Wilson
time=2026-01-09T21:43:23.377+01:00 level=DEBUG msg="Mazanie študenta" "registration number"=1006 name=Sarah surname=Moore
time=2026-01-09T21:43:23.386+01:00 level=DEBUG msg="Mazanie študenta" "registration number"=1007 name=Daniel surname=Taylor
time=2026-01-09T21:43:23.393+01:00 level=DEBUG msg="Mazanie študenta" "registration number"=1008 name=Laura surname=Anderson
time=2026-01-09T21:43:23.399+01:00 level=DEBUG msg="Mazanie študenta" "registration number"=1009 name=Robert surname=Thomas
time=2026-01-09T21:43:23.406+01:00 level=DEBUG msg="Mazanie študenta" "registration number"=1010 name=Emma surname=Jackson
time=2026-01-09T21:43:23.420+01:00 level=DEBUG msg="Test vymazaný" "test ID"=16
time=2026-01-09T21:45:23.389+01:00 level=DEBUG msg="Vytváranie testu" test=novy cas=2024/25
time=2026-01-09T21:45:23.403+01:00 level=DEBUG msg="Vytváranie študenta" name=John surname=Doe "registration number"=1001
time=2026-01-09T21:45:23.412+01:00 level=DEBUG msg="Vytváranie študenta" name=Jane surname=Smith "registration number"=1002
time=2026-01-09T21:45:23.421+01:00 level=DEBUG msg="Vytváranie študenta" name=Michael surname=Brown "registration number"=1003
time=2026-01-09T21:45:23.429+01:00 level=DEBUG msg="Vytváranie študenta" name=Emily surname=Davis "registration number"=1004
time=2026-01-09T21:45:23.436+01:00 level=DEBUG msg="Vytváranie študenta" name=Chris surname=Wilson "registration number"=1005
time=2026-01-09T21:45:23.445+01:00 level=DEBUG msg="Vytváranie študenta" name=Sarah surname=Moore "registration number"=1006
time=2026-01-09T21:45:23.476+01:00 level=DEBUG msg="Vytváranie študenta" name=Daniel surname=Taylor "registration number"=1007
time=2026-01-09T21:45:23.486+01:00 level=DEBUG msg="Vytváranie študenta" name=Laura surname=Anderson "registration number"=1008
time=2026-01-09T21:45:23.493+01:00 level=DEBUG msg="Vytváranie študenta" name=Robert surname=Thomas "registration number"=1009
time=2026-01-09T21:45:23.502+01:00 level=DEBUG msg="Vytváranie študenta" name=Emma surname=Jackson "registration number"=1010
time=2026-01-09T21:45:23.509+01:00 level=INFO msg="Import študentov z CSV dokončený" studentCount=10
time=2026-01-17T13:53:30.834+01:00 level=DEBUG msg="Pripájam sa k databáze..."
time=2026-01-17T13:53:30.838+01:00 level=DEBUG msg="Spúšťam migrácie..."
time=2026-01-17T13:53:30.840+01:00 level=INFO msg="Migrácia databázy úspešne dokončená"
time=2026-01-17T14:26:39.853+01:00 level=DEBUG msg="Pripájam sa k databáze..."
time=2026-01-17T14:26:39.859+01:00 level=DEBUG msg="Spúšťam migrácie..."
time=2026-01-17T14:26:39.865+01:00 level=INFO msg="Migrácia databázy úspešne dokončená"
time=2026-01-17T14:27:43.285+01:00 level=DEBUG msg="Pripájam sa k databáze..."
time=2026-01-17T14:27:43.287+01:00 level=DEBUG msg="Spúšťam migrácie..."
time=2026-01-17T14:27:43.296+01:00 level=INFO msg="Migrácia databázy úspešne dokončená"
time=2026-01-17T14:27:45.781+01:00 level=DEBUG msg="Current working directory" working_directory=/home/vbox/ScanEvalApp
time=2026-01-17T14:27:45.782+01:00 level=DEBUG msg="Starting PDF generation" exam_id=17
time=2026-01-17T14:27:45.782+01:00 level=DEBUG msg="Exam details loaded" exam_id=17 exam_title=novy option_count=5 question_count=10
time=2026-01-17T14:27:45.782+01:00 level=DEBUG msg="GetTemplatePath called" input_option_count=5
time=2026-01-17T14:27:45.782+01:00 level=DEBUG msg="Template path construction" template_file=template_5.tex base_path=./assets/latex/templates/ full_path=assets/latex/templates/template_5.tex
time=2026-01-17T14:27:45.782+01:00 level=DEBUG msg="GetTemplatePath result" absolute_path=/home/vbox/ScanEvalApp/assets/latex/templates/template_5.tex
time=2026-01-17T14:27:45.782+01:00 level=DEBUG msg="=== TEMPLATE PATH DEBUGGING ==="
time=2026-01-17T14:27:45.782+01:00 level=DEBUG msg="Template path result" template_path=/home/vbox/ScanEvalApp/assets/latex/templates/template_5.tex input_option_count=5
time=2026-01-17T14:27:45.782+01:00 level=INFO msg="=== TEMPLATE FILE FOUND ===" template_path=/home/vbox/ScanEvalApp/assets/latex/templates/template_5.tex file_size=3128 file_mod_time=2025-11-20T20:08:55.156+01:00
time=2026-01-17T14:27:45.782+01:00 level=INFO msg="Using template" template_path=/home/vbox/ScanEvalApp/assets/latex/templates/template_5.tex option_count=5
time=2026-01-17T14:27:45.782+01:00 level=DEBUG msg="Starting parallel PDF generation" option_count=5 template_path=/home/vbox/ScanEvalApp/assets/latex/templates/template_5.tex num_rooms=3
time=2026-01-17T14:27:45.783+01:00 level=INFO msg="Processing students in room" room=A101
time=2026-01-17T14:27:45.783+01:00 level=DEBUG msg="Found students for room" room=A101 num_students=4
time=2026-01-17T14:27:45.784+01:00 level=DEBUG msg="Reading template file for student" student_id=80 template_path=/home/vbox/ScanEvalApp/assets/latex/templates/template_5.tex
time=2026-01-17T14:27:45.784+01:00 level=DEBUG msg="Reading template file for student" student_id=79 template_path=/home/vbox/ScanEvalApp/assets/latex/templates/template_5.tex
time=2026-01-17T14:27:45.784+01:00 level=DEBUG msg="Reading template file for student" student_id=77 template_path=/home/vbox/ScanEvalApp/assets/latex/templates/template_5.tex
time=2026-01-17T14:27:45.784+01:00 level=DEBUG msg="Reading template file for student" student_id=78 template_path=/home/vbox/ScanEvalApp/assets/latex/templates/template_5.tex
time=2026-01-17T14:27:45.785+01:00 level=DEBUG msg="Successfully read template" student_id=77 template_size_bytes=3128
time=2026-01-17T14:27:45.786+01:00 level=DEBUG msg="Successfully read template" student_id=80 template_size_bytes=3128
time=2026-01-17T14:27:45.786+01:00 level=DEBUG msg="Template replacement completed" student_id=80 original_template_size=3128 updated_latex_size=3099
time=2026-01-17T14:27:45.786+01:00 level=DEBUG msg="Generated LaTeX sample (first 200 chars):" student_id=80 sample="\\documentclass[12pt]{article}\n\\usepackage{tikz}\n\\usepackage{subfig}\n\\usepackage{graphicx}\n\\usepackage{xcolor}\n\\usepackage[margin=1.0in]{geometry}\n\\usepackage{fancyhdr}\n\\usepackage{pgf}\n\\usepackage{qrc"
time=2026-01-17T14:27:45.789+01:00 level=DEBUG msg="Successfully read template" student_id=79 template_size_bytes=3128
time=2026-01-17T14:27:45.789+01:00 level=DEBUG msg="Successfully read template" student_id=78 template_size_bytes=3128
time=2026-01-17T14:27:45.789+01:00 level=DEBUG msg="Template replacement completed" student_id=79 original_template_size=3128 updated_latex_size=3101
time=2026-01-17T14:27:45.789+01:00 level=DEBUG msg="Generated LaTeX sample (first 200 chars):" student_id=79 sample="\\documentclass[12pt]{article}\n\\usepackage{tikz}\n\\usepackage{subfig}\n\\usepackage{graphicx}\n\\usepackage{xcolor}\n\\usepackage[margin=1.0in]{geometry}\n\\usepackage{fancyhdr}\n\\usepackage{pgf}\n\\usepackage{qrc"
time=2026-01-17T14:27:45.789+01:00 level=DEBUG msg="Template replacement completed" student_id=78 original_template_size=3128 updated_latex_size=3098
time=2026-01-17T14:27:45.789+01:00 level=INFO msg="LaTeX file created" file_path=./assets/tmp/1120246107.tex
time=2026-01-17T14:27:45.789+01:00 level=DEBUG msg="Generated LaTeX sample (first 200 chars):" student_id=78 sample="\\documentclass[12pt]{article}\n\\usepackage{tikz}\n\\usepackage{subfig}\n\\usepackage{graphicx}\n\\usepackage{xcolor}\n\\usepackage[margin=1.0in]{geometry}\n\\usepackage{fancyhdr}\n\\usepackage{pgf}\n\\usepackage{qrc"
time=2026-01-17T14:27:45.789+01:00 level=DEBUG msg="Template replacement completed" student_id=77 original_template_size=3128 updated_latex_size=3096
time=2026-01-17T14:27:45.789+01:00 level=INFO msg="LaTeX file created" file_path=./assets/tmp/2292473865.tex
time=2026-01-17T14:27:45.789+01:00 level=DEBUG msg="Generated LaTeX sample (first 200 chars):" student_id=77 sample="\\documentclass[12pt]{article}\n\\usepackage{tikz}\n\\usepackage{subfig}\n\\usepackage{graphicx}\n\\usepackage{xcolor}\n\\usepackage[margin=1.0in]{geometry}\n\\usepackage{fancyhdr}\n\\usepackage{pgf}\n\\usepackage{qrc"
time=2026-01-17T14:27:45.789+01:00 level=DEBUG msg="LaTeX content saved for debugging" debug_file=assets/tmp/latex_output2805987668/debug_latex.tex
time=2026-01-17T14:27:45.789+01:00 level=INFO msg="LaTeX file created" file_path=./assets/tmp/2989884033.tex
time=2026-01-17T14:27:45.789+01:00 level=DEBUG msg="LaTeX content saved for debugging" debug_file=assets/tmp/latex_output2132198842/debug_latex.tex
time=2026-01-17T14:27:45.789+01:00 level=INFO msg="LaTeX file created" file_path=./assets/tmp/1257124299.tex
time=2026-01-17T14:27:45.789+01:00 level=DEBUG msg="LaTeX content saved for debugging" debug_file=assets/tmp/latex_output1099880324/debug_latex.tex
time=2026-01-17T14:27:45.789+01:00 level=DEBUG msg="LaTeX content saved for debugging" debug_file=assets/tmp/latex_output3052997196/debug_latex.tex
time=2026-01-17T14:27:45.792+01:00 level=DEBUG msg="Running pdflatex command" command="/usr/bin/pdflatex -interaction=nonstopmode -halt-on-error -output-directory ./assets/tmp/latex_output2805987668 ./assets/tmp/1120246107.tex"
time=2026-01-17T14:27:45.792+01:00 level=DEBUG msg="Running pdflatex command" command="/usr/bin/pdflatex -interaction=nonstopmode -halt-on-error -output-directory ./assets/tmp/latex_output3052997196 ./assets/tmp/1257124299.tex"
time=2026-01-17T14:27:45.792+01:00 level=DEBUG msg="Running pdflatex command" command="/usr/bin/pdflatex -interaction=nonstopmode -halt-on-error -output-directory ./assets/tmp/latex_output1099880324 ./assets/tmp/2989884033.tex"
time=2026-01-17T14:27:45.793+01:00 level=DEBUG msg="Running pdflatex command" command="/usr/bin/pdflatex -interaction=nonstopmode -halt-on-error -output-directory ./assets/tmp/latex_output2132198842 ./assets/tmp/2292473865.tex"
time=2026-01-17T14:27:46.673+01:00 level=INFO msg="PDF compiled successfully" pdf_size_bytes=44021
time=2026-01-17T14:27:46.678+01:00 level=INFO msg="Súbor úspešne vymazaný" file_path=./assets/tmp/2989884033.tex
time=2026-01-17T14:27:46.678+01:00 level=INFO msg="Set initial main PDF for student" student_id=78
time=2026-01-17T14:27:46.678+01:00 level=DEBUG msg="Generovanie PDF" spracovaných=1 celkovo=4 exam=novy "id študenta"=78 "dokončené za"=894.380521ms
time=2026-01-17T14:27:46.691+01:00 level=INFO msg="PDF compiled successfully" pdf_size_bytes=44139
time=2026-01-17T14:27:46.695+01:00 level=INFO msg="Súbor úspešne vymazaný" file_path=./assets/tmp/1120246107.tex
time=2026-01-17T14:27:46.697+01:00 level=DEBUG msg="Merging PDFs" pdf1=assets/tmp/student_78.pdf pdf2=assets/tmp/student_80.pdf
time=2026-01-17T14:27:46.715+01:00 level=INFO msg="PDF compiled successfully" pdf_size_bytes=43835
time=2026-01-17T14:27:46.720+01:00 level=INFO msg="Súbor úspešne vymazaný" file_path=./assets/tmp/1257124299.tex
time=2026-01-17T14:27:46.746+01:00 level=INFO msg="PDFs merged" output_path=assets/tmp/merged.pdf
time=2026-01-17T14:27:46.747+01:00 level=DEBUG msg="Generovanie PDF" spracovaných=2 celkovo=4 exam=novy "id študenta"=80 "dokončené za"=963.065065ms
time=2026-01-17T14:27:46.747+01:00 level=INFO msg="Súbor úspešne vymazaný" file_path=assets/tmp/student_80.pdf
time=2026-01-17T14:27:46.747+01:00 level=DEBUG msg="Merging PDFs" pdf1=assets/tmp/student_78.pdf pdf2=assets/tmp/student_77.pdf
time=2026-01-17T14:27:46.750+01:00 level=INFO msg="PDF compiled successfully" pdf_size_bytes=44496
time=2026-01-17T14:27:46.758+01:00 level=INFO msg="Súbor úspešne vymazaný" file_path=./assets/tmp/2292473865.tex
time=2026-01-17T14:27:46.779+01:00 level=INFO msg="PDFs merged" output_path=assets/tmp/merged.pdf
time=2026-01-17T14:27:46.780+01:00 level=DEBUG msg="Generovanie PDF" spracovaných=3 celkovo=4 exam=novy "id študenta"=77 "dokončené za"=996.375307ms
time=2026-01-17T14:27:46.780+01:00 level=INFO msg="Súbor úspešne vymazaný" file_path=assets/tmp/student_77.pdf
time=2026-01-17T14:27:46.781+01:00 level=DEBUG msg="Merging PDFs" pdf1=assets/tmp/student_78.pdf pdf2=assets/tmp/student_79.pdf
time=2026-01-17T14:27:46.811+01:00 level=INFO msg="PDFs merged" output_path=assets/tmp/merged.pdf
time=2026-01-17T14:27:46.811+01:00 level=DEBUG msg="Generovanie PDF" spracovaných=4 celkovo=4 exam=novy "id študenta"=79 "dokončené za"=1.027439979s
time=2026-01-17T14:27:46.811+01:00 level=INFO msg="Súbor úspešne vymazaný" file_path=assets/tmp/student_79.pdf
time=2026-01-17T14:27:46.811+01:00 level=INFO msg="Processing students in room" room=A102
time=2026-01-17T14:27:46.812+01:00 level=DEBUG msg="Found students for room" room=A102 num_students=3
time=2026-01-17T14:27:46.812+01:00 level=DEBUG msg="Reading template file for student" student_id=83 template_path=/home/vbox/ScanEvalApp/assets/latex/templates/template_5.tex
time=2026-01-17T14:27:46.812+01:00 level=DEBUG msg="Reading template file for student" student_id=82 template_path=/home/vbox/ScanEvalApp/assets/latex/templates/template_5.tex
time=2026-01-17T14:27:46.812+01:00 level=DEBUG msg="Successfully read template" student_id=82 template_size_bytes=3128
time=2026-01-17T14:27:46.812+01:00 level=DEBUG msg="Reading template file for student" student_id=81 template_path=/home/vbox/ScanEvalApp/assets/latex/templates/template_5.tex
time=2026-01-17T14:27:46.813+01:00 level=DEBUG msg="Successfully read template" student_id=81 template_size_bytes=3128
time=2026-01-17T14:27:46.813+01:00 level=DEBUG msg="Template replacement completed" student_id=82 original_template_size=3128 updated_latex_size=3099
time=2026-01-17T14:27:46.813+01:00 level=DEBUG msg="Generated LaTeX sample (first 200 chars):" student_id=82 sample="\\documentclass[12pt]{article}\n\\usepackage{tikz}\n\\usepackage{subfig}\n\\usepackage{graphicx}\n\\usepackage{xcolor}\n\\usepackage[margin=1.0in]{geometry}\n\\usepackage{fancyhdr}\n\\usepackage{pgf}\n\\usepackage{qrc"
time=2026-01-17T14:27:46.813+01:00 level=INFO msg="LaTeX file created" file_path=./assets/tmp/1107349167.tex
time=2026-01-17T14:27:46.813+01:00 level=DEBUG msg="Template replacement completed" student_id=81 original_template_size=3128 updated_latex_size=3100
time=2026-01-17T14:27:46.813+01:00 level=DEBUG msg="LaTeX content saved for debugging" debug_file=assets/tmp/latex_output1462282198/debug_latex.tex
time=2026-01-17T14:27:46.813+01:00 level=DEBUG msg="Generated LaTeX sample (first 200 chars):" student_id=81 sample="\\documentclass[12pt]{article}\n\\usepackage{tikz}\n\\usepackage{subfig}\n\\usepackage{graphicx}\n\\usepackage{xcolor}\n\\usepackage[margin=1.0in]{geometry}\n\\usepackage{fancyhdr}\n\\usepackage{pgf}\n\\usepackage{qrc"
time=2026-01-17T14:27:46.813+01:00 level=DEBUG msg="Running pdflatex command" command="/usr/bin/pdflatex -interaction=nonstopmode -halt-on-error -output-directory ./assets/tmp/latex_output1462282198 ./assets/tmp/1107349167.tex"
time=2026-01-17T14:27:46.813+01:00 level=INFO msg="LaTeX file created" file_path=./assets/tmp/2327146226.tex
time=2026-01-17T14:27:46.813+01:00 level=DEBUG msg="Successfully read template" student_id=83 template_size_bytes=3128
time=2026-01-17T14:27:46.813+01:00 level=DEBUG msg="LaTeX content saved for debugging" debug_file=assets/tmp/latex_output3098776531/debug_latex.tex
time=2026-01-17T14:27:46.813+01:00 level=DEBUG msg="Running pdflatex command" command="/usr/bin/pdflatex -interaction=nonstopmode -halt-on-error -output-directory ./assets/tmp/latex_output3098776531 ./assets/tmp/2327146226.tex"
time=2026-01-17T14:27:46.813+01:00 level=DEBUG msg="Template replacement completed" student_id=83 original_template_size=3128 updated_latex_size=3101
time=2026-01-17T14:27:46.813+01:00 level=DEBUG msg="Generated LaTeX sample (first 200 chars):" student_id=83 sample="\\documentclass[12pt]{article}\n\\usepackage{tikz}\n\\usepackage{subfig}\n\\usepackage{graphicx}\n\\usepackage{xcolor}\n\\usepackage[margin=1.0in]{geometry}\n\\usepackage{fancyhdr}\n\\usepackage{pgf}\n\\usepackage{qrc"
time=2026-01-17T14:27:46.813+01:00 level=INFO msg="LaTeX file created" file_path=./assets/tmp/523406576.tex
time=2026-01-17T14:27:46.814+01:00 level=DEBUG msg="LaTeX content saved for debugging" debug_file=assets/tmp/latex_output582506033/debug_latex.tex
time=2026-01-17T14:27:46.814+01:00 level=DEBUG msg="Running pdflatex command" command="/usr/bin/pdflatex -interaction=nonstopmode -halt-on-error -output-directory ./assets/tmp/latex_output582506033 ./assets/tmp/523406576.tex"
time=2026-01-17T14:27:47.109+01:00 level=DEBUG msg="Current working directory" working_directory=/home/vbox/ScanEvalApp
time=2026-01-17T14:27:47.109+01:00 level=DEBUG msg="Starting PDF generation" exam_id=17
time=2026-01-17T14:27:47.110+01:00 level=DEBUG msg="Exam details loaded" exam_id=17 exam_title=novy option_count=5 question_count=10
time=2026-01-17T14:27:47.110+01:00 level=DEBUG msg="GetTemplatePath called" input_option_count=5
time=2026-01-17T14:27:47.110+01:00 level=DEBUG msg="Template path construction" template_file=template_5.tex base_path=./assets/latex/templates/ full_path=assets/latex/templates/template_5.tex
time=2026-01-17T14:27:47.110+01:00 level=DEBUG msg="GetTemplatePath result" absolute_path=/home/vbox/ScanEvalApp/assets/latex/templates/template_5.tex
time=2026-01-17T14:27:47.110+01:00 level=DEBUG msg="=== TEMPLATE PATH DEBUGGING ==="
time=2026-01-17T14:27:47.110+01:00 level=DEBUG msg="Template path result" template_path=/home/vbox/ScanEvalApp/assets/latex/templates/template_5.tex input_option_count=5
time=2026-01-17T14:27:47.110+01:00 level=INFO msg="=== TEMPLATE FILE FOUND ===" template_path=/home/vbox/ScanEvalApp/assets/latex/templates/template_5.tex file_size=3128 file_mod_time=2025-11-20T20:08:55.156+01:00
time=2026-01-17T14:27:47.110+01:00 level=INFO msg="Using template" template_path=/home/vbox/ScanEvalApp/assets/latex/templates/template_5.tex option_count=5
time=2026-01-17T14:27:47.110+01:00 level=DEBUG msg="Starting parallel PDF generation" option_count=5 template_path=/home/vbox/ScanEvalApp/assets/latex/templates/template_5.tex num_rooms=3
time=2026-01-17T14:27:47.110+01:00 level=INFO msg="Processing students in room" room=A101
time=2026-01-17T14:27:47.110+01:00 level=DEBUG msg="Found students for room" room=A101 num_students=4
time=2026-01-17T14:27:47.110+01:00 level=DEBUG msg="Reading template file for student" student_id=80 template_path=/home/vbox/ScanEvalApp/assets/latex/templates/template_5.tex
time=2026-01-17T14:27:47.111+01:00 level=DEBUG msg="Successfully read template" student_id=80 template_size_bytes=3128
time=2026-01-17T14:27:47.111+01:00 level=DEBUG msg="Template replacement completed" student_id=80 original_template_size=3128 updated_latex_size=3099
time=2026-01-17T14:27:47.111+01:00 level=DEBUG msg="Generated LaTeX sample (first 200 chars):" student_id=80 sample="\\documentclass[12pt]{article}\n\\usepackage{tikz}\n\\usepackage{subfig}\n\\usepackage{graphicx}\n\\usepackage{xcolor}\n\\usepackage[margin=1.0in]{geometry}\n\\usepackage{fancyhdr}\n\\usepackage{pgf}\n\\usepackage{qrc"
time=2026-01-17T14:27:47.111+01:00 level=INFO msg="LaTeX file created" file_path=./assets/tmp/3006505938.tex
time=2026-01-17T14:27:47.112+01:00 level=DEBUG msg="Reading template file for student" student_id=78 template_path=/home/vbox/ScanEvalApp/assets/latex/templates/template_5.tex
time=2026-01-17T14:27:47.112+01:00 level=DEBUG msg="Successfully read template" student_id=78 template_size_bytes=3128
time=2026-01-17T14:27:47.112+01:00 level=DEBUG msg="Template replacement completed" student_id=78 original_template_size=3128 updated_latex_size=3098
time=2026-01-17T14:27:47.112+01:00 level=DEBUG msg="Generated LaTeX sample (first 200 chars):" student_id=78 sample="\\documentclass[12pt]{article}\n\\usepackage{tikz}\n\\usepackage{subfig}\n\\usepackage{graphicx}\n\\usepackage{xcolor}\n\\usepackage[margin=1.0in]{geometry}\n\\usepackage{fancyhdr}\n\\usepackage{pgf}\n\\usepackage{qrc"
time=2026-01-17T14:27:47.112+01:00 level=INFO msg="LaTeX file created" file_path=./assets/tmp/2749570688.tex
time=2026-01-17T14:27:47.112+01:00 level=DEBUG msg="LaTeX content saved for debugging" debug_file=assets/tmp/latex_output11359356/debug_latex.tex
time=2026-01-17T14:27:47.112+01:00 level=DEBUG msg="Running pdflatex command" command="/usr/bin/pdflatex -interaction=nonstopmode -halt-on-error -output-directory ./assets/tmp/latex_output11359356 ./assets/tmp/2749570688.tex"
time=2026-01-17T14:27:47.113+01:00 level=DEBUG msg="Reading template file for student" student_id=79 template_path=/home/vbox/ScanEvalApp/assets/latex/templates/template_5.tex
time=2026-01-17T14:27:47.113+01:00 level=DEBUG msg="Successfully read template" student_id=79 template_size_bytes=3128
time=2026-01-17T14:27:47.113+01:00 level=DEBUG msg="Template replacement completed" student_id=79 original_template_size=3128 updated_latex_size=3101
time=2026-01-17T14:27:47.113+01:00 level=DEBUG msg="Generated LaTeX sample (first 200 chars):" student_id=79 sample="\\documentclass[12pt]{article}\n\\usepackage{tikz}\n\\usepackage{subfig}\n\\usepackage{graphicx}\n\\usepackage{xcolor}\n\\usepackage[margin=1.0in]{geometry}\n\\usepackage{fancyhdr}\n\\usepackage{pgf}\n\\usepackage{qrc"
time=2026-01-17T14:27:47.113+01:00 level=INFO msg="LaTeX file created" file_path=./assets/tmp/905820560.tex
time=2026-01-17T14:27:47.113+01:00 level=DEBUG msg="LaTeX content saved for debugging" debug_file=assets/tmp/latex_output1046689900/debug_latex.tex
time=2026-01-17T14:27:47.113+01:00 level=DEBUG msg="Running pdflatex command" command="/usr/bin/pdflatex -interaction=nonstopmode -halt-on-error -output-directory ./assets/tmp/latex_output1046689900 ./assets/tmp/905820560.tex"
time=2026-01-17T14:27:47.114+01:00 level=DEBUG msg="Reading template file for student" student_id=77 template_path=/home/vbox/ScanEvalApp/assets/latex/templates/template_5.tex
time=2026-01-17T14:27:47.114+01:00 level=DEBUG msg="Successfully read template" student_id=77 template_size_bytes=3128
time=2026-01-17T14:27:47.116+01:00 level=DEBUG msg="Template replacement completed" student_id=77 original_template_size=3128 updated_latex_size=3096
time=2026-01-17T14:27:47.116+01:00 level=DEBUG msg="Generated LaTeX sample (first 200 chars):" student_id=77 sample="\\documentclass[12pt]{article}\n\\usepackage{tikz}\n\\usepackage{subfig}\n\\usepackage{graphicx}\n\\usepackage{xcolor}\n\\usepackage[margin=1.0in]{geometry}\n\\usepackage{fancyhdr}\n\\usepackage{pgf}\n\\usepackage{qrc"
time=2026-01-17T14:27:47.120+01:00 level=INFO msg="LaTeX file created" file_path=./assets/tmp/3952043448.tex
time=2026-01-17T14:27:47.120+01:00 level=DEBUG msg="LaTeX content saved for debugging" debug_file=assets/tmp/latex_output843236485/debug_latex.tex
time=2026-01-17T14:27:47.120+01:00 level=DEBUG msg="Running pdflatex command" command="/usr/bin/pdflatex -interaction=nonstopmode -halt-on-error -output-directory ./assets/tmp/latex_output843236485 ./assets/tmp/3952043448.tex"
time=2026-01-17T14:27:47.120+01:00 level=DEBUG msg="LaTeX content saved for debugging" debug_file=assets/tmp/latex_output3089672052/debug_latex.tex
time=2026-01-17T14:27:47.120+01:00 level=DEBUG msg="Running pdflatex command" command="/usr/bin/pdflatex -interaction=nonstopmode -halt-on-error -output-directory ./assets/tmp/latex_output3089672052 ./assets/tmp/3006505938.tex"
time=2026-01-17T14:27:48.526+01:00 level=INFO msg="PDF compiled successfully" pdf_size_bytes=44266
time=2026-01-17T14:27:48.529+01:00 level=INFO msg="Súbor úspešne vymazaný" file_path=./assets/tmp/2327146226.tex
time=2026-01-17T14:27:48.530+01:00 level=DEBUG msg="Merging PDFs" pdf1=assets/tmp/student_78.pdf pdf2=assets/tmp/student_81.pdf
time=2026-01-17T14:27:48.550+01:00 level=INFO msg="PDFs merged" output_path=assets/tmp/merged.pdf
time=2026-01-17T14:27:48.551+01:00 level=DEBUG msg="Generovanie PDF" spracovaných=5 celkovo=3 exam=novy "id študenta"=81 "dokončené za"=1.739132257s
time=2026-01-17T14:27:48.551+01:00 level=INFO msg="Súbor úspešne vymazaný" file_path=assets/tmp/student_81.pdf
time=2026-01-17T14:27:48.871+01:00 level=INFO msg="PDF compiled successfully" pdf_size_bytes=44017
time=2026-01-17T14:27:48.872+01:00 level=INFO msg="Súbor úspešne vymazaný" file_path=./assets/tmp/1107349167.tex
time=2026-01-17T14:27:48.873+01:00 level=DEBUG msg="Merging PDFs" pdf1=assets/tmp/student_78.pdf pdf2=assets/tmp/student_82.pdf
time=2026-01-17T14:27:48.939+01:00 level=INFO msg="PDF compiled successfully" pdf_size_bytes=44496
time=2026-01-17T14:27:48.942+01:00 level=INFO msg="Súbor úspešne vymazaný" file_path=./assets/tmp/905820560.tex
time=2026-01-17T14:27:48.943+01:00 level=INFO msg="Set initial main PDF for student" student_id=79
time=2026-01-17T14:27:48.943+01:00 level=DEBUG msg="Generovanie PDF" spracovaných=1 celkovo=4 exam=novy "id študenta"=79 "dokončené za"=1.829893781s
time=2026-01-17T14:27:48.947+01:00 level=INFO msg="PDFs merged" output_path=assets/tmp/merged.pdf
time=2026-01-17T14:27:48.948+01:00 level=DEBUG msg="Generovanie PDF" spracovaných=6 celkovo=3 exam=novy "id študenta"=82 "dokončené za"=2.136115303s
time=2026-01-17T14:27:48.949+01:00 level=INFO msg="Súbor úspešne vymazaný" file_path=assets/tmp/student_82.pdf
time=2026-01-17T14:27:49.221+01:00 level=INFO msg="PDF compiled successfully" pdf_size_bytes=44099
time=2026-01-17T14:27:49.224+01:00 level=INFO msg="Súbor úspešne vymazaný" file_path=./assets/tmp/523406576.tex
time=2026-01-17T14:27:49.224+01:00 level=DEBUG msg="Merging PDFs" pdf1=assets/tmp/student_78.pdf pdf2=assets/tmp/student_83.pdf
time=2026-01-17T14:27:49.250+01:00 level=INFO msg="PDFs merged" output_path=assets/tmp/merged.pdf
time=2026-01-17T14:27:49.250+01:00 level=DEBUG msg="Generovanie PDF" spracovaných=7 celkovo=3 exam=novy "id študenta"=83 "dokončené za"=2.438014963s
time=2026-01-17T14:27:49.251+01:00 level=INFO msg="Súbor úspešne vymazaný" file_path=assets/tmp/student_83.pdf
time=2026-01-17T14:27:49.251+01:00 level=INFO msg="Processing students in room" room=A103
time=2026-01-17T14:27:49.251+01:00 level=DEBUG msg="Found students for room" room=A103 num_students=3
time=2026-01-17T14:27:49.251+01:00 level=DEBUG msg="Reading template file for student" student_id=86 template_path=/home/vbox/ScanEvalApp/assets/latex/templates/template_5.tex
time=2026-01-17T14:27:49.251+01:00 level=DEBUG msg="Successfully read template" student_id=86 template_size_bytes=3128
time=2026-01-17T14:27:49.252+01:00 level=DEBUG msg="Template replacement completed" student_id=86 original_template_size=3128 updated_latex_size=3100
time=2026-01-17T14:27:49.252+01:00 level=DEBUG msg="Generated LaTeX sample (first 200 chars):" student_id=86 sample="\\documentclass[12pt]{article}\n\\usepackage{tikz}\n\\usepackage{subfig}\n\\usepackage{graphicx}\n\\usepackage{xcolor}\n\\usepackage[margin=1.0in]{geometry}\n\\usepackage{fancyhdr}\n\\usepackage{pgf}\n\\usepackage{qrc"
time=2026-01-17T14:27:49.252+01:00 level=INFO msg="LaTeX file created" file_path=./assets/tmp/850944705.tex
time=2026-01-17T14:27:49.252+01:00 level=DEBUG msg="LaTeX content saved for debugging" debug_file=assets/tmp/latex_output3071168161/debug_latex.tex
time=2026-01-17T14:27:49.252+01:00 level=DEBUG msg="Running pdflatex command" command="/usr/bin/pdflatex -interaction=nonstopmode -halt-on-error -output-directory ./assets/tmp/latex_output3071168161 ./assets/tmp/850944705.tex"
time=2026-01-17T14:27:49.260+01:00 level=INFO msg="PDF compiled successfully" pdf_size_bytes=44139
time=2026-01-17T14:27:49.261+01:00 level=DEBUG msg="Reading template file for student" student_id=85 template_path=/home/vbox/ScanEvalApp/assets/latex/templates/template_5.tex
time=2026-01-17T14:27:49.262+01:00 level=DEBUG msg="Successfully read template" student_id=85 template_size_bytes=3128
time=2026-01-17T14:27:49.261+01:00 level=DEBUG msg="Reading template file for student" student_id=84 template_path=/home/vbox/ScanEvalApp/assets/latex/templates/template_5.tex
time=2026-01-17T14:27:49.263+01:00 level=DEBUG msg="Successfully read template" student_id=84 template_size_bytes=3128
time=2026-01-17T14:27:49.263+01:00 level=DEBUG msg="Template replacement completed" student_id=84 original_template_size=3128 updated_latex_size=3102
time=2026-01-17T14:27:49.263+01:00 level=DEBUG msg="Generated LaTeX sample (first 200 chars):" student_id=84 sample="\\documentclass[12pt]{article}\n\\usepackage{tikz}\n\\usepackage{subfig}\n\\usepackage{graphicx}\n\\usepackage{xcolor}\n\\usepackage[margin=1.0in]{geometry}\n\\usepackage{fancyhdr}\n\\usepackage{pgf}\n\\usepackage{qrc"
time=2026-01-17T14:27:49.261+01:00 level=INFO msg="PDF compiled successfully" pdf_size_bytes=43835
time=2026-01-17T14:27:49.264+01:00 level=INFO msg="LaTeX file created" file_path=./assets/tmp/1448109054.tex
time=2026-01-17T14:27:49.262+01:00 level=DEBUG msg="Template replacement completed" student_id=85 original_template_size=3128 updated_latex_size=3101
time=2026-01-17T14:27:49.264+01:00 level=DEBUG msg="LaTeX content saved for debugging" debug_file=assets/tmp/latex_output1283866502/debug_latex.tex
time=2026-01-17T14:27:49.264+01:00 level=DEBUG msg="Generated LaTeX sample (first 200 chars):" student_id=85 sample="\\documentclass[12pt]{article}\n\\usepackage{tikz}\n\\usepackage{subfig}\n\\usepackage{graphicx}\n\\usepackage{xcolor}\n\\usepackage[margin=1.0in]{geometry}\n\\usepackage{fancyhdr}\n\\usepackage{pgf}\n\\usepackage{qrc"
time=2026-01-17T14:27:49.264+01:00 level=DEBUG msg="Running pdflatex command" command="/usr/bin/pdflatex -interaction=nonstopmode -halt-on-error -output-directory ./assets/tmp/latex_output1283866502 ./assets/tmp/1448109054.tex"
time=2026-01-17T14:27:49.264+01:00 level=INFO msg="LaTeX file created" file_path=./assets/tmp/3049666734.tex
time=2026-01-17T14:27:49.265+01:00 level=DEBUG msg="LaTeX content saved for debugging" debug_file=assets/tmp/latex_output3908912046/debug_latex.tex
time=2026-01-17T14:27:49.263+01:00 level=INFO msg="Súbor úspešne vymazaný" file_path=./assets/tmp/3006505938.tex
time=2026-01-17T14:27:49.265+01:00 level=DEBUG msg="Running pdflatex command" command="/usr/bin/pdflatex -interaction=nonstopmode -halt-on-error -output-directory ./assets/tmp/latex_output3908912046 ./assets/tmp/3049666734.tex"
time=2026-01-17T14:27:49.265+01:00 level=INFO msg="Súbor úspešne vymazaný" file_path=./assets/tmp/3952043448.tex
time=2026-01-17T14:27:49.265+01:00 level=DEBUG msg="Merging PDFs" pdf1=assets/tmp/student_79.pdf pdf2=assets/tmp/student_80.pdf
time=2026-01-17T14:27:49.288+01:00 level=INFO msg="PDFs merged" output_path=assets/tmp/merged.pdf
time=2026-01-17T14:27:49.290+01:00 level=DEBUG msg="Generovanie PDF" spracovaných=2 celkovo=4 exam=novy "id študenta"=80 "dokončené za"=2.179511665s
time=2026-01-17T14:27:49.290+01:00 level=INFO msg="Súbor úspešne vymazaný" file_path=assets/tmp/student_80.pdf
time=2026-01-17T14:27:49.290+01:00 level=DEBUG msg="Merging PDFs" pdf1=assets/tmp/student_79.pdf pdf2=assets/tmp/student_77.pdf
time=2026-01-17T14:27:49.314+01:00 level=INFO msg="PDFs merged" output_path=assets/tmp/merged.pdf
time=2026-01-17T14:27:49.314+01:00 level=DEBUG msg="Generovanie PDF" spracovaných=3 celkovo=4 exam=novy "id študenta"=77 "dokončené za"=2.200975591s
time=2026-01-17T14:27:49.315+01:00 level=INFO msg="Súbor úspešne vymazaný" file_path=assets/tmp/student_77.pdf
time=2026-01-17T14:27:49.641+01:00 level=INFO msg="PDF compiled successfully" pdf_size_bytes=44021
time=2026-01-17T14:27:49.644+01:00 level=INFO msg="Súbor úspešne vymazaný" file_path=./assets/tmp/2749570688.tex
time=2026-01-17T14:27:49.644+01:00 level=DEBUG msg="Merging PDFs" pdf1=assets/tmp/student_79.pdf pdf2=assets/tmp/student_78.pdf
time=2026-01-17T14:27:49.673+01:00 level=INFO msg="PDFs merged" output_path=assets/tmp/merged.pdf
time=2026-01-17T14:27:49.673+01:00 level=DEBUG msg="Generovanie PDF" spracovaných=4 celkovo=4 exam=novy "id študenta"=78 "dokončené za"=2.561098953s
time=2026-01-17T14:27:49.673+01:00 level=INFO msg="Súbor úspešne vymazaný" file_path=assets/tmp/student_78.pdf
time=2026-01-17T14:27:49.673+01:00 level=INFO msg="Processing students in room" room=A102
time=2026-01-17T14:27:49.674+01:00 level=DEBUG msg="Found students for room" room=A102 num_students=3
time=2026-01-17T14:27:49.674+01:00 level=DEBUG msg="Reading template file for student" student_id=83 template_path=/home/vbox/ScanEvalApp/assets/latex/templates/template_5.tex
time=2026-01-17T14:27:49.674+01:00 level=DEBUG msg="Successfully read template" student_id=83 template_size_bytes=3128
time=2026-01-17T14:27:49.674+01:00 level=DEBUG msg="Reading template file for student" student_id=81 template_path=/home/vbox/ScanEvalApp/assets/latex/templates/template_5.tex
time=2026-01-17T14:27:49.674+01:00 level=DEBUG msg="Successfully read template" student_id=81 template_size_bytes=3128
time=2026-01-17T14:27:49.674+01:00 level=DEBUG msg="Template replacement completed" student_id=83 original_template_size=3128 updated_latex_size=3101
time=2026-01-17T14:27:49.674+01:00 level=DEBUG msg="Generated LaTeX sample (first 200 chars):" student_id=83 sample="\\documentclass[12pt]{article}\n\\usepackage{tikz}\n\\usepackage{subfig}\n\\usepackage{graphicx}\n\\usepackage{xcolor}\n\\usepackage[margin=1.0in]{geometry}\n\\usepackage{fancyhdr}\n\\usepackage{pgf}\n\\usepackage{qrc"
time=2026-01-17T14:27:49.674+01:00 level=DEBUG msg="Template replacement completed" student_id=81 original_template_size=3128 updated_latex_size=3100
time=2026-01-17T14:27:49.674+01:00 level=DEBUG msg="Generated LaTeX sample (first 200 chars):" student_id=81 sample="\\documentclass[12pt]{article}\n\\usepackage{tikz}\n\\usepackage{subfig}\n\\usepackage{graphicx}\n\\usepackage{xcolor}\n\\usepackage[margin=1.0in]{geometry}\n\\usepackage{fancyhdr}\n\\usepackage{pgf}\n\\usepackage{qrc"
time=2026-01-17T14:27:49.674+01:00 level=DEBUG msg="Reading template file for student" student_id=82 template_path=/home/vbox/ScanEvalApp/assets/latex/templates/template_5.tex
time=2026-01-17T14:27:49.674+01:00 level=DEBUG msg="Successfully read template" student_id=82 template_size_bytes=3128
time=2026-01-17T14:27:49.674+01:00 level=INFO msg="LaTeX file created" file_path=./assets/tmp/3502561824.tex
time=2026-01-17T14:27:49.675+01:00 level=DEBUG msg="Template replacement completed" student_id=82 original_template_size=3128 updated_latex_size=3099
time=2026-01-17T14:27:49.675+01:00 level=DEBUG msg="Generated LaTeX sample (first 200 chars):" student_id=82 sample="\\documentclass[12pt]{article}\n\\usepackage{tikz}\n\\usepackage{subfig}\n\\usepackage{graphicx}\n\\usepackage{xcolor}\n\\usepackage[margin=1.0in]{geometry}\n\\usepackage{fancyhdr}\n\\usepackage{pgf}\n\\usepackage{qrc"
time=2026-01-17T14:27:49.675+01:00 level=INFO msg="LaTeX file created" file_path=./assets/tmp/3620429910.tex
time=2026-01-17T14:27:49.675+01:00 level=DEBUG msg="LaTeX content saved for debugging" debug_file=assets/tmp/latex_output404958103/debug_latex.tex
time=2026-01-17T14:27:49.675+01:00 level=DEBUG msg="Running pdflatex command" command="/usr/bin/pdflatex -interaction=nonstopmode -halt-on-error -output-directory ./assets/tmp/latex_output404958103 ./assets/tmp/3502561824.tex"
time=2026-01-17T14:27:49.675+01:00 level=DEBUG msg="LaTeX content saved for debugging" debug_file=assets/tmp/latex_output3067490466/debug_latex.tex
time=2026-01-17T14:27:49.675+01:00 level=DEBUG msg="Running pdflatex command" command="/usr/bin/pdflatex -interaction=nonstopmode -halt-on-error -output-directory ./assets/tmp/latex_output3067490466 ./assets/tmp/3620429910.tex"
time=2026-01-17T14:27:49.674+01:00 level=INFO msg="LaTeX file created" file_path=./assets/tmp/2348739384.tex
time=2026-01-17T14:27:49.676+01:00 level=DEBUG msg="LaTeX content saved for debugging" debug_file=assets/tmp/latex_output3612073352/debug_latex.tex
time=2026-01-17T14:27:49.676+01:00 level=DEBUG msg="Running pdflatex command" command="/usr/bin/pdflatex -interaction=nonstopmode -halt-on-error -output-directory ./assets/tmp/latex_output3612073352 ./assets/tmp/2348739384.tex"
time=2026-01-17T14:27:50.251+01:00 level=INFO msg="PDF compiled successfully" pdf_size_bytes=43905
time=2026-01-17T14:27:50.309+01:00 level=INFO msg="Súbor úspešne vymazaný" file_path=./assets/tmp/1448109054.tex
time=2026-01-17T14:27:50.309+01:00 level=DEBUG msg="Merging PDFs" pdf1=assets/tmp/student_78.pdf pdf2=assets/tmp/student_84.pdf
time=2026-01-17T14:27:50.876+01:00 level=INFO msg="PDF compiled successfully" pdf_size_bytes=44330
time=2026-01-17T14:27:50.882+01:00 level=INFO msg="Súbor úspešne vymazaný" file_path=./assets/tmp/3049666734.tex
time=2026-01-17T14:27:50.882+01:00 level=DEBUG msg="Merging PDFs" pdf1=assets/tmp/student_78.pdf pdf2=assets/tmp/student_85.pdf
time=2026-01-17T14:27:50.905+01:00 level=INFO msg="PDF compiled successfully" pdf_size_bytes=44266
time=2026-01-17T14:27:50.906+01:00 level=INFO msg="Súbor úspešne vymazaný" file_path=./assets/tmp/3502561824.tex
time=2026-01-17T14:27:50.907+01:00 level=DEBUG msg="Merging PDFs" pdf1=assets/tmp/student_79.pdf pdf2=assets/tmp/student_81.pdf
time=2026-01-17T14:27:50.946+01:00 level=INFO msg="PDFs merged" output_path=assets/tmp/merged.pdf
time=2026-01-17T14:27:50.947+01:00 level=DEBUG msg="Generovanie PDF" spracovaných=5 celkovo=3 exam=novy "id študenta"=81 "dokončené za"=1.27303536s
time=2026-01-17T14:27:50.947+01:00 level=INFO msg="Súbor úspešne vymazaný" file_path=assets/tmp/student_81.pdf
time=2026-01-17T14:27:51.051+01:00 level=INFO msg="PDF compiled successfully" pdf_size_bytes=44160
time=2026-01-17T14:27:51.057+01:00 level=INFO msg="Súbor úspešne vymazaný" file_path=./assets/tmp/850944705.tex
time=2026-01-17T14:27:51.058+01:00 level=DEBUG msg="Merging PDFs" pdf1=assets/tmp/student_78.pdf pdf2=assets/tmp/student_86.pdf
time=2026-01-17T14:27:51.144+01:00 level=INFO msg="PDF compiled successfully" pdf_size_bytes=44017
time=2026-01-17T14:27:51.144+01:00 level=INFO msg="PDF compiled successfully" pdf_size_bytes=44099
time=2026-01-17T14:27:51.148+01:00 level=INFO msg="Súbor úspešne vymazaný" file_path=./assets/tmp/2348739384.tex
time=2026-01-17T14:27:51.148+01:00 level=INFO msg="Súbor úspešne vymazaný" file_path=./assets/tmp/3620429910.tex
time=2026-01-17T14:27:51.148+01:00 level=DEBUG msg="Merging PDFs" pdf1=assets/tmp/student_79.pdf pdf2=assets/tmp/student_83.pdf
time=2026-01-17T14:27:51.220+01:00 level=INFO msg="PDFs merged" output_path=assets/tmp/merged.pdf
time=2026-01-17T14:27:51.223+01:00 level=DEBUG msg="Generovanie PDF" spracovaných=6 celkovo=3 exam=novy "id študenta"=83 "dokončené za"=1.549244528s
time=2026-01-17T14:27:51.224+01:00 level=INFO msg="Súbor úspešne vymazaný" file_path=assets/tmp/student_83.pdf
time=2026-01-17T14:27:51.225+01:00 level=DEBUG msg="Merging PDFs" pdf1=assets/tmp/student_79.pdf pdf2=assets/tmp/student_82.pdf
time=2026-01-17T14:27:51.331+01:00 level=INFO msg="PDFs merged" output_path=assets/tmp/merged.pdf
time=2026-01-17T14:27:51.333+01:00 level=DEBUG msg="Generovanie PDF" spracovaných=7 celkovo=3 exam=novy "id študenta"=82 "dokončené za"=1.659002235s
time=2026-01-17T14:27:51.333+01:00 level=INFO msg="Súbor úspešne vymazaný" file_path=assets/tmp/student_82.pdf
time=2026-01-17T14:27:51.333+01:00 level=INFO msg="Processing students in room" room=A103
time=2026-01-17T14:27:51.334+01:00 level=DEBUG msg="Found students for room" room=A103 num_students=3
time=2026-01-17T14:27:51.334+01:00 level=DEBUG msg="Reading template file for student" student_id=86 template_path=/home/vbox/ScanEvalApp/assets/latex/templates/template_5.tex
time=2026-01-17T14:27:51.334+01:00 level=DEBUG msg="Successfully read template" student_id=86 template_size_bytes=3128
time=2026-01-17T14:27:51.334+01:00 level=DEBUG msg="Template replacement completed" student_id=86 original_template_size=3128 updated_latex_size=3100
time=2026-01-17T14:27:51.334+01:00 level=DEBUG msg="Generated LaTeX sample (first 200 chars):" student_id=86 sample="\\documentclass[12pt]{article}\n\\usepackage{tikz}\n\\usepackage{subfig}\n\\usepackage{graphicx}\n\\usepackage{xcolor}\n\\usepackage[margin=1.0in]{geometry}\n\\usepackage{fancyhdr}\n\\usepackage{pgf}\n\\usepackage{qrc"
time=2026-01-17T14:27:51.335+01:00 level=INFO msg="LaTeX file created" file_path=./assets/tmp/2722088689.tex
time=2026-01-17T14:27:51.334+01:00 level=DEBUG msg="Reading template file for student" student_id=84 template_path=/home/vbox/ScanEvalApp/assets/latex/templates/template_5.tex
time=2026-01-17T14:27:51.335+01:00 level=DEBUG msg="Successfully read template" student_id=84 template_size_bytes=3128
time=2026-01-17T14:27:51.335+01:00 level=DEBUG msg="Template replacement completed" student_id=84 original_template_size=3128 updated_latex_size=3102
time=2026-01-17T14:27:51.335+01:00 level=DEBUG msg="Generated LaTeX sample (first 200 chars):" student_id=84 sample="\\documentclass[12pt]{article}\n\\usepackage{tikz}\n\\usepackage{subfig}\n\\usepackage{graphicx}\n\\usepackage{xcolor}\n\\usepackage[margin=1.0in]{geometry}\n\\usepackage{fancyhdr}\n\\usepackage{pgf}\n\\usepackage{qrc"
time=2026-01-17T14:27:51.335+01:00 level=INFO msg="LaTeX file created" file_path=./assets/tmp/96496517.tex
time=2026-01-17T14:27:51.334+01:00 level=DEBUG msg="Reading template file for student" student_id=85 template_path=/home/vbox/ScanEvalApp/assets/latex/templates/template_5.tex
time=2026-01-17T14:27:51.336+01:00 level=DEBUG msg="Successfully read template" student_id=85 template_size_bytes=3128
time=2026-01-17T14:27:51.336+01:00 level=DEBUG msg="Template replacement completed" student_id=85 original_template_size=3128 updated_latex_size=3101
time=2026-01-17T14:27:51.336+01:00 level=DEBUG msg="Generated LaTeX sample (first 200 chars):" student_id=85 sample="\\documentclass[12pt]{article}\n\\usepackage{tikz}\n\\usepackage{subfig}\n\\usepackage{graphicx}\n\\usepackage{xcolor}\n\\usepackage[margin=1.0in]{geometry}\n\\usepackage{fancyhdr}\n\\usepackage{pgf}\n\\usepackage{qrc"
time=2026-01-17T14:27:51.336+01:00 level=INFO msg="LaTeX file created" file_path=./assets/tmp/3740277938.tex
time=2026-01-17T14:27:51.336+01:00 level=DEBUG msg="LaTeX content saved for debugging" debug_file=assets/tmp/latex_output2393389541/debug_latex.tex
time=2026-01-17T14:27:51.336+01:00 level=DEBUG msg="Running pdflatex command" command="/usr/bin/pdflatex -interaction=nonstopmode -halt-on-error -output-directory ./assets/tmp/latex_output2393389541 ./assets/tmp/3740277938.tex"
time=2026-01-17T14:27:51.336+01:00 level=DEBUG msg="LaTeX content saved for debugging" debug_file=assets/tmp/latex_output2637329802/debug_latex.tex
time=2026-01-17T14:27:51.336+01:00 level=DEBUG msg="Running pdflatex command" command="/usr/bin/pdflatex -interaction=nonstopmode -halt-on-error -output-directory ./assets/tmp/latex_output2637329802 ./assets/tmp/96496517.tex"
time=2026-01-17T14:27:51.337+01:00 level=DEBUG msg="LaTeX content saved for debugging" debug_file=assets/tmp/latex_output3093143127/debug_latex.tex
time=2026-01-17T14:27:51.337+01:00 level=DEBUG msg="Running pdflatex command" command="/usr/bin/pdflatex -interaction=nonstopmode -halt-on-error -output-directory ./assets/tmp/latex_output3093143127 ./assets/tmp/2722088689.tex"
time=2026-01-17T14:27:52.055+01:00 level=INFO msg="PDF compiled successfully" pdf_size_bytes=44160
time=2026-01-17T14:27:52.057+01:00 level=INFO msg="Súbor úspešne vymazaný" file_path=./assets/tmp/2722088689.tex
time=2026-01-17T14:27:52.057+01:00 level=DEBUG msg="Merging PDFs" pdf1=assets/tmp/student_79.pdf pdf2=assets/tmp/student_86.pdf
time=2026-01-17T14:27:52.096+01:00 level=INFO msg="PDFs merged" output_path=assets/tmp/merged.pdf
time=2026-01-17T14:27:52.099+01:00 level=DEBUG msg="Generovanie PDF" spracovaných=8 celkovo=3 exam=novy "id študenta"=86 "dokončené za"=765.007951ms
time=2026-01-17T14:27:52.099+01:00 level=INFO msg="Súbor úspešne vymazaný" file_path=assets/tmp/student_86.pdf
time=2026-01-17T14:27:52.135+01:00 level=INFO msg="PDF compiled successfully" pdf_size_bytes=43905
time=2026-01-17T14:27:52.136+01:00 level=INFO msg="Súbor úspešne vymazaný" file_path=./assets/tmp/96496517.tex
time=2026-01-17T14:27:52.137+01:00 level=DEBUG msg="Merging PDFs" pdf1=assets/tmp/student_79.pdf pdf2=assets/tmp/student_84.pdf
time=2026-01-17T14:27:52.164+01:00 level=INFO msg="PDFs merged" output_path=assets/tmp/merged.pdf
time=2026-01-17T14:27:52.164+01:00 level=DEBUG msg="Generovanie PDF" spracovaných=9 celkovo=3 exam=novy "id študenta"=84 "dokončené za"=830.02948ms
time=2026-01-17T14:27:52.164+01:00 level=INFO msg="Súbor úspešne vymazaný" file_path=assets/tmp/student_84.pdf
time=2026-01-17T14:27:52.217+01:00 level=INFO msg="PDF compiled successfully" pdf_size_bytes=44330
time=2026-01-17T14:27:52.219+01:00 level=INFO msg="Súbor úspešne vymazaný" file_path=./assets/tmp/3740277938.tex
time=2026-01-17T14:27:52.219+01:00 level=DEBUG msg="Merging PDFs" pdf1=assets/tmp/student_79.pdf pdf2=assets/tmp/student_85.pdf
time=2026-01-17T14:27:52.245+01:00 level=INFO msg="PDFs merged" output_path=assets/tmp/merged.pdf
time=2026-01-17T14:27:52.252+01:00 level=DEBUG msg="Generovanie PDF" spracovaných=10 celkovo=3 exam=novy "id študenta"=85 "dokončené za"=917.963561ms
time=2026-01-17T14:27:52.253+01:00 level=INFO msg="Súbor úspešne vymazaný" file_path=assets/tmp/student_85.pdf
time=2026-01-17T14:27:52.254+01:00 level=DEBUG msg="Celkový čas generovania PDF" duration=5.144182593s
time=2026-01-17T14:27:52.254+01:00 level=INFO msg="Výsledné PDF úspešne uložené do" output_PDF_path=/home/vbox/Documents/novy17.pdf
time=2026-01-17T14:31:28.813+01:00 level=DEBUG msg="Pripájam sa k databáze..."
time=2026-01-17T14:31:28.816+01:00 level=DEBUG msg="Spúšťam migrácie..."
time=2026-01-17T14:31:28.822+01:00 level=INFO msg="Migrácia databázy úspešne dokončená"
time=2026-01-17T14:31:31.413+01:00 level=DEBUG msg="Current working directory" working_directory=/home/vbox/ScanEvalApp
time=2026-01-17T14:31:31.413+01:00 level=DEBUG msg="Starting PDF generation" exam_id=17
time=2026-01-17T14:31:31.414+01:00 level=DEBUG msg="Exam details loaded" exam_id=17 exam_title=novy option_count=5 question_count=10
time=2026-01-17T14:31:31.415+01:00 level=DEBUG msg="GetTemplatePath called" input_option_count=5
time=2026-01-17T14:31:31.415+01:00 level=DEBUG msg="Template path construction" template_file=template_5.tex base_path=./assets/latex/templates/ full_path=assets/latex/templates/template_5.tex
time=2026-01-17T14:31:31.415+01:00 level=DEBUG msg="GetTemplatePath result" absolute_path=/home/vbox/ScanEvalApp/assets/latex/templates/template_5.tex
time=2026-01-17T14:31:31.415+01:00 level=DEBUG msg="=== TEMPLATE PATH DEBUGGING ==="
time=2026-01-17T14:31:31.415+01:00 level=DEBUG msg="Template path result" template_path=/home/vbox/ScanEvalApp/assets/latex/templates/template_5.tex input_option_count=5
time=2026-01-17T14:31:31.415+01:00 level=INFO msg="=== TEMPLATE FILE FOUND ===" template_path=/home/vbox/ScanEvalApp/assets/latex/templates/template_5.tex file_size=3128 file_mod_time=2025-11-20T20:08:55.156+01:00
time=2026-01-17T14:31:31.415+01:00 level=INFO msg="Using template" template_path=/home/vbox/ScanEvalApp/assets/latex/templates/template_5.tex option_count=5
time=2026-01-17T14:31:31.415+01:00 level=DEBUG msg="Starting parallel PDF generation" option_count=5 template_path=/home/vbox/ScanEvalApp/assets/latex/templates/template_5.tex num_rooms=3
time=2026-01-17T14:31:31.415+01:00 level=INFO msg="Processing students in room" room=A101
time=2026-01-17T14:31:31.416+01:00 level=DEBUG msg="Found students for room" room=A101 num_students=4
time=2026-01-17T14:31:31.416+01:00 level=DEBUG msg="Reading template file for student" student_id=80 template_path=/home/vbox/ScanEvalApp/assets/latex/templates/template_5.tex
time=2026-01-17T14:31:31.416+01:00 level=DEBUG msg="Successfully read template" student_id=80 template_size_bytes=3128
time=2026-01-17T14:31:31.416+01:00 level=DEBUG msg="Reading template file for student" student_id=78 template_path=/home/vbox/ScanEvalApp/assets/latex/templates/template_5.tex
time=2026-01-17T14:31:31.416+01:00 level=DEBUG msg="Successfully read template" student_id=78 template_size_bytes=3128
time=2026-01-17T14:31:31.417+01:00 level=DEBUG msg="Reading template file for student" student_id=77 template_path=/home/vbox/ScanEvalApp/assets/latex/templates/template_5.tex
time=2026-01-17T14:31:31.418+01:00 level=DEBUG msg="Successfully read template" student_id=77 template_size_bytes=3128
time=2026-01-17T14:31:31.418+01:00 level=DEBUG msg="Template replacement completed" student_id=77 original_template_size=3128 updated_latex_size=3096
time=2026-01-17T14:31:31.419+01:00 level=DEBUG msg="Generated LaTeX sample (first 200 chars):" student_id=77 sample="\\documentclass[12pt]{article}\n\\usepackage{tikz}\n\\usepackage{subfig}\n\\usepackage{graphicx}\n\\usepackage{xcolor}\n\\usepackage[margin=1.0in]{geometry}\n\\usepackage{fancyhdr}\n\\usepackage{pgf}\n\\usepackage{qrc"
time=2026-01-17T14:31:31.419+01:00 level=INFO msg="LaTeX file created" file_path=./assets/tmp/3412453853.tex
time=2026-01-17T14:31:31.419+01:00 level=DEBUG msg="LaTeX content saved for debugging" debug_file=assets/tmp/latex_output978431324/debug_latex.tex
time=2026-01-17T14:31:31.419+01:00 level=DEBUG msg="Running pdflatex command" command="/usr/bin/pdflatex -interaction=nonstopmode -halt-on-error -output-directory ./assets/tmp/latex_output978431324 ./assets/tmp/3412453853.tex"
time=2026-01-17T14:31:31.417+01:00 level=DEBUG msg="Template replacement completed" student_id=78 original_template_size=3128 updated_latex_size=3098
time=2026-01-17T14:31:31.420+01:00 level=DEBUG msg="Generated LaTeX sample (first 200 chars):" student_id=78 sample="\\documentclass[12pt]{article}\n\\usepackage{tikz}\n\\usepackage{subfig}\n\\usepackage{graphicx}\n\\usepackage{xcolor}\n\\usepackage[margin=1.0in]{geometry}\n\\usepackage{fancyhdr}\n\\usepackage{pgf}\n\\usepackage{qrc"
time=2026-01-17T14:31:31.420+01:00 level=INFO msg="LaTeX file created" file_path=./assets/tmp/3079673122.tex
time=2026-01-17T14:31:31.420+01:00 level=DEBUG msg="LaTeX content saved for debugging" debug_file=assets/tmp/latex_output137822524/debug_latex.tex
time=2026-01-17T14:31:31.420+01:00 level=DEBUG msg="Running pdflatex command" command="/usr/bin/pdflatex -interaction=nonstopmode -halt-on-error -output-directory ./assets/tmp/latex_output137822524 ./assets/tmp/3079673122.tex"
time=2026-01-17T14:31:31.417+01:00 level=DEBUG msg="Template replacement completed" student_id=80 original_template_size=3128 updated_latex_size=3099
time=2026-01-17T14:31:31.420+01:00 level=DEBUG msg="Generated LaTeX sample (first 200 chars):" student_id=80 sample="\\documentclass[12pt]{article}\n\\usepackage{tikz}\n\\usepackage{subfig}\n\\usepackage{graphicx}\n\\usepackage{xcolor}\n\\usepackage[margin=1.0in]{geometry}\n\\usepackage{fancyhdr}\n\\usepackage{pgf}\n\\usepackage{qrc"
time=2026-01-17T14:31:31.417+01:00 level=DEBUG msg="Reading template file for student" student_id=79 template_path=/home/vbox/ScanEvalApp/assets/latex/templates/template_5.tex
time=2026-01-17T14:31:31.420+01:00 level=INFO msg="LaTeX file created" file_path=./assets/tmp/3407807273.tex
time=2026-01-17T14:31:31.420+01:00 level=DEBUG msg="Successfully read template" student_id=79 template_size_bytes=3128
time=2026-01-17T14:31:31.420+01:00 level=DEBUG msg="LaTeX content saved for debugging" debug_file=assets/tmp/latex_output2744629656/debug_latex.tex
time=2026-01-17T14:31:31.420+01:00 level=DEBUG msg="Running pdflatex command" command="/usr/bin/pdflatex -interaction=nonstopmode -halt-on-error -output-directory ./assets/tmp/latex_output2744629656 ./assets/tmp/3407807273.tex"
time=2026-01-17T14:31:31.420+01:00 level=DEBUG msg="Template replacement completed" student_id=79 original_template_size=3128 updated_latex_size=3101
time=2026-01-17T14:31:31.420+01:00 level=DEBUG msg="Generated LaTeX sample (first 200 chars):" student_id=79 sample="\\documentclass[12pt]{article}\n\\usepackage{tikz}\n\\usepackage{subfig}\n\\usepackage{graphicx}\n\\usepackage{xcolor}\n\\usepackage[margin=1.0in]{geometry}\n\\usepackage{fancyhdr}\n\\usepackage{pgf}\n\\usepackage{qrc"
time=2026-01-17T14:31:31.422+01:00 level=INFO msg="LaTeX file created" file_path=./assets/tmp/3670578883.tex
time=2026-01-17T14:31:31.424+01:00 level=DEBUG msg="LaTeX content saved for debugging" debug_file=assets/tmp/latex_output4165873556/debug_latex.tex
time=2026-01-17T14:31:31.427+01:00 level=DEBUG msg="Running pdflatex command" command="/usr/bin/pdflatex -interaction=nonstopmode -halt-on-error -output-directory ./assets/tmp/latex_output4165873556 ./assets/tmp/3670578883.tex"
time=2026-01-17T14:31:32.140+01:00 level=INFO msg="PDF compiled successfully" pdf_size_bytes=44139
time=2026-01-17T14:31:32.144+01:00 level=INFO msg="Súbor úspešne vymazaný" file_path=./assets/tmp/3407807273.tex
time=2026-01-17T14:31:32.145+01:00 level=INFO msg="Set initial main PDF for student" student_id=80
time=2026-01-17T14:31:32.145+01:00 level=DEBUG msg="Generovanie PDF" spracovaných=1 celkovo=4 exam=novy "id študenta"=80 "dokončené za"=729.206188ms
time=2026-01-17T14:31:32.208+01:00 level=INFO msg="PDF compiled successfully" pdf_size_bytes=44021
time=2026-01-17T14:31:32.212+01:00 level=INFO msg="Súbor úspešne vymazaný" file_path=./assets/tmp/3079673122.tex
time=2026-01-17T14:31:32.212+01:00 level=DEBUG msg="Merging PDFs" pdf1=assets/tmp/student_80.pdf pdf2=assets/tmp/student_78.pdf
time=2026-01-17T14:31:32.258+01:00 level=INFO msg="PDF compiled successfully" pdf_size_bytes=44496
time=2026-01-17T14:31:32.264+01:00 level=INFO msg="Súbor úspešne vymazaný" file_path=./assets/tmp/3670578883.tex
time=2026-01-17T14:31:32.265+01:00 level=INFO msg="PDFs merged" output_path=assets/tmp/merged.pdf
time=2026-01-17T14:31:32.266+01:00 level=DEBUG msg="Generovanie PDF" spracovaných=2 celkovo=4 exam=novy "id študenta"=78 "dokončené za"=850.000566ms
time=2026-01-17T14:31:32.266+01:00 level=INFO msg="Súbor úspešne vymazaný" file_path=assets/tmp/student_78.pdf
time=2026-01-17T14:31:32.266+01:00 level=DEBUG msg="Merging PDFs" pdf1=assets/tmp/student_80.pdf pdf2=assets/tmp/student_79.pdf
time=2026-01-17T14:31:32.313+01:00 level=INFO msg="PDFs merged" output_path=assets/tmp/merged.pdf
time=2026-01-17T14:31:32.313+01:00 level=DEBUG msg="Generovanie PDF" spracovaných=3 celkovo=4 exam=novy "id študenta"=79 "dokončené za"=895.723452ms
time=2026-01-17T14:31:32.313+01:00 level=INFO msg="Súbor úspešne vymazaný" file_path=assets/tmp/student_79.pdf
time=2026-01-17T14:31:32.317+01:00 level=INFO msg="PDF compiled successfully" pdf_size_bytes=43835
time=2026-01-17T14:31:32.321+01:00 level=INFO msg="Súbor úspešne vymazaný" file_path=./assets/tmp/3412453853.tex
time=2026-01-17T14:31:32.323+01:00 level=DEBUG msg="Merging PDFs" pdf1=assets/tmp/student_80.pdf pdf2=assets/tmp/student_77.pdf
time=2026-01-17T14:31:32.350+01:00 level=INFO msg="PDFs merged" output_path=assets/tmp/merged.pdf
time=2026-01-17T14:31:32.352+01:00 level=DEBUG msg="Generovanie PDF" spracovaných=4 celkovo=4 exam=novy "id študenta"=77 "dokončené za"=933.833366ms
time=2026-01-17T14:31:32.352+01:00 level=INFO msg="Súbor úspešne vymazaný" file_path=assets/tmp/student_77.pdf
time=2026-01-17T14:31:32.352+01:00 level=INFO msg="Processing students in room" room=A102
time=2026-01-17T14:31:32.352+01:00 level=DEBUG msg="Found students for room" room=A102 num_students=3
time=2026-01-17T14:31:32.353+01:00 level=DEBUG msg="Reading template file for student" student_id=83 template_path=/home/vbox/ScanEvalApp/assets/latex/templates/template_5.tex
time=2026-01-17T14:31:32.353+01:00 level=DEBUG msg="Reading template file for student" student_id=82 template_path=/home/vbox/ScanEvalApp/assets/latex/templates/template_5.tex
time=2026-01-17T14:31:32.353+01:00 level=DEBUG msg="Successfully read template" student_id=83 template_size_bytes=3128
time=2026-01-17T14:31:32.353+01:00 level=DEBUG msg="Successfully read template" student_id=82 template_size_bytes=3128
time=2026-01-17T14:31:32.353+01:00 level=DEBUG msg="Reading template file for student" student_id=81 template_path=/home/vbox/ScanEvalApp/assets/latex/templates/template_5.tex
time=2026-01-17T14:31:32.356+01:00 level=DEBUG msg="Successfully read template" student_id=81 template_size_bytes=3128
time=2026-01-17T14:31:32.356+01:00 level=DEBUG msg="Template replacement completed" student_id=83 original_template_size=3128 updated_latex_size=3101
time=2026-01-17T14:31:32.356+01:00 level=DEBUG msg="Generated LaTeX sample (first 200 chars):" student_id=83 sample="\\documentclass[12pt]{article}\n\\usepackage{tikz}\n\\usepackage{subfig}\n\\usepackage{graphicx}\n\\usepackage{xcolor}\n\\usepackage[margin=1.0in]{geometry}\n\\usepackage{fancyhdr}\n\\usepackage{pgf}\n\\usepackage{qrc"
time=2026-01-17T14:31:32.357+01:00 level=INFO msg="LaTeX file created" file_path=./assets/tmp/3682614005.tex
time=2026-01-17T14:31:32.357+01:00 level=DEBUG msg="LaTeX content saved for debugging" debug_file=assets/tmp/latex_output1291505508/debug_latex.tex
time=2026-01-17T14:31:32.357+01:00 level=DEBUG msg="Template replacement completed" student_id=81 original_template_size=3128 updated_latex_size=3100
time=2026-01-17T14:31:32.357+01:00 level=DEBUG msg="Generated LaTeX sample (first 200 chars):" student_id=81 sample="\\documentclass[12pt]{article}\n\\usepackage{tikz}\n\\usepackage{subfig}\n\\usepackage{graphicx}\n\\usepackage{xcolor}\n\\usepackage[margin=1.0in]{geometry}\n\\usepackage{fancyhdr}\n\\usepackage{pgf}\n\\usepackage{qrc"
time=2026-01-17T14:31:32.357+01:00 level=INFO msg="LaTeX file created" file_path=./assets/tmp/820955920.tex
time=2026-01-17T14:31:32.357+01:00 level=DEBUG msg="LaTeX content saved for debugging" debug_file=assets/tmp/latex_output4118632290/debug_latex.tex
time=2026-01-17T14:31:32.357+01:00 level=DEBUG msg="Running pdflatex command" command="/usr/bin/pdflatex -interaction=nonstopmode -halt-on-error -output-directory ./assets/tmp/latex_output4118632290 ./assets/tmp/820955920.tex"
time=2026-01-17T14:31:32.358+01:00 level=DEBUG msg="Template replacement completed" student_id=82 original_template_size=3128 updated_latex_size=3099
time=2026-01-17T14:31:32.358+01:00 level=DEBUG msg="Generated LaTeX sample (first 200 chars):" student_id=82 sample="\\documentclass[12pt]{article}\n\\usepackage{tikz}\n\\usepackage{subfig}\n\\usepackage{graphicx}\n\\usepackage{xcolor}\n\\usepackage[margin=1.0in]{geometry}\n\\usepackage{fancyhdr}\n\\usepackage{pgf}\n\\usepackage{qrc"
time=2026-01-17T14:31:32.358+01:00 level=INFO msg="LaTeX file created" file_path=./assets/tmp/801606390.tex
time=2026-01-17T14:31:32.358+01:00 level=DEBUG msg="LaTeX content saved for debugging" debug_file=assets/tmp/latex_output3751590366/debug_latex.tex
time=2026-01-17T14:31:32.358+01:00 level=DEBUG msg="Running pdflatex command" command="/usr/bin/pdflatex -interaction=nonstopmode -halt-on-error -output-directory ./assets/tmp/latex_output3751590366 ./assets/tmp/801606390.tex"
time=2026-01-17T14:31:32.358+01:00 level=DEBUG msg="Running pdflatex command" command="/usr/bin/pdflatex -interaction=nonstopmode -halt-on-error -output-directory ./assets/tmp/latex_output1291505508 ./assets/tmp/3682614005.tex"
time=2026-01-17T14:31:33.036+01:00 level=INFO msg="PDF compiled successfully" pdf_size_bytes=44099
time=2026-01-17T14:31:33.039+01:00 level=INFO msg="Súbor úspešne vymazaný" file_path=./assets/tmp/3682614005.tex
time=2026-01-17T14:31:33.039+01:00 level=DEBUG msg="Merging PDFs" pdf1=assets/tmp/student_80.pdf pdf2=assets/tmp/student_83.pdf
time=2026-01-17T14:31:33.052+01:00 level=INFO msg="PDF compiled successfully" pdf_size_bytes=44266
time=2026-01-17T14:31:33.052+01:00 level=INFO msg="Súbor úspešne vymazaný" file_path=./assets/tmp/820955920.tex
time=2026-01-17T14:31:33.054+01:00 level=INFO msg="PDF compiled successfully" pdf_size_bytes=44017
time=2026-01-17T14:31:33.056+01:00 level=INFO msg="Súbor úspešne vymazaný" file_path=./assets/tmp/801606390.tex
time=2026-01-17T14:31:33.074+01:00 level=INFO msg="PDFs merged" output_path=assets/tmp/merged.pdf
time=2026-01-17T14:31:33.076+01:00 level=DEBUG msg="Generovanie PDF" spracovaných=5 celkovo=3 exam=novy "id študenta"=83 "dokončené za"=723.143234ms
time=2026-01-17T14:31:33.076+01:00 level=INFO msg="Súbor úspešne vymazaný" file_path=assets/tmp/student_83.pdf
time=2026-01-17T14:31:33.076+01:00 level=DEBUG msg="Merging PDFs" pdf1=assets/tmp/student_80.pdf pdf2=assets/tmp/student_81.pdf
time=2026-01-17T14:31:33.110+01:00 level=INFO msg="PDFs merged" output_path=assets/tmp/merged.pdf
time=2026-01-17T14:31:33.112+01:00 level=DEBUG msg="Generovanie PDF" spracovaných=6 celkovo=3 exam=novy "id študenta"=81 "dokončené za"=759.418876ms
time=2026-01-17T14:31:33.113+01:00 level=INFO msg="Súbor úspešne vymazaný" file_path=assets/tmp/student_81.pdf
time=2026-01-17T14:31:33.113+01:00 level=DEBUG msg="Merging PDFs" pdf1=assets/tmp/student_80.pdf pdf2=assets/tmp/student_82.pdf
time=2026-01-17T14:31:33.145+01:00 level=INFO msg="PDFs merged" output_path=assets/tmp/merged.pdf
time=2026-01-17T14:31:33.146+01:00 level=DEBUG msg="Generovanie PDF" spracovaných=7 celkovo=3 exam=novy "id študenta"=82 "dokončené za"=793.653547ms
time=2026-01-17T14:31:33.147+01:00 level=INFO msg="Súbor úspešne vymazaný" file_path=assets/tmp/student_82.pdf
time=2026-01-17T14:31:33.147+01:00 level=INFO msg="Processing students in room" room=A103
time=2026-01-17T14:31:33.147+01:00 level=DEBUG msg="Found students for room" room=A103 num_students=3
time=2026-01-17T14:31:33.147+01:00 level=DEBUG msg="Reading template file for student" student_id=86 template_path=/home/vbox/ScanEvalApp/assets/latex/templates/template_5.tex
time=2026-01-17T14:31:33.147+01:00 level=DEBUG msg="Successfully read template" student_id=86 template_size_bytes=3128
time=2026-01-17T14:31:33.147+01:00 level=DEBUG msg="Reading template file for student" student_id=85 template_path=/home/vbox/ScanEvalApp/assets/latex/templates/template_5.tex
time=2026-01-17T14:31:33.148+01:00 level=DEBUG msg="Successfully read template" student_id=85 template_size_bytes=3128
time=2026-01-17T14:31:33.148+01:00 level=DEBUG msg="Template replacement completed" student_id=86 original_template_size=3128 updated_latex_size=3100
time=2026-01-17T14:31:33.148+01:00 level=DEBUG msg="Generated LaTeX sample (first 200 chars):" student_id=86 sample="\\documentclass[12pt]{article}\n\\usepackage{tikz}\n\\usepackage{subfig}\n\\usepackage{graphicx}\n\\usepackage{xcolor}\n\\usepackage[margin=1.0in]{geometry}\n\\usepackage{fancyhdr}\n\\usepackage{pgf}\n\\usepackage{qrc"
time=2026-01-17T14:31:33.148+01:00 level=INFO msg="LaTeX file created" file_path=./assets/tmp/3830979218.tex
time=2026-01-17T14:31:33.148+01:00 level=DEBUG msg="LaTeX content saved for debugging" debug_file=assets/tmp/latex_output3083868571/debug_latex.tex
time=2026-01-17T14:31:33.148+01:00 level=DEBUG msg="Running pdflatex command" command="/usr/bin/pdflatex -interaction=nonstopmode -halt-on-error -output-directory ./assets/tmp/latex_output3083868571 ./assets/tmp/3830979218.tex"
time=2026-01-17T14:31:33.148+01:00 level=DEBUG msg="Template replacement completed" student_id=85 original_template_size=3128 updated_latex_size=3101
time=2026-01-17T14:31:33.149+01:00 level=DEBUG msg="Generated LaTeX sample (first 200 chars):" student_id=85 sample="\\documentclass[12pt]{article}\n\\usepackage{tikz}\n\\usepackage{subfig}\n\\usepackage{graphicx}\n\\usepackage{xcolor}\n\\usepackage[margin=1.0in]{geometry}\n\\usepackage{fancyhdr}\n\\usepackage{pgf}\n\\usepackage{qrc"
time=2026-01-17T14:31:33.148+01:00 level=DEBUG msg="Reading template file for student" student_id=84 template_path=/home/vbox/ScanEvalApp/assets/latex/templates/template_5.tex
time=2026-01-17T14:31:33.149+01:00 level=INFO msg="LaTeX file created" file_path=./assets/tmp/2270325733.tex
time=2026-01-17T14:31:33.149+01:00 level=DEBUG msg="Successfully read template" student_id=84 template_size_bytes=3128
time=2026-01-17T14:31:33.149+01:00 level=DEBUG msg="LaTeX content saved for debugging" debug_file=assets/tmp/latex_output3249639605/debug_latex.tex
time=2026-01-17T14:31:33.149+01:00 level=DEBUG msg="Running pdflatex command" command="/usr/bin/pdflatex -interaction=nonstopmode -halt-on-error -output-directory ./assets/tmp/latex_output3249639605 ./assets/tmp/2270325733.tex"
time=2026-01-17T14:31:33.149+01:00 level=DEBUG msg="Template replacement completed" student_id=84 original_template_size=3128 updated_latex_size=3102
time=2026-01-17T14:31:33.149+01:00 level=DEBUG msg="Generated LaTeX sample (first 200 chars):" student_id=84 sample="\\documentclass[12pt]{article}\n\\usepackage{tikz}\n\\usepackage{subfig}\n\\usepackage{graphicx}\n\\usepackage{xcolor}\n\\usepackage[margin=1.0in]{geometry}\n\\usepackage{fancyhdr}\n\\usepackage{pgf}\n\\usepackage{qrc"
time=2026-01-17T14:31:33.150+01:00 level=INFO msg="LaTeX file created" file_path=./assets/tmp/531381034.tex
time=2026-01-17T14:31:33.150+01:00 level=DEBUG msg="LaTeX content saved for debugging" debug_file=assets/tmp/latex_output2580722071/debug_latex.tex
time=2026-01-17T14:31:33.150+01:00 level=DEBUG msg="Running pdflatex command" command="/usr/bin/pdflatex -interaction=nonstopmode -halt-on-error -output-directory ./assets/tmp/latex_output2580722071 ./assets/tmp/531381034.tex"
time=2026-01-17T14:31:33.852+01:00 level=INFO msg="PDF compiled successfully" pdf_size_bytes=44160
time=2026-01-17T14:31:33.863+01:00 level=INFO msg="Súbor úspešne vymazaný" file_path=./assets/tmp/3830979218.tex
time=2026-01-17T14:31:33.877+01:00 level=DEBUG msg="Merging PDFs" pdf1=assets/tmp/student_80.pdf pdf2=assets/tmp/student_86.pdf
time=2026-01-17T14:31:33.923+01:00 level=INFO msg="PDF compiled successfully" pdf_size_bytes=44330
time=2026-01-17T14:31:33.929+01:00 level=INFO msg="Súbor úspešne vymazaný" file_path=./assets/tmp/2270325733.tex
time=2026-01-17T14:31:33.945+01:00 level=INFO msg="PDF compiled successfully" pdf_size_bytes=43905
time=2026-01-17T14:31:33.946+01:00 level=INFO msg="Súbor úspešne vymazaný" file_path=./assets/tmp/531381034.tex
time=2026-01-17T14:31:33.949+01:00 level=INFO msg="PDFs merged" output_path=assets/tmp/merged.pdf
time=2026-01-17T14:31:33.950+01:00 level=DEBUG msg="Generovanie PDF" spracovaných=8 celkovo=3 exam=novy "id študenta"=86 "dokončené za"=803.135022ms
time=2026-01-17T14:31:33.951+01:00 level=INFO msg="Súbor úspešne vymazaný" file_path=assets/tmp/student_86.pdf
time=2026-01-17T14:31:33.951+01:00 level=DEBUG msg="Merging PDFs" pdf1=assets/tmp/student_80.pdf pdf2=assets/tmp/student_85.pdf
time=2026-01-17T14:31:33.990+01:00 level=INFO msg="PDFs merged" output_path=assets/tmp/merged.pdf
time=2026-01-17T14:31:33.991+01:00 level=DEBUG msg="Generovanie PDF" spracovaných=9 celkovo=3 exam=novy "id študenta"=85 "dokončené za"=843.518503ms
time=2026-01-17T14:31:33.992+01:00 level=INFO msg="Súbor úspešne vymazaný" file_path=assets/tmp/student_85.pdf
time=2026-01-17T14:31:33.992+01:00 level=DEBUG msg="Merging PDFs" pdf1=assets/tmp/student_80.pdf pdf2=assets/tmp/student_84.pdf
time=2026-01-17T14:31:34.023+01:00 level=INFO msg="PDFs merged" output_path=assets/tmp/merged.pdf
time=2026-01-17T14:31:34.023+01:00 level=DEBUG msg="Generovanie PDF" spracovaných=10 celkovo=3 exam=novy "id študenta"=84 "dokončené za"=875.196685ms
time=2026-01-17T14:31:34.024+01:00 level=INFO msg="Súbor úspešne vymazaný" file_path=assets/tmp/student_84.pdf
time=2026-01-17T14:31:34.025+01:00 level=DEBUG msg="Celkový čas generovania PDF" duration=2.609771879s
time=2026-01-17T14:31:34.025+01:00 level=INFO msg="Výsledné PDF úspešne uložené do" output_PDF_path=/home/vbox/Documents/novy17.pdf
time=2026-01-17T14:32:59.108+01:00 level=DEBUG msg="Pripájam sa k databáze..."
time=2026-01-17T14:32:59.111+01:00 level=DEBUG msg="Spúšťam migrácie..."
time=2026-01-17T14:32:59.113+01:00 level=INFO msg="Migrácia databázy úspešne dokončená"
time=2026-01-17T14:33:30.729+01:00 level=DEBUG msg="Pripájam sa k databáze..."
time=2026-01-17T14:33:30.731+01:00 level=DEBUG msg="Spúšťam migrácie..."
time=2026-01-17T14:33:30.735+01:00 level=INFO msg="Migrácia databázy úspešne dokončená"
time=2026-01-17T14:33:33.303+01:00 level=DEBUG msg="Current working directory" working_directory=/home/vbox/ScanEvalApp
time=2026-01-17T14:33:33.303+01:00 level=DEBUG msg="Starting PDF generation" exam_id=17
time=2026-01-17T14:33:33.303+01:00 level=DEBUG msg="Exam details loaded" exam_id=17 exam_title=novy option_count=5 question_count=10
time=2026-01-17T14:33:33.303+01:00 level=DEBUG msg="GetTemplatePath called" input_option_count=5
time=2026-01-17T14:33:33.303+01:00 level=DEBUG msg="Template path construction" template_file=template_5.tex base_path=./assets/latex/templates/ full_path=assets/latex/templates/template_5.tex
time=2026-01-17T14:33:33.303+01:00 level=DEBUG msg="GetTemplatePath result" absolute_path=/home/vbox/ScanEvalApp/assets/latex/templates/template_5.tex
time=2026-01-17T14:33:33.303+01:00 level=DEBUG msg="=== TEMPLATE PATH DEBUGGING ==="
time=2026-01-17T14:33:33.303+01:00 level=DEBUG msg="Template path result" template_path=/home/vbox/ScanEvalApp/assets/latex/templates/template_5.tex input_option_count=5
time=2026-01-17T14:33:33.304+01:00 level=INFO msg="=== TEMPLATE FILE FOUND ===" template_path=/home/vbox/ScanEvalApp/assets/latex/templates/template_5.tex file_size=3128 file_mod_time=2025-11-20T20:08:55.156+01:00
time=2026-01-17T14:33:33.304+01:00 level=INFO msg="Using template" template_path=/home/vbox/ScanEvalApp/assets/latex/templates/template_5.tex option_count=5
time=2026-01-17T14:33:33.304+01:00 level=DEBUG msg="Starting parallel PDF generation" option_count=5 template_path=/home/vbox/ScanEvalApp/assets/latex/templates/template_5.tex num_rooms=3
time=2026-01-17T14:33:33.304+01:00 level=INFO msg="Processing students in room" room=A101
time=2026-01-17T14:33:33.304+01:00 level=DEBUG msg="Found students for room" room=A101 num_students=4
time=2026-01-17T14:33:33.305+01:00 level=DEBUG msg="Reading template file for student" student_id=80 template_path=/home/vbox/ScanEvalApp/assets/latex/templates/template_5.tex
time=2026-01-17T14:33:33.305+01:00 level=DEBUG msg="Successfully read template" student_id=80 template_size_bytes=3128
time=2026-01-17T14:33:33.305+01:00 level=DEBUG msg="Reading template file for student" student_id=79 template_path=/home/vbox/ScanEvalApp/assets/latex/templates/template_5.tex
time=2026-01-17T14:33:33.305+01:00 level=DEBUG msg="Reading template file for student" student_id=78 template_path=/home/vbox/ScanEvalApp/assets/latex/templates/template_5.tex
time=2026-01-17T14:33:33.305+01:00 level=DEBUG msg="Successfully read template" student_id=79 template_size_bytes=3128
time=2026-01-17T14:33:33.305+01:00 level=DEBUG msg="Successfully read template" student_id=78 template_size_bytes=3128
time=2026-01-17T14:33:33.305+01:00 level=DEBUG msg="Reading template file for student" student_id=77 template_path=/home/vbox/ScanEvalApp/assets/latex/templates/template_5.tex
time=2026-01-17T14:33:33.305+01:00 level=DEBUG msg="Successfully read template" student_id=77 template_size_bytes=3128
time=2026-01-17T14:33:33.305+01:00 level=DEBUG msg="Template replacement completed" student_id=80 original_template_size=3128 updated_latex_size=3099
time=2026-01-17T14:33:33.305+01:00 level=DEBUG msg="Generated LaTeX sample (first 200 chars):" student_id=80 sample="\\documentclass[12pt]{article}\n\\usepackage{tikz}\n\\usepackage{subfig}\n\\usepackage{graphicx}\n\\usepackage{xcolor}\n\\usepackage[margin=1.0in]{geometry}\n\\usepackage{fancyhdr}\n\\usepackage{pgf}\n\\usepackage{qrc"
time=2026-01-17T14:33:33.305+01:00 level=DEBUG msg="Template replacement completed" student_id=79 original_template_size=3128 updated_latex_size=3101
time=2026-01-17T14:33:33.306+01:00 level=DEBUG msg="Template replacement completed" student_id=77 original_template_size=3128 updated_latex_size=3096
time=2026-01-17T14:33:33.306+01:00 level=INFO msg="LaTeX file created" file_path=./assets/tmp/1948249863.tex
time=2026-01-17T14:33:33.306+01:00 level=DEBUG msg="LaTeX content saved for debugging" debug_file=assets/tmp/latex_output1186546401/debug_latex.tex
time=2026-01-17T14:33:33.306+01:00 level=DEBUG msg="Generated LaTeX sample (first 200 chars):" student_id=79 sample="\\documentclass[12pt]{article}\n\\usepackage{tikz}\n\\usepackage{subfig}\n\\usepackage{graphicx}\n\\usepackage{xcolor}\n\\usepackage[margin=1.0in]{geometry}\n\\usepackage{fancyhdr}\n\\usepackage{pgf}\n\\usepackage{qrc"
time=2026-01-17T14:33:33.306+01:00 level=INFO msg="LaTeX file created" file_path=./assets/tmp/2583946943.tex
time=2026-01-17T14:33:33.306+01:00 level=DEBUG msg="Generated LaTeX sample (first 200 chars):" student_id=77 sample="\\documentclass[12pt]{article}\n\\usepackage{tikz}\n\\usepackage{subfig}\n\\usepackage{graphicx}\n\\usepackage{xcolor}\n\\usepackage[margin=1.0in]{geometry}\n\\usepackage{fancyhdr}\n\\usepackage{pgf}\n\\usepackage{qrc"
time=2026-01-17T14:33:33.306+01:00 level=DEBUG msg="Running pdflatex command" command="/usr/bin/pdflatex -interaction=nonstopmode -halt-on-error -output-directory ./assets/tmp/latex_output1186546401 ./assets/tmp/1948249863.tex"
time=2026-01-17T14:33:33.306+01:00 level=INFO msg="LaTeX file created" file_path=./assets/tmp/4190334219.tex
time=2026-01-17T14:33:33.306+01:00 level=DEBUG msg="LaTeX content saved for debugging" debug_file=assets/tmp/latex_output1088674771/debug_latex.tex
time=2026-01-17T14:33:33.306+01:00 level=DEBUG msg="Running pdflatex command" command="/usr/bin/pdflatex -interaction=nonstopmode -halt-on-error -output-directory ./assets/tmp/latex_output1088674771 ./assets/tmp/4190334219.tex"
time=2026-01-17T14:33:33.306+01:00 level=DEBUG msg="LaTeX content saved for debugging" debug_file=assets/tmp/latex_output1164828679/debug_latex.tex
time=2026-01-17T14:33:33.306+01:00 level=DEBUG msg="Running pdflatex command" command="/usr/bin/pdflatex -interaction=nonstopmode -halt-on-error -output-directory ./assets/tmp/latex_output1164828679 ./assets/tmp/2583946943.tex"
time=2026-01-17T14:33:33.305+01:00 level=DEBUG msg="Template replacement completed" student_id=78 original_template_size=3128 updated_latex_size=3098
time=2026-01-17T14:33:33.307+01:00 level=DEBUG msg="Generated LaTeX sample (first 200 chars):" student_id=78 sample="\\documentclass[12pt]{article}\n\\usepackage{tikz}\n\\usepackage{subfig}\n\\usepackage{graphicx}\n\\usepackage{xcolor}\n\\usepackage[margin=1.0in]{geometry}\n\\usepackage{fancyhdr}\n\\usepackage{pgf}\n\\usepackage{qrc"
time=2026-01-17T14:33:33.309+01:00 level=INFO msg="LaTeX file created" file_path=./assets/tmp/1005502870.tex
time=2026-01-17T14:33:33.310+01:00 level=DEBUG msg="LaTeX content saved for debugging" debug_file=assets/tmp/latex_output4151849978/debug_latex.tex
time=2026-01-17T14:33:33.310+01:00 level=DEBUG msg="Running pdflatex command" command="/usr/bin/pdflatex -interaction=nonstopmode -halt-on-error -output-directory ./assets/tmp/latex_output4151849978 ./assets/tmp/1005502870.tex"
time=2026-01-17T14:33:34.032+01:00 level=INFO msg="PDF compiled successfully" pdf_size_bytes=44496
time=2026-01-17T14:33:34.035+01:00 level=INFO msg="Súbor úspešne vymazaný" file_path=./assets/tmp/2583946943.tex
time=2026-01-17T14:33:34.035+01:00 level=INFO msg="Set initial main PDF for student" student_id=79
time=2026-01-17T14:33:34.035+01:00 level=DEBUG msg="Generovanie PDF" spracovaných=1 celkovo=4 exam=novy "id študenta"=79 "dokončené za"=730.52041ms
time=2026-01-17T14:33:34.205+01:00 level=INFO msg="PDF compiled successfully" pdf_size_bytes=43835
time=2026-01-17T14:33:34.206+01:00 level=INFO msg="Súbor úspešne vymazaný" file_path=./assets/tmp/4190334219.tex
time=2026-01-17T14:33:34.210+01:00 level=DEBUG msg="Merging PDFs" pdf1=assets/tmp/student_79.pdf pdf2=assets/tmp/student_77.pdf
time=2026-01-17T14:33:34.213+01:00 level=INFO msg="PDF compiled successfully" pdf_size_bytes=44021
time=2026-01-17T14:33:34.217+01:00 level=INFO msg="Súbor úspešne vymazaný" file_path=./assets/tmp/1005502870.tex
time=2026-01-17T14:33:34.237+01:00 level=INFO msg="PDFs merged" output_path=assets/tmp/merged.pdf
time=2026-01-17T14:33:34.237+01:00 level=DEBUG msg="Generovanie PDF" spracovaných=2 celkovo=4 exam=novy "id študenta"=77 "dokončené za"=932.068606ms
time=2026-01-17T14:33:34.237+01:00 level=INFO msg="Súbor úspešne vymazaný" file_path=assets/tmp/student_77.pdf
time=2026-01-17T14:33:34.237+01:00 level=DEBUG msg="Merging PDFs" pdf1=assets/tmp/student_79.pdf pdf2=assets/tmp/student_78.pdf
time=2026-01-17T14:33:34.260+01:00 level=INFO msg="PDFs merged" output_path=assets/tmp/merged.pdf
time=2026-01-17T14:33:34.261+01:00 level=DEBUG msg="Generovanie PDF" spracovaných=3 celkovo=4 exam=novy "id študenta"=78 "dokončené za"=956.003368ms
time=2026-01-17T14:33:34.261+01:00 level=INFO msg="Súbor úspešne vymazaný" file_path=assets/tmp/student_78.pdf
time=2026-01-17T14:33:34.290+01:00 level=INFO msg="PDF compiled successfully" pdf_size_bytes=44139
time=2026-01-17T14:33:34.292+01:00 level=INFO msg="Súbor úspešne vymazaný" file_path=./assets/tmp/1948249863.tex
time=2026-01-17T14:33:34.293+01:00 level=DEBUG msg="Merging PDFs" pdf1=assets/tmp/student_79.pdf pdf2=assets/tmp/student_80.pdf
time=2026-01-17T14:33:34.315+01:00 level=INFO msg="PDFs merged" output_path=assets/tmp/merged.pdf
time=2026-01-17T14:33:34.317+01:00 level=DEBUG msg="Generovanie PDF" spracovaných=4 celkovo=4 exam=novy "id študenta"=80 "dokončené za"=1.012521394s
time=2026-01-17T14:33:34.318+01:00 level=INFO msg="Súbor úspešne vymazaný" file_path=assets/tmp/student_80.pdf
time=2026-01-17T14:33:34.318+01:00 level=INFO msg="Processing students in room" room=A102
time=2026-01-17T14:33:34.320+01:00 level=DEBUG msg="Found students for room" room=A102 num_students=3
time=2026-01-17T14:33:34.322+01:00 level=DEBUG msg="Reading template file for student" student_id=81 template_path=/home/vbox/ScanEvalApp/assets/latex/templates/template_5.tex
time=2026-01-17T14:33:34.322+01:00 level=DEBUG msg="Reading template file for student" student_id=83 template_path=/home/vbox/ScanEvalApp/assets/latex/templates/template_5.tex
time=2026-01-17T14:33:34.322+01:00 level=DEBUG msg="Successfully read template" student_id=81 template_size_bytes=3128
time=2026-01-17T14:33:34.323+01:00 level=DEBUG msg="Successfully read template" student_id=83 template_size_bytes=3128
time=2026-01-17T14:33:34.323+01:00 level=DEBUG msg="Template replacement completed" student_id=81 original_template_size=3128 updated_latex_size=3100
time=2026-01-17T14:33:34.323+01:00 level=DEBUG msg="Generated LaTeX sample (first 200 chars):" student_id=81 sample="\\documentclass[12pt]{article}\n\\usepackage{tikz}\n\\usepackage{subfig}\n\\usepackage{graphicx}\n\\usepackage{xcolor}\n\\usepackage[margin=1.0in]{geometry}\n\\usepackage{fancyhdr}\n\\usepackage{pgf}\n\\usepackage{qrc"
time=2026-01-17T14:33:34.324+01:00 level=INFO msg="LaTeX file created" file_path=./assets/tmp/2807388349.tex
time=2026-01-17T14:33:34.324+01:00 level=DEBUG msg="LaTeX content saved for debugging" debug_file=assets/tmp/latex_output1975234992/debug_latex.tex
time=2026-01-17T14:33:34.324+01:00 level=DEBUG msg="Reading template file for student" student_id=82 template_path=/home/vbox/ScanEvalApp/assets/latex/templates/template_5.tex
time=2026-01-17T14:33:34.324+01:00 level=DEBUG msg="Running pdflatex command" command="/usr/bin/pdflatex -interaction=nonstopmode -halt-on-error -output-directory ./assets/tmp/latex_output1975234992 ./assets/tmp/2807388349.tex"
time=2026-01-17T14:33:34.324+01:00 level=DEBUG msg="Successfully read template" student_id=82 template_size_bytes=3128
time=2026-01-17T14:33:34.325+01:00 level=DEBUG msg="Template replacement completed" student_id=82 original_template_size=3128 updated_latex_size=3099
time=2026-01-17T14:33:34.325+01:00 level=DEBUG msg="Generated LaTeX sample (first 200 chars):" student_id=82 sample="\\documentclass[12pt]{article}\n\\usepackage{tikz}\n\\usepackage{subfig}\n\\usepackage{graphicx}\n\\usepackage{xcolor}\n\\usepackage[margin=1.0in]{geometry}\n\\usepackage{fancyhdr}\n\\usepackage{pgf}\n\\usepackage{qrc"
time=2026-01-17T14:33:34.325+01:00 level=INFO msg="LaTeX file created" file_path=./assets/tmp/1811541790.tex
time=2026-01-17T14:33:34.326+01:00 level=DEBUG msg="LaTeX content saved for debugging" debug_file=assets/tmp/latex_output4270768724/debug_latex.tex
time=2026-01-17T14:33:34.326+01:00 level=DEBUG msg="Running pdflatex command" command="/usr/bin/pdflatex -interaction=nonstopmode -halt-on-error -output-directory ./assets/tmp/latex_output4270768724 ./assets/tmp/1811541790.tex"
time=2026-01-17T14:33:34.327+01:00 level=DEBUG msg="Template replacement completed" student_id=83 original_template_size=3128 updated_latex_size=3101
time=2026-01-17T14:33:34.328+01:00 level=DEBUG msg="Generated LaTeX sample (first 200 chars):" student_id=83 sample="\\documentclass[12pt]{article}\n\\usepackage{tikz}\n\\usepackage{subfig}\n\\usepackage{graphicx}\n\\usepackage{xcolor}\n\\usepackage[margin=1.0in]{geometry}\n\\usepackage{fancyhdr}\n\\usepackage{pgf}\n\\usepackage{qrc"
time=2026-01-17T14:33:34.328+01:00 level=INFO msg="LaTeX file created" file_path=./assets/tmp/3699119566.tex
time=2026-01-17T14:33:34.328+01:00 level=DEBUG msg="LaTeX content saved for debugging" debug_file=assets/tmp/latex_output3503291595/debug_latex.tex
time=2026-01-17T14:33:34.329+01:00 level=DEBUG msg="Running pdflatex command" command="/usr/bin/pdflatex -interaction=nonstopmode -halt-on-error -output-directory ./assets/tmp/latex_output3503291595 ./assets/tmp/3699119566.tex"
time=2026-01-17T14:33:35.099+01:00 level=INFO msg="PDF compiled successfully" pdf_size_bytes=44266
time=2026-01-17T14:33:35.101+01:00 level=INFO msg="Súbor úspešne vymazaný" file_path=./assets/tmp/2807388349.tex
time=2026-01-17T14:33:35.102+01:00 level=DEBUG msg="Merging PDFs" pdf1=assets/tmp/student_79.pdf pdf2=assets/tmp/student_81.pdf
time=2026-01-17T14:33:35.132+01:00 level=INFO msg="PDFs merged" output_path=assets/tmp/merged.pdf
time=2026-01-17T14:33:35.134+01:00 level=DEBUG msg="Generovanie PDF" spracovaných=5 celkovo=3 exam=novy "id študenta"=81 "dokončené za"=811.644087ms
time=2026-01-17T14:33:35.134+01:00 level=INFO msg="Súbor úspešne vymazaný" file_path=assets/tmp/student_81.pdf
time=2026-01-17T14:33:35.152+01:00 level=INFO msg="PDF compiled successfully" pdf_size_bytes=44017
time=2026-01-17T14:33:35.156+01:00 level=INFO msg="Súbor úspešne vymazaný" file_path=./assets/tmp/1811541790.tex
time=2026-01-17T14:33:35.157+01:00 level=DEBUG msg="Merging PDFs" pdf1=assets/tmp/student_79.pdf pdf2=assets/tmp/student_82.pdf
time=2026-01-17T14:33:35.188+01:00 level=INFO msg="PDFs merged" output_path=assets/tmp/merged.pdf
time=2026-01-17T14:33:35.189+01:00 level=DEBUG msg="Generovanie PDF" spracovaných=6 celkovo=3 exam=novy "id študenta"=82 "dokončené za"=864.717452ms
time=2026-01-17T14:33:35.190+01:00 level=INFO msg="Súbor úspešne vymazaný" file_path=assets/tmp/student_82.pdf
time=2026-01-17T14:33:35.191+01:00 level=INFO msg="PDF compiled successfully" pdf_size_bytes=44099
time=2026-01-17T14:33:35.193+01:00 level=INFO msg="Súbor úspešne vymazaný" file_path=./assets/tmp/3699119566.tex
time=2026-01-17T14:33:35.193+01:00 level=DEBUG msg="Merging PDFs" pdf1=assets/tmp/student_79.pdf pdf2=assets/tmp/student_83.pdf
time=2026-01-17T14:33:35.221+01:00 level=INFO msg="PDFs merged" output_path=assets/tmp/merged.pdf
time=2026-01-17T14:33:35.221+01:00 level=DEBUG msg="Generovanie PDF" spracovaných=7 celkovo=3 exam=novy "id študenta"=83 "dokončené za"=899.056586ms
time=2026-01-17T14:33:35.222+01:00 level=INFO msg="Súbor úspešne vymazaný" file_path=assets/tmp/student_83.pdf
time=2026-01-17T14:33:35.222+01:00 level=INFO msg="Processing students in room" room=A103
time=2026-01-17T14:33:35.222+01:00 level=DEBUG msg="Found students for room" room=A103 num_students=3
time=2026-01-17T14:33:35.222+01:00 level=DEBUG msg="Reading template file for student" student_id=86 template_path=/home/vbox/ScanEvalApp/assets/latex/templates/template_5.tex
time=2026-01-17T14:33:35.223+01:00 level=DEBUG msg="Reading template file for student" student_id=85 template_path=/home/vbox/ScanEvalApp/assets/latex/templates/template_5.tex
time=2026-01-17T14:33:35.222+01:00 level=DEBUG msg="Successfully read template" student_id=86 template_size_bytes=3128
time=2026-01-17T14:33:35.223+01:00 level=DEBUG msg="Successfully read template" student_id=85 template_size_bytes=3128
time=2026-01-17T14:33:35.223+01:00 level=DEBUG msg="Template replacement completed" student_id=86 original_template_size=3128 updated_latex_size=3100
time=2026-01-17T14:33:35.223+01:00 level=DEBUG msg="Template replacement completed" student_id=85 original_template_size=3128 updated_latex_size=3101
time=2026-01-17T14:33:35.223+01:00 level=DEBUG msg="Generated LaTeX sample (first 200 chars):" student_id=85 sample="\\documentclass[12pt]{article}\n\\usepackage{tikz}\n\\usepackage{subfig}\n\\usepackage{graphicx}\n\\usepackage{xcolor}\n\\usepackage[margin=1.0in]{geometry}\n\\usepackage{fancyhdr}\n\\usepackage{pgf}\n\\usepackage{qrc"
time=2026-01-17T14:33:35.223+01:00 level=INFO msg="LaTeX file created" file_path=./assets/tmp/3572244761.tex
time=2026-01-17T14:33:35.223+01:00 level=DEBUG msg="LaTeX content saved for debugging" debug_file=assets/tmp/latex_output349548414/debug_latex.tex
time=2026-01-17T14:33:35.223+01:00 level=DEBUG msg="Running pdflatex command" command="/usr/bin/pdflatex -interaction=nonstopmode -halt-on-error -output-directory ./assets/tmp/latex_output349548414 ./assets/tmp/3572244761.tex"
time=2026-01-17T14:33:35.223+01:00 level=DEBUG msg="Reading template file for student" student_id=84 template_path=/home/vbox/ScanEvalApp/assets/latex/templates/template_5.tex
time=2026-01-17T14:33:35.224+01:00 level=DEBUG msg="Successfully read template" student_id=84 template_size_bytes=3128
time=2026-01-17T14:33:35.224+01:00 level=DEBUG msg="Template replacement completed" student_id=84 original_template_size=3128 updated_latex_size=3102
time=2026-01-17T14:33:35.224+01:00 level=DEBUG msg="Generated LaTeX sample (first 200 chars):" student_id=84 sample="\\documentclass[12pt]{article}\n\\usepackage{tikz}\n\\usepackage{subfig}\n\\usepackage{graphicx}\n\\usepackage{xcolor}\n\\usepackage[margin=1.0in]{geometry}\n\\usepackage{fancyhdr}\n\\usepackage{pgf}\n\\usepackage{qrc"
time=2026-01-17T14:33:35.224+01:00 level=INFO msg="LaTeX file created" file_path=./assets/tmp/3798247132.tex
time=2026-01-17T14:33:35.224+01:00 level=DEBUG msg="LaTeX content saved for debugging" debug_file=assets/tmp/latex_output2682733744/debug_latex.tex
time=2026-01-17T14:33:35.224+01:00 level=DEBUG msg="Running pdflatex command" command="/usr/bin/pdflatex -interaction=nonstopmode -halt-on-error -output-directory ./assets/tmp/latex_output2682733744 ./assets/tmp/3798247132.tex"
time=2026-01-17T14:33:35.225+01:00 level=DEBUG msg="Generated LaTeX sample (first 200 chars):" student_id=86 sample="\\documentclass[12pt]{article}\n\\usepackage{tikz}\n\\usepackage{subfig}\n\\usepackage{graphicx}\n\\usepackage{xcolor}\n\\usepackage[margin=1.0in]{geometry}\n\\usepackage{fancyhdr}\n\\usepackage{pgf}\n\\usepackage{qrc"
time=2026-01-17T14:33:35.225+01:00 level=INFO msg="LaTeX file created" file_path=./assets/tmp/3979782465.tex
time=2026-01-17T14:33:35.225+01:00 level=DEBUG msg="LaTeX content saved for debugging" debug_file=assets/tmp/latex_output2254251611/debug_latex.tex
time=2026-01-17T14:33:35.225+01:00 level=DEBUG msg="Running pdflatex command" command="/usr/bin/pdflatex -interaction=nonstopmode -halt-on-error -output-directory ./assets/tmp/latex_output2254251611 ./assets/tmp/3979782465.tex"
time=2026-01-17T14:33:35.969+01:00 level=INFO msg="PDF compiled successfully" pdf_size_bytes=44160
time=2026-01-17T14:33:35.972+01:00 level=INFO msg="Súbor úspešne vymazaný" file_path=./assets/tmp/3979782465.tex
time=2026-01-17T14:33:35.972+01:00 level=DEBUG msg="Merging PDFs" pdf1=assets/tmp/student_79.pdf pdf2=assets/tmp/student_86.pdf
time=2026-01-17T14:33:35.975+01:00 level=INFO msg="PDF compiled successfully" pdf_size_bytes=43905
time=2026-01-17T14:33:35.977+01:00 level=INFO msg="Súbor úspešne vymazaný" file_path=./assets/tmp/3798247132.tex
time=2026-01-17T14:33:35.992+01:00 level=INFO msg="PDF compiled successfully" pdf_size_bytes=44330
time=2026-01-17T14:33:35.996+01:00 level=INFO msg="Súbor úspešne vymazaný" file_path=./assets/tmp/3572244761.tex
time=2026-01-17T14:33:36.005+01:00 level=INFO msg="PDFs merged" output_path=assets/tmp/merged.pdf
time=2026-01-17T14:33:36.007+01:00 level=DEBUG msg="Generovanie PDF" spracovaných=8 celkovo=3 exam=novy "id študenta"=86 "dokončené za"=784.179939ms
time=2026-01-17T14:33:36.008+01:00 level=INFO msg="Súbor úspešne vymazaný" file_path=assets/tmp/student_86.pdf
time=2026-01-17T14:33:36.008+01:00 level=DEBUG msg="Merging PDFs" pdf1=assets/tmp/student_79.pdf pdf2=assets/tmp/student_84.pdf
time=2026-01-17T14:33:36.045+01:00 level=INFO msg="PDFs merged" output_path=assets/tmp/merged.pdf
time=2026-01-17T14:33:36.046+01:00 level=DEBUG msg="Generovanie PDF" spracovaných=9 celkovo=3 exam=novy "id študenta"=84 "dokončené za"=822.693267ms
time=2026-01-17T14:33:36.046+01:00 level=INFO msg="Súbor úspešne vymazaný" file_path=assets/tmp/student_84.pdf
time=2026-01-17T14:33:36.046+01:00 level=DEBUG msg="Merging PDFs" pdf1=assets/tmp/student_79.pdf pdf2=assets/tmp/student_85.pdf
time=2026-01-17T14:33:36.080+01:00 level=INFO msg="PDFs merged" output_path=assets/tmp/merged.pdf
time=2026-01-17T14:33:36.083+01:00 level=DEBUG msg="Generovanie PDF" spracovaných=10 celkovo=3 exam=novy "id študenta"=85 "dokončené za"=860.443774ms
time=2026-01-17T14:33:36.083+01:00 level=INFO msg="Súbor úspešne vymazaný" file_path=assets/tmp/student_85.pdf
time=2026-01-17T14:33:36.084+01:00 level=DEBUG msg="Celkový čas generovania PDF" duration=2.780234423s
time=2026-01-17T14:33:36.084+01:00 level=INFO msg="Výsledné PDF úspešne uložené do" output_PDF_path=/home/vbox/Documents/novy17.pdf
time=2026-01-17T14:47:53.278+01:00 level=DEBUG msg="Pripájam sa k databáze..."
time=2026-01-17T14:47:53.279+01:00 level=DEBUG msg="Spúšťam migrácie..."
time=2026-01-17T14:47:53.287+01:00 level=INFO msg="Migrácia databázy úspešne dokončená"
time=2026-01-17T14:48:43.108+01:00 level=DEBUG msg="Pripájam sa k databáze..."
time=2026-01-17T14:48:43.110+01:00 level=DEBUG msg="Spúšťam migrácie..."
time=2026-01-17T14:48:43.114+01:00 level=INFO msg="Migrácia databázy úspešne dokončená"
time=2026-01-17T14:48:45.993+01:00 level=DEBUG msg="Hľadanie testu" "ID testu"=17
time=2026-01-17T14:48:45.994+01:00 level=DEBUG msg="Test bol nájdený" test=novy year=2024/25
time=2026-01-17T14:48:54.201+01:00 level=DEBUG msg="Hľadanie testu" "ID testu"=17
time=2026-01-17T14:48:54.202+01:00 level=DEBUG msg="Test bol nájdený" test=novy year=2024/25
time=2026-01-17T14:55:00.376+01:00 level=DEBUG msg="Pripájam sa k databáze..."
time=2026-01-17T14:55:00.378+01:00 level=DEBUG msg="Spúšťam migrácie..."
time=2026-01-17T14:55:00.381+01:00 level=INFO msg="Migrácia databázy úspešne dokončená"
time=2026-01-17T14:55:02.931+01:00 level=DEBUG msg="Hľadanie testu" "ID testu"=17
time=2026-01-17T14:55:02.932+01:00 level=DEBUG msg="Test bol nájdený" test=novy year=2024/25
time=2026-01-17T14:58:30.850+01:00 level=DEBUG msg="Pripájam sa k databáze..."
time=2026-01-17T14:58:30.851+01:00 level=DEBUG msg="Spúšťam migrácie..."
time=2026-01-17T14:58:30.857+01:00 level=INFO msg="Migrácia databázy úspešne dokončená"
time=2026-01-17T14:58:35.409+01:00 level=DEBUG msg="Hľadanie testu" "ID testu"=17
time=2026-01-17T14:58:35.409+01:00 level=DEBUG msg="Test bol nájdený" test=novy year=2024/25
time=2026-01-17T14:58:47.563+01:00 level=DEBUG msg="Current working directory" working_directory=/home/vbox/ScanEvalApp
time=2026-01-17T14:58:47.563+01:00 level=DEBUG msg="Starting PDF generation" exam_id=17
time=2026-01-17T14:58:47.563+01:00 level=DEBUG msg="Exam details loaded" exam_id=17 exam_title=novy option_count=5 question_count=10
time=2026-01-17T14:58:47.563+01:00 level=DEBUG msg="GetTemplatePath called" input_option_count=5
time=2026-01-17T14:58:47.563+01:00 level=DEBUG msg="Template path construction" template_file=template_5.tex base_path=./assets/latex/templates/ full_path=assets/latex/templates/template_5.tex
time=2026-01-17T14:58:47.564+01:00 level=DEBUG msg="GetTemplatePath result" absolute_path=/home/vbox/ScanEvalApp/assets/latex/templates/template_5.tex
time=2026-01-17T14:58:47.564+01:00 level=DEBUG msg="=== TEMPLATE PATH DEBUGGING ==="
time=2026-01-17T14:58:47.564+01:00 level=DEBUG msg="Template path result" template_path=/home/vbox/ScanEvalApp/assets/latex/templates/template_5.tex input_option_count=5
time=2026-01-17T14:58:47.564+01:00 level=INFO msg="=== TEMPLATE FILE FOUND ===" template_path=/home/vbox/ScanEvalApp/assets/latex/templates/template_5.tex file_size=3128 file_mod_time=2025-11-20T20:08:55.156+01:00
time=2026-01-17T14:58:47.564+01:00 level=INFO msg="Using template" template_path=/home/vbox/ScanEvalApp/assets/latex/templates/template_5.tex option_count=5
time=2026-01-17T14:58:47.564+01:00 level=DEBUG msg="Starting parallel PDF generation" option_count=5 template_path=/home/vbox/ScanEvalApp/assets/latex/templates/template_5.tex num_rooms=3
time=2026-01-17T14:58:47.564+01:00 level=INFO msg="Processing students in room" room=A101
time=2026-01-17T14:58:47.565+01:00 level=DEBUG msg="Found students for room" room=A101 num_students=4
time=2026-01-17T14:58:47.565+01:00 level=DEBUG msg="Reading template file for student" student_id=80 template_path=/home/vbox/ScanEvalApp/assets/latex/templates/template_5.tex
time=2026-01-17T14:58:47.565+01:00 level=DEBUG msg="Successfully read template" student_id=80 template_size_bytes=3128
time=2026-01-17T14:58:47.566+01:00 level=DEBUG msg="Reading template file for student" student_id=78 template_path=/home/vbox/ScanEvalApp/assets/latex/templates/template_5.tex
time=2026-01-17T14:58:47.572+01:00 level=DEBUG msg="Successfully read template" student_id=78 template_size_bytes=3128
time=2026-01-17T14:58:47.572+01:00 level=DEBUG msg="Template replacement completed" student_id=78 original_template_size=3128 updated_latex_size=3098
time=2026-01-17T14:58:47.572+01:00 level=DEBUG msg="Generated LaTeX sample (first 200 chars):" student_id=78 sample="\\documentclass[12pt]{article}\n\\usepackage{tikz}\n\\usepackage{subfig}\n\\usepackage{graphicx}\n\\usepackage{xcolor}\n\\usepackage[margin=1.0in]{geometry}\n\\usepackage{fancyhdr}\n\\usepackage{pgf}\n\\usepackage{qrc"
time=2026-01-17T14:58:47.566+01:00 level=DEBUG msg="Template replacement completed" student_id=80 original_template_size=3128 updated_latex_size=3099
time=2026-01-17T14:58:47.572+01:00 level=DEBUG msg="Generated LaTeX sample (first 200 chars):" student_id=80 sample="\\documentclass[12pt]{article}\n\\usepackage{tikz}\n\\usepackage{subfig}\n\\usepackage{graphicx}\n\\usepackage{xcolor}\n\\usepackage[margin=1.0in]{geometry}\n\\usepackage{fancyhdr}\n\\usepackage{pgf}\n\\usepackage{qrc"
time=2026-01-17T14:58:47.572+01:00 level=INFO msg="LaTeX file created" file_path=./assets/tmp/3515735336.tex
time=2026-01-17T14:58:47.573+01:00 level=DEBUG msg="LaTeX content saved for debugging" debug_file=assets/tmp/latex_output970980437/debug_latex.tex
time=2026-01-17T14:58:47.573+01:00 level=DEBUG msg="Running pdflatex command" command="/usr/bin/pdflatex -interaction=nonstopmode -halt-on-error -output-directory ./assets/tmp/latex_output970980437 ./assets/tmp/3515735336.tex"
time=2026-01-17T14:58:47.569+01:00 level=DEBUG msg="Reading template file for student" student_id=77 template_path=/home/vbox/ScanEvalApp/assets/latex/templates/template_5.tex
time=2026-01-17T14:58:47.573+01:00 level=DEBUG msg="Successfully read template" student_id=77 template_size_bytes=3128
time=2026-01-17T14:58:47.566+01:00 level=DEBUG msg="Reading template file for student" student_id=79 template_path=/home/vbox/ScanEvalApp/assets/latex/templates/template_5.tex
time=2026-01-17T14:58:47.572+01:00 level=INFO msg="LaTeX file created" file_path=./assets/tmp/1663554282.tex
time=2026-01-17T14:58:47.573+01:00 level=DEBUG msg="Successfully read template" student_id=79 template_size_bytes=3128
time=2026-01-17T14:58:47.574+01:00 level=DEBUG msg="LaTeX content saved for debugging" debug_file=assets/tmp/latex_output705023564/debug_latex.tex
time=2026-01-17T14:58:47.574+01:00 level=DEBUG msg="Running pdflatex command" command="/usr/bin/pdflatex -interaction=nonstopmode -halt-on-error -output-directory ./assets/tmp/latex_output705023564 ./assets/tmp/1663554282.tex"
time=2026-01-17T14:58:47.574+01:00 level=DEBUG msg="Template replacement completed" student_id=79 original_template_size=3128 updated_latex_size=3101
time=2026-01-17T14:58:47.574+01:00 level=DEBUG msg="Generated LaTeX sample (first 200 chars):" student_id=79 sample="\\documentclass[12pt]{article}\n\\usepackage{tikz}\n\\usepackage{subfig}\n\\usepackage{graphicx}\n\\usepackage{xcolor}\n\\usepackage[margin=1.0in]{geometry}\n\\usepackage{fancyhdr}\n\\usepackage{pgf}\n\\usepackage{qrc"
time=2026-01-17T14:58:47.574+01:00 level=INFO msg="LaTeX file created" file_path=./assets/tmp/603928890.tex
time=2026-01-17T14:58:47.575+01:00 level=DEBUG msg="LaTeX content saved for debugging" debug_file=assets/tmp/latex_output784019314/debug_latex.tex
time=2026-01-17T14:58:47.575+01:00 level=DEBUG msg="Running pdflatex command" command="/usr/bin/pdflatex -interaction=nonstopmode -halt-on-error -output-directory ./assets/tmp/latex_output784019314 ./assets/tmp/603928890.tex"
time=2026-01-17T14:58:47.575+01:00 level=DEBUG msg="Template replacement completed" student_id=77 original_template_size=3128 updated_latex_size=3096
time=2026-01-17T14:58:47.575+01:00 level=DEBUG msg="Generated LaTeX sample (first 200 chars):" student_id=77 sample="\\documentclass[12pt]{article}\n\\usepackage{tikz}\n\\usepackage{subfig}\n\\usepackage{graphicx}\n\\usepackage{xcolor}\n\\usepackage[margin=1.0in]{geometry}\n\\usepackage{fancyhdr}\n\\usepackage{pgf}\n\\usepackage{qrc"
time=2026-01-17T14:58:47.575+01:00 level=INFO msg="LaTeX file created" file_path=./assets/tmp/177246121.tex
time=2026-01-17T14:58:47.575+01:00 level=DEBUG msg="LaTeX content saved for debugging" debug_file=assets/tmp/latex_output1974286290/debug_latex.tex
time=2026-01-17T14:58:47.575+01:00 level=DEBUG msg="Running pdflatex command" command="/usr/bin/pdflatex -interaction=nonstopmode -halt-on-error -output-directory ./assets/tmp/latex_output1974286290 ./assets/tmp/177246121.tex"
time=2026-01-17T14:58:48.417+01:00 level=INFO msg="PDF compiled successfully" pdf_size_bytes=44021
time=2026-01-17T14:58:48.422+01:00 level=INFO msg="Súbor úspešne vymazaný" file_path=./assets/tmp/1663554282.tex
time=2026-01-17T14:58:48.423+01:00 level=INFO msg="Set initial main PDF for student" student_id=78
time=2026-01-17T14:58:48.423+01:00 level=DEBUG msg="Generovanie PDF" spracovaných=1 celkovo=4 exam=novy "id študenta"=78 "dokončené za"=856.656757ms
time=2026-01-17T14:58:48.494+01:00 level=INFO msg="PDF compiled successfully" pdf_size_bytes=44139
time=2026-01-17T14:58:48.497+01:00 level=INFO msg="Súbor úspešne vymazaný" file_path=./assets/tmp/3515735336.tex
time=2026-01-17T14:58:48.497+01:00 level=DEBUG msg="Merging PDFs" pdf1=assets/tmp/student_78.pdf pdf2=assets/tmp/student_80.pdf
time=2026-01-17T14:58:48.524+01:00 level=INFO msg="PDFs merged" output_path=assets/tmp/merged.pdf
time=2026-01-17T14:58:48.524+01:00 level=DEBUG msg="Generovanie PDF" spracovaných=2 celkovo=4 exam=novy "id študenta"=80 "dokončené za"=959.12338ms
time=2026-01-17T14:58:48.525+01:00 level=INFO msg="Súbor úspešne vymazaný" file_path=assets/tmp/student_80.pdf
time=2026-01-17T14:58:48.532+01:00 level=INFO msg="PDF compiled successfully" pdf_size_bytes=43835
time=2026-01-17T14:58:48.534+01:00 level=INFO msg="Súbor úspešne vymazaný" file_path=./assets/tmp/177246121.tex
time=2026-01-17T14:58:48.534+01:00 level=DEBUG msg="Merging PDFs" pdf1=assets/tmp/student_78.pdf pdf2=assets/tmp/student_77.pdf
time=2026-01-17T14:58:48.548+01:00 level=INFO msg="PDF compiled successfully" pdf_size_bytes=44496
time=2026-01-17T14:58:48.549+01:00 level=INFO msg="Súbor úspešne vymazaný" file_path=./assets/tmp/603928890.tex
time=2026-01-17T14:58:48.560+01:00 level=INFO msg="PDFs merged" output_path=assets/tmp/merged.pdf
time=2026-01-17T14:58:48.561+01:00 level=DEBUG msg="Generovanie PDF" spracovaných=3 celkovo=4 exam=novy "id študenta"=77 "dokončené za"=991.866655ms
time=2026-01-17T14:58:48.561+01:00 level=INFO msg="Súbor úspešne vymazaný" file_path=assets/tmp/student_77.pdf
time=2026-01-17T14:58:48.561+01:00 level=DEBUG msg="Merging PDFs" pdf1=assets/tmp/student_78.pdf pdf2=assets/tmp/student_79.pdf
time=2026-01-17T14:58:48.587+01:00 level=INFO msg="PDFs merged" output_path=assets/tmp/merged.pdf
time=2026-01-17T14:58:48.588+01:00 level=DEBUG msg="Generovanie PDF" spracovaných=4 celkovo=4 exam=novy "id študenta"=79 "dokončené za"=1.02191999s
time=2026-01-17T14:58:48.588+01:00 level=INFO msg="Súbor úspešne vymazaný" file_path=assets/tmp/student_79.pdf
time=2026-01-17T14:58:48.588+01:00 level=INFO msg="Processing students in room" room=A102
time=2026-01-17T14:58:48.589+01:00 level=DEBUG msg="Found students for room" room=A102 num_students=3
time=2026-01-17T14:58:48.589+01:00 level=DEBUG msg="Reading template file for student" student_id=83 template_path=/home/vbox/ScanEvalApp/assets/latex/templates/template_5.tex
time=2026-01-17T14:58:48.589+01:00 level=DEBUG msg="Successfully read template" student_id=83 template_size_bytes=3128
time=2026-01-17T14:58:48.590+01:00 level=DEBUG msg="Reading template file for student" student_id=81 template_path=/home/vbox/ScanEvalApp/assets/latex/templates/template_5.tex
time=2026-01-17T14:58:48.590+01:00 level=DEBUG msg="Successfully read template" student_id=81 template_size_bytes=3128
time=2026-01-17T14:58:48.590+01:00 level=DEBUG msg="Template replacement completed" student_id=83 original_template_size=3128 updated_latex_size=3101
time=2026-01-17T14:58:48.590+01:00 level=DEBUG msg="Generated LaTeX sample (first 200 chars):" student_id=83 sample="\\documentclass[12pt]{article}\n\\usepackage{tikz}\n\\usepackage{subfig}\n\\usepackage{graphicx}\n\\usepackage{xcolor}\n\\usepackage[margin=1.0in]{geometry}\n\\usepackage{fancyhdr}\n\\usepackage{pgf}\n\\usepackage{qrc"
time=2026-01-17T14:58:48.589+01:00 level=DEBUG msg="Reading template file for student" student_id=82 template_path=/home/vbox/ScanEvalApp/assets/latex/templates/template_5.tex
time=2026-01-17T14:58:48.591+01:00 level=DEBUG msg="Successfully read template" student_id=82 template_size_bytes=3128
time=2026-01-17T14:58:48.591+01:00 level=INFO msg="LaTeX file created" file_path=./assets/tmp/984725611.tex
time=2026-01-17T14:58:48.591+01:00 level=DEBUG msg="Template replacement completed" student_id=81 original_template_size=3128 updated_latex_size=3100
time=2026-01-17T14:58:48.591+01:00 level=DEBUG msg="Generated LaTeX sample (first 200 chars):" student_id=81 sample="\\documentclass[12pt]{article}\n\\usepackage{tikz}\n\\usepackage{subfig}\n\\usepackage{graphicx}\n\\usepackage{xcolor}\n\\usepackage[margin=1.0in]{geometry}\n\\usepackage{fancyhdr}\n\\usepackage{pgf}\n\\usepackage{qrc"
time=2026-01-17T14:58:48.591+01:00 level=DEBUG msg="LaTeX content saved for debugging" debug_file=assets/tmp/latex_output1343229486/debug_latex.tex
time=2026-01-17T14:58:48.591+01:00 level=DEBUG msg="Running pdflatex command" command="/usr/bin/pdflatex -interaction=nonstopmode -halt-on-error -output-directory ./assets/tmp/latex_output1343229486 ./assets/tmp/984725611.tex"
time=2026-01-17T14:58:48.591+01:00 level=DEBUG msg="Template replacement completed" student_id=82 original_template_size=3128 updated_latex_size=3099
time=2026-01-17T14:58:48.592+01:00 level=DEBUG msg="Generated LaTeX sample (first 200 chars):" student_id=82 sample="\\documentclass[12pt]{article}\n\\usepackage{tikz}\n\\usepackage{subfig}\n\\usepackage{graphicx}\n\\usepackage{xcolor}\n\\usepackage[margin=1.0in]{geometry}\n\\usepackage{fancyhdr}\n\\usepackage{pgf}\n\\usepackage{qrc"
time=2026-01-17T14:58:48.592+01:00 level=INFO msg="LaTeX file created" file_path=./assets/tmp/4153217146.tex
time=2026-01-17T14:58:48.592+01:00 level=DEBUG msg="LaTeX content saved for debugging" debug_file=assets/tmp/latex_output1706917138/debug_latex.tex
time=2026-01-17T14:58:48.592+01:00 level=DEBUG msg="Running pdflatex command" command="/usr/bin/pdflatex -interaction=nonstopmode -halt-on-error -output-directory ./assets/tmp/latex_output1706917138 ./assets/tmp/4153217146.tex"
time=2026-01-17T14:58:48.594+01:00 level=INFO msg="LaTeX file created" file_path=./assets/tmp/3198991900.tex
time=2026-01-17T14:58:48.594+01:00 level=DEBUG msg="LaTeX content saved for debugging" debug_file=assets/tmp/latex_output3481832796/debug_latex.tex
time=2026-01-17T14:58:48.594+01:00 level=DEBUG msg="Running pdflatex command" command="/usr/bin/pdflatex -interaction=nonstopmode -halt-on-error -output-directory ./assets/tmp/latex_output3481832796 ./assets/tmp/3198991900.tex"
time=2026-01-17T14:58:49.339+01:00 level=INFO msg="PDF compiled successfully" pdf_size_bytes=44266
time=2026-01-17T14:58:49.343+01:00 level=INFO msg="Súbor úspešne vymazaný" file_path=./assets/tmp/4153217146.tex
time=2026-01-17T14:58:49.346+01:00 level=DEBUG msg="Merging PDFs" pdf1=assets/tmp/student_78.pdf pdf2=assets/tmp/student_81.pdf
time=2026-01-17T14:58:49.382+01:00 level=INFO msg="PDF compiled successfully" pdf_size_bytes=44017
time=2026-01-17T14:58:49.385+01:00 level=INFO msg="Súbor úspešne vymazaný" file_path=./assets/tmp/3198991900.tex
time=2026-01-17T14:58:49.389+01:00 level=INFO msg="PDFs merged" output_path=assets/tmp/merged.pdf
time=2026-01-17T14:58:49.390+01:00 level=INFO msg="PDF compiled successfully" pdf_size_bytes=44099
time=2026-01-17T14:58:49.390+01:00 level=DEBUG msg="Generovanie PDF" spracovaných=5 celkovo=3 exam=novy "id študenta"=81 "dokončené za"=800.870568ms
time=2026-01-17T14:58:49.391+01:00 level=INFO msg="Súbor úspešne vymazaný" file_path=assets/tmp/student_81.pdf
time=2026-01-17T14:58:49.391+01:00 level=DEBUG msg="Merging PDFs" pdf1=assets/tmp/student_78.pdf pdf2=assets/tmp/student_82.pdf
time=2026-01-17T14:58:49.391+01:00 level=INFO msg="Súbor úspešne vymazaný" file_path=./assets/tmp/984725611.tex
time=2026-01-17T14:58:49.418+01:00 level=INFO msg="PDFs merged" output_path=assets/tmp/merged.pdf
time=2026-01-17T14:58:49.419+01:00 level=DEBUG msg="Generovanie PDF" spracovaných=6 celkovo=3 exam=novy "id študenta"=82 "dokončené za"=829.815443ms
time=2026-01-17T14:58:49.420+01:00 level=INFO msg="Súbor úspešne vymazaný" file_path=assets/tmp/student_82.pdf
time=2026-01-17T14:58:49.420+01:00 level=DEBUG msg="Merging PDFs" pdf1=assets/tmp/student_78.pdf pdf2=assets/tmp/student_83.pdf
time=2026-01-17T14:58:49.458+01:00 level=INFO msg="PDFs merged" output_path=assets/tmp/merged.pdf
time=2026-01-17T14:58:49.458+01:00 level=DEBUG msg="Generovanie PDF" spracovaných=7 celkovo=3 exam=novy "id študenta"=83 "dokončené za"=869.088612ms
time=2026-01-17T14:58:49.459+01:00 level=INFO msg="Súbor úspešne vymazaný" file_path=assets/tmp/student_83.pdf
time=2026-01-17T14:58:49.459+01:00 level=INFO msg="Processing students in room" room=A103
time=2026-01-17T14:58:49.459+01:00 level=DEBUG msg="Found students for room" room=A103 num_students=3
time=2026-01-17T14:58:49.460+01:00 level=DEBUG msg="Reading template file for student" student_id=86 template_path=/home/vbox/ScanEvalApp/assets/latex/templates/template_5.tex
time=2026-01-17T14:58:49.460+01:00 level=DEBUG msg="Successfully read template" student_id=86 template_size_bytes=3128
time=2026-01-17T14:58:49.460+01:00 level=DEBUG msg="Reading template file for student" student_id=84 template_path=/home/vbox/ScanEvalApp/assets/latex/templates/template_5.tex
time=2026-01-17T14:58:49.460+01:00 level=DEBUG msg="Reading template file for student" student_id=85 template_path=/home/vbox/ScanEvalApp/assets/latex/templates/template_5.tex
time=2026-01-17T14:58:49.460+01:00 level=DEBUG msg="Successfully read template" student_id=84 template_size_bytes=3128
time=2026-01-17T14:58:49.460+01:00 level=DEBUG msg="Successfully read template" student_id=85 template_size_bytes=3128
time=2026-01-17T14:58:49.460+01:00 level=DEBUG msg="Template replacement completed" student_id=85 original_template_size=3128 updated_latex_size=3101
time=2026-01-17T14:58:49.461+01:00 level=DEBUG msg="Generated LaTeX sample (first 200 chars):" student_id=85 sample="\\documentclass[12pt]{article}\n\\usepackage{tikz}\n\\usepackage{subfig}\n\\usepackage{graphicx}\n\\usepackage{xcolor}\n\\usepackage[margin=1.0in]{geometry}\n\\usepackage{fancyhdr}\n\\usepackage{pgf}\n\\usepackage{qrc"
time=2026-01-17T14:58:49.461+01:00 level=INFO msg="LaTeX file created" file_path=./assets/tmp/4035583020.tex
time=2026-01-17T14:58:49.461+01:00 level=DEBUG msg="Template replacement completed" student_id=84 original_template_size=3128 updated_latex_size=3102
time=2026-01-17T14:58:49.461+01:00 level=DEBUG msg="LaTeX content saved for debugging" debug_file=assets/tmp/latex_output3663308054/debug_latex.tex
time=2026-01-17T14:58:49.461+01:00 level=DEBUG msg="Generated LaTeX sample (first 200 chars):" student_id=84 sample="\\documentclass[12pt]{article}\n\\usepackage{tikz}\n\\usepackage{subfig}\n\\usepackage{graphicx}\n\\usepackage{xcolor}\n\\usepackage[margin=1.0in]{geometry}\n\\usepackage{fancyhdr}\n\\usepackage{pgf}\n\\usepackage{qrc"
time=2026-01-17T14:58:49.461+01:00 level=DEBUG msg="Running pdflatex command" command="/usr/bin/pdflatex -interaction=nonstopmode -halt-on-error -output-directory ./assets/tmp/latex_output3663308054 ./assets/tmp/4035583020.tex"
time=2026-01-17T14:58:49.461+01:00 level=DEBUG msg="Template replacement completed" student_id=86 original_template_size=3128 updated_latex_size=3100
time=2026-01-17T14:58:49.461+01:00 level=DEBUG msg="Generated LaTeX sample (first 200 chars):" student_id=86 sample="\\documentclass[12pt]{article}\n\\usepackage{tikz}\n\\usepackage{subfig}\n\\usepackage{graphicx}\n\\usepackage{xcolor}\n\\usepackage[margin=1.0in]{geometry}\n\\usepackage{fancyhdr}\n\\usepackage{pgf}\n\\usepackage{qrc"
time=2026-01-17T14:58:49.465+01:00 level=INFO msg="LaTeX file created" file_path=./assets/tmp/30888670.tex
time=2026-01-17T14:58:49.465+01:00 level=INFO msg="LaTeX file created" file_path=./assets/tmp/4071159795.tex
time=2026-01-17T14:58:49.465+01:00 level=DEBUG msg="LaTeX content saved for debugging" debug_file=assets/tmp/latex_output644791275/debug_latex.tex
time=2026-01-17T14:58:49.465+01:00 level=DEBUG msg="LaTeX content saved for debugging" debug_file=assets/tmp/latex_output4156752188/debug_latex.tex
time=2026-01-17T14:58:49.465+01:00 level=DEBUG msg="Running pdflatex command" command="/usr/bin/pdflatex -interaction=nonstopmode -halt-on-error -output-directory ./assets/tmp/latex_output644791275 ./assets/tmp/30888670.tex"
time=2026-01-17T14:58:49.465+01:00 level=DEBUG msg="Running pdflatex command" command="/usr/bin/pdflatex -interaction=nonstopmode -halt-on-error -output-directory ./assets/tmp/latex_output4156752188 ./assets/tmp/4071159795.tex"
time=2026-01-17T14:58:50.221+01:00 level=INFO msg="PDF compiled successfully" pdf_size_bytes=44330
time=2026-01-17T14:58:50.225+01:00 level=INFO msg="PDF compiled successfully" pdf_size_bytes=43905
time=2026-01-17T14:58:50.226+01:00 level=INFO msg="PDF compiled successfully" pdf_size_bytes=44160
time=2026-01-17T14:58:50.227+01:00 level=INFO msg="Súbor úspešne vymazaný" file_path=./assets/tmp/4035583020.tex
time=2026-01-17T14:58:50.227+01:00 level=INFO msg="Súbor úspešne vymazaný" file_path=./assets/tmp/30888670.tex
time=2026-01-17T14:58:50.228+01:00 level=DEBUG msg="Merging PDFs" pdf1=assets/tmp/student_78.pdf pdf2=assets/tmp/student_85.pdf
time=2026-01-17T14:58:50.228+01:00 level=INFO msg="Súbor úspešne vymazaný" file_path=./assets/tmp/4071159795.tex
time=2026-01-17T14:58:50.261+01:00 level=INFO msg="PDFs merged" output_path=assets/tmp/merged.pdf
time=2026-01-17T14:58:50.262+01:00 level=DEBUG msg="Generovanie PDF" spracovaných=8 celkovo=3 exam=novy "id študenta"=85 "dokončené za"=802.250858ms
time=2026-01-17T14:58:50.264+01:00 level=INFO msg="Súbor úspešne vymazaný" file_path=assets/tmp/student_85.pdf
time=2026-01-17T14:58:50.264+01:00 level=DEBUG msg="Merging PDFs" pdf1=assets/tmp/student_78.pdf pdf2=assets/tmp/student_84.pdf
time=2026-01-17T14:58:50.302+01:00 level=INFO msg="PDFs merged" output_path=assets/tmp/merged.pdf
time=2026-01-17T14:58:50.305+01:00 level=DEBUG msg="Generovanie PDF" spracovaných=9 celkovo=3 exam=novy "id študenta"=84 "dokončené za"=844.803606ms
time=2026-01-17T14:58:50.305+01:00 level=INFO msg="Súbor úspešne vymazaný" file_path=assets/tmp/student_84.pdf
time=2026-01-17T14:58:50.305+01:00 level=DEBUG msg="Merging PDFs" pdf1=assets/tmp/student_78.pdf pdf2=assets/tmp/student_86.pdf
time=2026-01-17T14:58:50.349+01:00 level=INFO msg="PDFs merged" output_path=assets/tmp/merged.pdf
time=2026-01-17T14:58:50.349+01:00 level=DEBUG msg="Generovanie PDF" spracovaných=10 celkovo=3 exam=novy "id študenta"=86 "dokončené za"=889.777895ms
time=2026-01-17T14:58:50.350+01:00 level=INFO msg="Súbor úspešne vymazaný" file_path=assets/tmp/student_86.pdf
time=2026-01-17T14:58:50.351+01:00 level=DEBUG msg="Celkový čas generovania PDF" duration=2.78728416s
time=2026-01-17T14:58:50.351+01:00 level=INFO msg="Výsledné PDF úspešne uložené do" output_PDF_path=/home/vbox/Documents/novy17.pdf
time=2026-01-17T15:17:15.787+01:00 level=DEBUG msg="Pripájam sa k databáze..."
time=2026-01-17T15:17:15.791+01:00 level=DEBUG msg="Spúšťam migrácie..."
time=2026-01-17T15:17:15.796+01:00 level=INFO msg="Migrácia databázy úspešne dokončená"
time=2026-01-17T15:23:03.540+01:00 level=DEBUG msg="Pripájam sa k databáze..."
time=2026-01-17T15:23:03.541+01:00 level=DEBUG msg="Spúšťam migrácie..."
time=2026-01-17T15:23:03.546+01:00 level=INFO msg="Migrácia databázy úspešne dokončená"
time=2026-01-17T15:25:50.302+01:00 level=DEBUG msg="Pripájam sa k databáze..."
time=2026-01-17T15:25:50.303+01:00 level=DEBUG msg="Spúšťam migrácie..."
time=2026-01-17T15:25:50.308+01:00 level=INFO msg="Migrácia databázy úspešne dokončená"
time=2026-01-17T15:26:05.263+01:00 level=DEBUG msg="Hľadanie testu" "ID testu"=17
time=2026-01-17T15:26:05.266+01:00 level=DEBUG msg="Test bol nájdený" test=novy year=2024/25
time=2026-01-17T15:26:10.802+01:00 level=INFO msg="Id studenta bolo najdene z qr kodu" id=151
time=2026-01-17T15:26:10.802+01:00 level=DEBUG msg="Hľadanie študenta" id=151 "exam ID"=17
time=2026-01-17T15:26:14.456+01:00 level=INFO msg="Id studenta bolo najdene z qr kodu" id=127
time=2026-01-17T15:26:14.456+01:00 level=DEBUG msg="Hľadanie študenta" id=127 "exam ID"=17
time=2026-01-17T15:26:17.964+01:00 level=INFO msg="Id studenta bolo najdene z qr kodu" id=136
time=2026-01-17T15:26:17.983+01:00 level=DEBUG msg="Hľadanie študenta" id=136 "exam ID"=17
time=2026-01-17T15:26:19.121+01:00 level=INFO msg="Id studenta bolo najdene z qr kodu" id=137
time=2026-01-17T15:26:19.122+01:00 level=DEBUG msg="Hľadanie študenta" id=137 "exam ID"=17
time=2026-01-17T15:26:19.602+01:00 level=INFO msg="Id studenta bolo najdene z qr kodu" id=116
time=2026-01-17T15:26:19.602+01:00 level=DEBUG msg="Hľadanie študenta" id=116 "exam ID"=17
time=2026-01-17T15:26:20.515+01:00 level=INFO msg="Id studenta bolo najdene z qr kodu" id=119
time=2026-01-17T15:26:20.516+01:00 level=DEBUG msg="Hľadanie študenta" id=119 "exam ID"=17
time=2026-01-17T15:26:21.942+01:00 level=INFO msg="Id studenta bolo najdene z qr kodu" id=138
time=2026-01-17T15:26:21.942+01:00 level=DEBUG msg="Hľadanie študenta" id=138 "exam ID"=17
time=2026-01-17T15:26:26.382+01:00 level=INFO msg="Id studenta bolo najdene z qr kodu" id=140
time=2026-01-17T15:26:26.382+01:00 level=DEBUG msg="Hľadanie študenta" id=140 "exam ID"=17
time=2026-01-17T15:26:27.608+01:00 level=INFO msg="Id studenta bolo najdene z qr kodu" id=118
time=2026-01-17T15:26:27.612+01:00 level=DEBUG msg="Hľadanie študenta" id=118 "exam ID"=17
time=2026-01-17T15:26:28.961+01:00 level=INFO msg="Id studenta bolo najdene z qr kodu" id=129
time=2026-01-17T15:26:28.961+01:00 level=DEBUG msg="Hľadanie študenta" id=129 "exam ID"=17
time=2026-01-17T15:26:30.411+01:00 level=INFO msg="Id studenta bolo najdene z qr kodu" id=122
time=2026-01-17T15:26:30.433+01:00 level=DEBUG msg="Hľadanie študenta" id=122 "exam ID"=17
time=2026-01-17T15:26:37.660+01:00 level=INFO msg="Id studenta bolo najdene z qr kodu" id=123
time=2026-01-17T15:26:37.663+01:00 level=DEBUG msg="Hľadanie študenta" id=123 "exam ID"=17
time=2026-01-17T15:26:41.238+01:00 level=INFO msg="Id studenta bolo najdene z qr kodu" id=163
time=2026-01-17T15:26:41.240+01:00 level=DEBUG msg="Hľadanie študenta" id=163 "exam ID"=17
time=2026-01-17T15:26:41.880+01:00 level=INFO msg="Id studenta bolo najdene z qr kodu" id=154
time=2026-01-17T15:26:41.881+01:00 level=DEBUG msg="Hľadanie študenta" id=154 "exam ID"=17
time=2026-01-17T15:26:42.547+01:00 level=INFO msg="Id studenta bolo najdene z qr kodu" id=141
time=2026-01-17T15:26:42.553+01:00 level=DEBUG msg="Hľadanie študenta" id=141 "exam ID"=17
time=2026-01-17T15:26:43.020+01:00 level=INFO msg="Id studenta bolo najdene z qr kodu" id=156
time=2026-01-17T15:26:43.020+01:00 level=DEBUG msg="Hľadanie študenta" id=156 "exam ID"=17
time=2026-01-17T15:26:43.369+01:00 level=INFO msg="Id studenta bolo najdene z qr kodu" id=142
time=2026-01-17T15:26:43.369+01:00 level=DEBUG msg="Hľadanie študenta" id=142 "exam ID"=17
time=2026-01-17T15:26:43.719+01:00 level=INFO msg="Id studenta bolo najdene z qr kodu" id=158
time=2026-01-17T15:26:43.719+01:00 level=DEBUG msg="Hľadanie študenta" id=158 "exam ID"=17
time=2026-01-17T15:26:44.062+01:00 level=INFO msg="Id studenta bolo najdene z qr kodu" id=162
time=2026-01-17T15:26:44.062+01:00 level=DEBUG msg="Hľadanie študenta" id=162 "exam ID"=17
time=2026-01-17T15:26:44.408+01:00 level=INFO msg="Id studenta bolo najdene z qr kodu" id=148
time=2026-01-17T15:26:44.409+01:00 level=DEBUG msg="Hľadanie študenta" id=148 "exam ID"=17
time=2026-01-17T15:26:44.817+01:00 level=INFO msg="Id studenta bolo najdene z qr kodu" id=143
time=2026-01-17T15:26:44.818+01:00 level=DEBUG msg="Hľadanie študenta" id=143 "exam ID"=17
time=2026-01-17T15:26:45.192+01:00 level=INFO msg="Id studenta bolo najdene z qr kodu" id=149
time=2026-01-17T15:26:45.192+01:00 level=DEBUG msg="Hľadanie študenta" id=149 "exam ID"=17
time=2026-01-17T15:26:46.366+01:00 level=INFO msg="Id studenta bolo najdene z qr kodu" id=160
time=2026-01-17T15:26:46.367+01:00 level=DEBUG msg="Hľadanie študenta" id=160 "exam ID"=17
time=2026-01-17T15:26:47.358+01:00 level=INFO msg="Id studenta bolo najdene z qr kodu" id=164
time=2026-01-17T15:26:47.358+01:00 level=DEBUG msg="Hľadanie študenta" id=164 "exam ID"=17
time=2026-01-17T15:26:47.876+01:00 level=INFO msg="Id studenta bolo najdene z qr kodu" id=159
time=2026-01-17T15:26:47.876+01:00 level=DEBUG msg="Hľadanie študenta" id=159 "exam ID"=17
time=2026-01-17T15:26:48.318+01:00 level=INFO msg="Id studenta bolo najdene z qr kodu" id=146
time=2026-01-17T15:26:48.318+01:00 level=DEBUG msg="Hľadanie študenta" id=146 "exam ID"=17
time=2026-01-17T15:26:48.765+01:00 level=INFO msg="Id studenta bolo najdene z qr kodu" id=153
time=2026-01-17T15:26:48.766+01:00 level=DEBUG msg="Hľadanie študenta" id=153 "exam ID"=17
time=2026-01-17T15:26:49.184+01:00 level=INFO msg="Id studenta bolo najdene z qr kodu" id=117
time=2026-01-17T15:26:49.185+01:00 level=DEBUG msg="Hľadanie študenta" id=117 "exam ID"=17
time=2026-01-17T15:26:49.556+01:00 level=INFO msg="Id studenta bolo najdene z qr kodu" id=139
time=2026-01-17T15:26:49.556+01:00 level=DEBUG msg="Hľadanie študenta" id=139 "exam ID"=17
time=2026-01-17T15:26:49.990+01:00 level=INFO msg="Id studenta bolo najdene z qr kodu" id=121
time=2026-01-17T15:26:49.990+01:00 level=DEBUG msg="Hľadanie študenta" id=121 "exam ID"=17
time=2026-01-17T15:26:50.332+01:00 level=INFO msg="Id studenta bolo najdene z qr kodu" id=144
time=2026-01-17T15:26:50.332+01:00 level=DEBUG msg="Hľadanie študenta" id=144 "exam ID"=17
time=2026-01-17T15:26:50.678+01:00 level=INFO msg="Id studenta bolo najdene z qr kodu" id=128
time=2026-01-17T15:26:50.679+01:00 level=DEBUG msg="Hľadanie študenta" id=128 "exam ID"=17
time=2026-01-17T15:26:51.140+01:00 level=WARN msg="QR kód nebol nájdený, pokúšame sa získať registrationNumber zo záhlavia"
time=2026-01-17T15:26:51.204+01:00 level=INFO msg="Úspešne uložený obrázok" path=./assets/tmp/temp-header-image.png
time=2026-01-17T15:26:51.618+01:00 level=INFO msg="Súbor úspešne vymazaný" file_path=./assets/tmp/temp-header-image.png
time=2026-01-17T15:26:51.618+01:00 level=INFO msg="Registracne cislo bolo najdene z hlavicky" registrationNumber=1000054
time=2026-01-17T15:26:51.618+01:00 level=DEBUG msg="Hľadanie študenta" "registration number"=1000054 "exam ID"=17
time=2026-01-17T15:26:52.094+01:00 level=INFO msg="Id studenta bolo najdene z qr kodu" id=134
time=2026-01-17T15:26:52.095+01:00 level=DEBUG msg="Hľadanie študenta" id=134 "exam ID"=17
time=2026-01-17T15:26:52.473+01:00 level=INFO msg="Id studenta bolo najdene z qr kodu" id=130
time=2026-01-17T15:26:52.473+01:00 level=DEBUG msg="Hľadanie študenta" id=130 "exam ID"=17
time=2026-01-17T15:26:52.844+01:00 level=INFO msg="Id studenta bolo najdene z qr kodu" id=126
time=2026-01-17T15:26:52.844+01:00 level=DEBUG msg="Hľadanie študenta" id=126 "exam ID"=17
time=2026-01-17T15:26:53.202+01:00 level=INFO msg="Id studenta bolo najdene z qr kodu" id=132
time=2026-01-17T15:26:53.202+01:00 level=DEBUG msg="Hľadanie študenta" id=132 "exam ID"=17
time=2026-01-17T15:26:53.546+01:00 level=INFO msg="Id studenta bolo najdene z qr kodu" id=157
time=2026-01-17T15:26:53.547+01:00 level=DEBUG msg="Hľadanie študenta" id=157 "exam ID"=17
time=2026-01-17T15:26:53.915+01:00 level=INFO msg="Id studenta bolo najdene z qr kodu" id=135
time=2026-01-17T15:26:53.915+01:00 level=DEBUG msg="Hľadanie študenta" id=135 "exam ID"=17
time=2026-01-17T15:26:54.286+01:00 level=INFO msg="Id studenta bolo najdene z qr kodu" id=155
time=2026-01-17T15:26:54.286+01:00 level=DEBUG msg="Hľadanie študenta" id=155 "exam ID"=17
time=2026-01-17T15:26:54.807+01:00 level=INFO msg="Id studenta bolo najdene z qr kodu" id=133
time=2026-01-17T15:26:54.808+01:00 level=DEBUG msg="Hľadanie študenta" id=133 "exam ID"=17
time=2026-01-17T15:26:55.140+01:00 level=INFO msg="Id studenta bolo najdene z qr kodu" id=131
time=2026-01-17T15:26:55.140+01:00 level=DEBUG msg="Hľadanie študenta" id=131 "exam ID"=17
time=2026-01-17T15:26:55.481+01:00 level=INFO msg="Id studenta bolo najdene z qr kodu" id=150
time=2026-01-17T15:26:55.482+01:00 level=DEBUG msg="Hľadanie študenta" id=150 "exam ID"=17
time=2026-01-17T15:26:55.831+01:00 level=INFO msg="Id studenta bolo najdene z qr kodu" id=161
time=2026-01-17T15:26:55.831+01:00 level=DEBUG msg="Hľadanie študenta" id=161 "exam ID"=17
time=2026-01-17T15:26:56.153+01:00 level=INFO msg="Id studenta bolo najdene z qr kodu" id=145
time=2026-01-17T15:26:56.154+01:00 level=DEBUG msg="Hľadanie študenta" id=145 "exam ID"=17
time=2026-01-17T15:26:56.481+01:00 level=INFO msg="Id studenta bolo najdene z qr kodu" id=125
time=2026-01-17T15:26:56.481+01:00 level=DEBUG msg="Hľadanie študenta" id=125 "exam ID"=17
time=2026-01-17T15:26:56.805+01:00 level=INFO msg="Id studenta bolo najdene z qr kodu" id=147
time=2026-01-17T15:26:56.805+01:00 level=DEBUG msg="Hľadanie študenta" id=147 "exam ID"=17
time=2026-01-17T15:26:57.117+01:00 level=INFO msg="Id studenta bolo najdene z qr kodu" id=152
time=2026-01-17T15:26:57.117+01:00 level=DEBUG msg="Hľadanie študenta" id=152 "exam ID"=17
time=2026-01-17T15:26:57.420+01:00 level=INFO msg="Id studenta bolo najdene z qr kodu" id=124
time=2026-01-17T15:26:57.421+01:00 level=DEBUG msg="Hľadanie študenta" id=124 "exam ID"=17
time=2026-01-17T15:26:58.385+01:00 level=INFO msg="Chybné strany uložené do PDF" output=/home/vbox/Documents/novy17_failed_pages.pdf
time=2026-01-17T15:30:30.439+01:00 level=DEBUG msg="Pripájam sa k databáze..."
time=2026-01-17T15:30:30.443+01:00 level=DEBUG msg="Spúšťam migrácie..."
time=2026-01-17T15:30:30.446+01:00 level=INFO msg="Migrácia databázy úspešne dokončená"
time=2026-01-17T15:33:46.241+01:00 level=DEBUG msg="Pripájam sa k databáze..."
time=2026-01-17T15:33:46.243+01:00 level=DEBUG msg="Spúšťam migrácie..."
time=2026-01-17T15:33:46.249+01:00 level=INFO msg="Migrácia databázy úspešne dokončená"
time=2026-01-17T15:36:11.555+01:00 level=DEBUG msg="Pripájam sa k databáze..."
time=2026-01-17T15:36:11.557+01:00 level=DEBUG msg="Spúšťam migrácie..."
time=2026-01-17T15:36:11.563+01:00 level=INFO msg="Migrácia databázy úspešne dokončená"
time=2026-01-17T15:38:39.942+01:00 level=DEBUG msg="Pripájam sa k databáze..."
time=2026-01-17T15:38:39.943+01:00 level=DEBUG msg="Spúšťam migrácie..."
time=2026-01-17T15:38:39.950+01:00 level=INFO msg="Migrácia databázy úspešne dokončená"
time=2026-01-17T15:41:51.154+01:00 level=DEBUG msg="Pripájam sa k databáze..."
time=2026-01-17T15:41:51.156+01:00 level=DEBUG msg="Spúšťam migrácie..."
time=2026-01-17T15:41:51.161+01:00 level=INFO msg="Migrácia databázy úspešne dokončená"
time=2026-01-17T15:47:03.873+01:00 level=DEBUG msg="Pripájam sa k databáze..."
time=2026-01-17T15:47:03.876+01:00 level=DEBUG msg="Spúšťam migrácie..."
time=2026-01-17T15:47:03.879+01:00 level=INFO msg="Migrácia databázy úspešne dokončená"
time=2026-01-17T15:48:21.037+01:00 level=DEBUG msg="Pripájam sa k databáze..."
time=2026-01-17T15:48:21.038+01:00 level=DEBUG msg="Spúšťam migrácie..."
time=2026-01-17T15:48:21.045+01:00 level=INFO msg="Migrácia databázy úspešne dokončená"
time=2026-01-17T15:48:33.213+01:00 level=INFO msg="Student found" student_id=77 registration_number=1001
time=2026-01-17T15:48:33.213+01:00 level=INFO msg="Exam fetched for student" exam_id=17 exam_title=novy
time=2026-01-17T15:48:33.213+01:00 level=DEBUG msg="GetTemplatePath called" input_option_count=5
time=2026-01-17T15:48:33.213+01:00 level=DEBUG msg="Template path construction" template_file=template_5.tex base_path=./assets/latex/templates/ full_path=assets/latex/templates/template_5.tex
time=2026-01-17T15:48:33.213+01:00 level=DEBUG msg="GetTemplatePath result" absolute_path=/home/vbox/ScanEvalApp/assets/latex/templates/template_5.tex
time=2026-01-17T15:48:33.220+01:00 level=INFO msg="LaTeX template loaded" template_path=/home/vbox/ScanEvalApp/assets/latex/templates/template_5.tex option_count=5
time=2026-01-17T15:48:33.220+01:00 level=INFO msg="Template data prepared" student_id=77 registration_number=1001
time=2026-01-17T15:48:33.221+01:00 level=INFO msg="Placeholders replaced successfully for student" student_id=77
time=2026-01-17T15:48:33.221+01:00 level=INFO msg="LaTeX file created" file_path=./assets/tmp/2351993314.tex
time=2026-01-17T15:48:33.221+01:00 level=DEBUG msg="LaTeX content saved for debugging" debug_file=assets/tmp/latex_output4260262451/debug_latex.tex
time=2026-01-17T15:48:33.223+01:00 level=DEBUG msg="Running pdflatex command" command="/usr/bin/pdflatex -interaction=nonstopmode -halt-on-error -output-directory ./assets/tmp/latex_output4260262451 ./assets/tmp/2351993314.tex"
time=2026-01-17T15:48:34.114+01:00 level=INFO msg="PDF compiled successfully" pdf_size_bytes=43835
time=2026-01-17T15:48:34.115+01:00 level=INFO msg="Súbor úspešne vymazaný" file_path=./assets/tmp/2351993314.tex
time=2026-01-17T15:48:34.115+01:00 level=INFO msg="PDF generated for student" student_id=77
time=2026-01-17T15:48:34.119+01:00 level=INFO msg="PDF úspešne uložené pre študenta" student_id=77 pdf_path=/home/vbox/Documents/student_1001.pdf
time=2026-01-17T15:50:07.174+01:00 level=DEBUG msg="Pripájam sa k databáze..."
time=2026-01-17T15:50:07.176+01:00 level=DEBUG msg="Spúšťam migrácie..."
time=2026-01-17T15:50:07.179+01:00 level=INFO msg="Migrácia databázy úspešne dokončená"
time=2026-01-17T15:50:42.192+01:00 level=INFO msg="Študent nemá žiadne stránky v DB" registration_number=1001
time=2026-01-17T15:50:44.764+01:00 level=INFO msg="Student found" student_id=77 registration_number=1001
time=2026-01-17T15:50:44.765+01:00 level=INFO msg="Exam fetched for student" exam_id=17 exam_title=novy
time=2026-01-17T15:50:44.766+01:00 level=DEBUG msg="GetTemplatePath called" input_option_count=5
time=2026-01-17T15:50:44.766+01:00 level=DEBUG msg="Template path construction" template_file=template_5.tex base_path=./assets/latex/templates/ full_path=assets/latex/templates/template_5.tex
time=2026-01-17T15:50:44.766+01:00 level=DEBUG msg="GetTemplatePath result" absolute_path=/home/vbox/ScanEvalApp/assets/latex/templates/template_5.tex
time=2026-01-17T15:50:44.766+01:00 level=INFO msg="LaTeX template loaded" template_path=/home/vbox/ScanEvalApp/assets/latex/templates/template_5.tex option_count=5
time=2026-01-17T15:50:44.766+01:00 level=INFO msg="Template data prepared" student_id=77 registration_number=1001
time=2026-01-17T15:50:44.766+01:00 level=INFO msg="Placeholders replaced successfully for student" student_id=77
time=2026-01-17T15:50:44.767+01:00 level=INFO msg="LaTeX file created" file_path=./assets/tmp/1047480735.tex
time=2026-01-17T15:50:44.767+01:00 level=DEBUG msg="LaTeX content saved for debugging" debug_file=assets/tmp/latex_output3399084005/debug_latex.tex
time=2026-01-17T15:50:44.767+01:00 level=DEBUG msg="Running pdflatex command" command="/usr/bin/pdflatex -interaction=nonstopmode -halt-on-error -output-directory ./assets/tmp/latex_output3399084005 ./assets/tmp/1047480735.tex"
time=2026-01-17T15:50:45.476+01:00 level=INFO msg="PDF compiled successfully" pdf_size_bytes=43835
time=2026-01-17T15:50:45.476+01:00 level=INFO msg="Súbor úspešne vymazaný" file_path=./assets/tmp/1047480735.tex
time=2026-01-17T15:50:45.476+01:00 level=INFO msg="PDF generated for student" student_id=77
time=2026-01-17T15:50:45.477+01:00 level=INFO msg="PDF úspešne uložené pre študenta" student_id=77 pdf_path=/home/vbox/Documents/student_1001.pdf
time=2026-01-17T15:56:02.900+01:00 level=INFO msg="Študent nemá žiadne stránky v DB" registration_number=1001
time=2026-01-17T16:01:39.414+01:00 level=DEBUG msg="Pripájam sa k databáze..."
time=2026-01-17T16:01:39.416+01:00 level=DEBUG msg="Spúšťam migrácie..."
time=2026-01-17T16:01:39.420+01:00 level=INFO msg="Migrácia databázy úspešne dokončená"
time=2026-01-17T16:01:45.452+01:00 level=INFO msg="Študent nemá žiadne stránky v DB" registration_number=1001
time=2026-01-17T16:03:00.528+01:00 level=DEBUG msg="Pripájam sa k databáze..."
time=2026-01-17T16:03:00.530+01:00 level=DEBUG msg="Spúšťam migrácie..."
time=2026-01-17T16:03:00.532+01:00 level=INFO msg="Migrácia databázy úspešne dokončená"
time=2026-01-17T16:04:17.836+01:00 level=DEBUG msg="Pripájam sa k databáze..."
time=2026-01-17T16:04:17.839+01:00 level=DEBUG msg="Spúšťam migrácie..."
time=2026-01-17T16:04:17.845+01:00 level=INFO msg="Migrácia databázy úspešne dokončená"
time=2026-01-17T16:06:39.507+01:00 level=DEBUG msg="Pripájam sa k databáze..."
time=2026-01-17T16:06:39.510+01:00 level=DEBUG msg="Spúšťam migrácie..."
time=2026-01-17T16:06:39.520+01:00 level=INFO msg="Migrácia databázy úspešne dokončená"
time=2026-01-17T16:51:19.723+01:00 level=DEBUG msg="Pripájam sa k databáze..."
time=2026-01-17T16:51:19.726+01:00 level=DEBUG msg="Spúšťam migrácie..."
time=2026-01-17T16:51:19.728+01:00 level=INFO msg="Migrácia databázy úspešne dokončená"
time=2026-01-17T16:54:18.779+01:00 level=DEBUG msg="Pripájam sa k databáze..."
time=2026-01-17T16:54:18.783+01:00 level=DEBUG msg="Spúšťam migrácie..."
time=2026-01-17T16:54:18.788+01:00 level=INFO msg="Migrácia databázy úspešne dokončená"
time=2026-01-17T16:57:17.116+01:00 level=DEBUG msg="Pripájam sa k databáze..."
time=2026-01-17T16:57:17.117+01:00 level=DEBUG msg="Spúšťam migrácie..."
time=2026-01-17T16:57:17.122+01:00 level=INFO msg="Migrácia databázy úspešne dokončená"
time=2026-01-17T16:57:21.157+01:00 level=DEBUG msg="Hľadanie testu" "ID testu"=17
time=2026-01-17T16:57:21.158+01:00 level=DEBUG msg="Test bol nájdený" test=novy year=2024/25
time=2026-01-17T17:03:53.832+01:00 level=DEBUG msg="Pripájam sa k databáze..."
time=2026-01-17T17:03:53.837+01:00 level=DEBUG msg="Spúšťam migrácie..."
time=2026-01-17T17:03:53.841+01:00 level=INFO msg="Migrácia databázy úspešne dokončená"
time=2026-01-17T17:05:27.342+01:00 level=DEBUG msg="Pripájam sa k databáze..."
time=2026-01-17T17:05:27.346+01:00 level=DEBUG msg="Spúšťam migrácie..."
time=2026-01-17T17:05:27.352+01:00 level=INFO msg="Migrácia databázy úspešne dokončená"
time=2026-01-17T17:06:08.769+01:00 level=DEBUG msg="Pripájam sa k databáze..."
time=2026-01-17T17:06:08.772+01:00 level=DEBUG msg="Spúšťam migrácie..."
time=2026-01-17T17:06:08.778+01:00 level=INFO msg="Migrácia databázy úspešne dokončená"
time=2026-01-17T17:06:21.276+01:00 level=INFO msg="LaTeX file created" file_path=./assets/tmp/1195183207.tex
time=2026-01-17T17:06:21.277+01:00 level=DEBUG msg="LaTeX content saved for debugging" debug_file=assets/tmp/latex_output2359589324/debug_latex.tex
time=2026-01-17T17:06:21.280+01:00 level=DEBUG msg="Running pdflatex command" command="/usr/bin/pdflatex -interaction=nonstopmode -halt-on-error -output-directory ./assets/tmp/latex_output2359589324 ./assets/tmp/1195183207.tex"
time=2026-01-17T17:06:22.129+01:00 level=INFO msg="PDF compiled successfully" pdf_size_bytes=71149
time=2026-01-17T17:06:22.130+01:00 level=INFO msg="Súbor úspešne vymazaný" file_path=./assets/tmp/1195183207.tex
time=2026-01-17T19:32:37.297+01:00 level=DEBUG msg="Pripájam sa k databáze..."
time=2026-01-17T19:32:37.300+01:00 level=DEBUG msg="Spúšťam migrácie..."
time=2026-01-17T19:32:37.306+01:00 level=INFO msg="Migrácia databázy úspešne dokončená"
time=2026-01-17T19:46:25.909+01:00 level=DEBUG msg="Pripájam sa k databáze..."
time=2026-01-17T19:46:25.913+01:00 level=DEBUG msg="Spúšťam migrácie..."
time=2026-01-17T19:46:25.915+01:00 level=INFO msg="Migrácia databázy úspešne dokončená"
time=2026-01-17T19:52:39.883+01:00 level=DEBUG msg="Pripájam sa k databáze..."
time=2026-01-17T19:52:39.899+01:00 level=DEBUG msg="Spúšťam migrácie..."
time=2026-01-17T19:52:39.916+01:00 level=INFO msg="Migrácia databázy úspešne dokončená"
time=2026-01-17T19:53:11.350+01:00 level=DEBUG msg="Hľadanie testu" "ID testu"=17
time=2026-01-17T19:53:11.350+01:00 level=DEBUG msg="Test bol nájdený" test=novy year=2024/25
time=2026-01-17T19:53:11.353+01:00 level=INFO msg="Export študentov do CSV úspešný" fileName=/home/vbox/Documents/novy_ID17.csv studentCount=10
time=2026-01-17T19:53:12.632+01:00 level=DEBUG msg="Hľadanie testu" "ID testu"=17
time=2026-01-17T19:53:12.633+01:00 level=DEBUG msg="Test bol nájdený" test=novy year=2024/25
time=2026-01-17T19:53:12.635+01:00 level=INFO msg="Export študentov do CSV úspešný" fileName=/home/vbox/Documents/novy_ID17.csv studentCount=10
time=2026-01-17T19:53:19.433+01:00 level=DEBUG msg="Hľadanie testu" "ID testu"=17
time=2026-01-17T19:53:19.433+01:00 level=DEBUG msg="Test bol nájdený" test=novy year=2024/25
time=2026-01-17T19:53:19.435+01:00 level=INFO msg="Export študentov do CSV úspešný" fileName=/home/vbox/Documents/novy_ID17.csv studentCount=10
time=2026-01-17T20:01:02.830+01:00 level=DEBUG msg="Pripájam sa k databáze..."
time=2026-01-17T20:01:02.834+01:00 level=DEBUG msg="Spúšťam migrácie..."
time=2026-01-17T20:01:02.843+01:00 level=INFO msg="Migrácia databázy úspešne dokončená"
time=2026-01-17T20:01:21.258+01:00 level=INFO msg="Študent nemá žiadne stránky v DB" registration_number=1001
time=2026-01-17T20:01:49.651+01:00 level=DEBUG msg="Mazanie študenta" "registration number"=1001 name=John surname=Doe
time=2026-01-17T20:01:49.673+01:00 level=DEBUG msg="Mazanie študenta" "registration number"=1002 name=Jane surname=Smith
time=2026-01-17T20:01:49.682+01:00 level=DEBUG msg="Mazanie študenta" "registration number"=1003 name=Michael surname=Brown
time=2026-01-17T20:01:49.690+01:00 level=DEBUG msg="Mazanie študenta" "registration number"=1004 name=Emily surname=Davis
time=2026-01-17T20:01:49.698+01:00 level=DEBUG msg="Mazanie študenta" "registration number"=1005 name=Chris surname=Wilson
time=2026-01-17T20:01:49.706+01:00 level=DEBUG msg="Mazanie študenta" "registration number"=1006 name=Sarah surname=Moore
time=2026-01-17T20:01:49.712+01:00 level=DEBUG msg="Mazanie študenta" "registration number"=1007 name=Daniel surname=Taylor
time=2026-01-17T20:01:49.719+01:00 level=DEBUG msg="Mazanie študenta" "registration number"=1008 name=Laura surname=Anderson
time=2026-01-17T20:01:49.726+01:00 level=DEBUG msg="Mazanie študenta" "registration number"=1009 name=Robert surname=Thomas
time=2026-01-17T20:01:49.733+01:00 level=DEBUG msg="Mazanie študenta" "registration number"=1010 name=Emma surname=Jackson
time=2026-01-17T20:01:49.746+01:00 level=DEBUG msg="Test vymazaný" "test ID"=17
time=2026-01-17T20:08:27.575+01:00 level=DEBUG msg="Vytváranie testu" test=ww cas=2024/25
time=2026-01-17T20:08:27.587+01:00 level=DEBUG msg="Vytváranie študenta" name=John surname=Doe "registration number"=1001
time=2026-01-17T20:08:27.595+01:00 level=DEBUG msg="Vytváranie študenta" name=Jane surname=Smith "registration number"=1002
time=2026-01-17T20:08:27.604+01:00 level=DEBUG msg="Vytváranie študenta" name=Michael surname=Brown "registration number"=1003
time=2026-01-17T20:08:27.615+01:00 level=DEBUG msg="Vytváranie študenta" name=Emily surname=Davis "registration number"=1004
time=2026-01-17T20:08:27.633+01:00 level=DEBUG msg="Vytváranie študenta" name=Chris surname=Wilson "registration number"=1005
time=2026-01-17T20:08:27.643+01:00 level=DEBUG msg="Vytváranie študenta" name=Sarah surname=Moore "registration number"=1006
time=2026-01-17T20:08:27.650+01:00 level=DEBUG msg="Vytváranie študenta" name=Daniel surname=Taylor "registration number"=1007
time=2026-01-17T20:08:27.658+01:00 level=DEBUG msg="Vytváranie študenta" name=Laura surname=Anderson "registration number"=1008
time=2026-01-17T20:08:27.667+01:00 level=DEBUG msg="Vytváranie študenta" name=Robert surname=Thomas "registration number"=1009
time=2026-01-17T20:08:27.676+01:00 level=DEBUG msg="Vytváranie študenta" name=Emma surname=Jackson "registration number"=1010
time=2026-01-17T20:08:27.684+01:00 level=INFO msg="Import študentov z CSV dokončený" studentCount=10
time=2026-01-17T20:10:41.977+01:00 level=DEBUG msg="Vytváranie testu" test=sssss cas=2024/25
time=2026-01-17T20:10:41.996+01:00 level=DEBUG msg="Vytváranie študenta" name=John surname=Doe "registration number"=1001
time=2026-01-17T20:12:59.969+01:00 level=DEBUG msg="Test vymazaný" "test ID"=19
time=2026-01-17T20:15:33.213+01:00 level=DEBUG msg="Mazanie študenta" "registration number"=1001 name=John surname=Doe
time=2026-01-17T20:15:33.231+01:00 level=DEBUG msg="Mazanie študenta" "registration number"=1002 name=Jane surname=Smith
time=2026-01-17T20:15:33.238+01:00 level=DEBUG msg="Mazanie študenta" "registration number"=1003 name=Michael surname=Brown
time=2026-01-17T20:15:33.244+01:00 level=DEBUG msg="Mazanie študenta" "registration number"=1004 name=Emily surname=Davis
time=2026-01-17T20:15:33.250+01:00 level=DEBUG msg="Mazanie študenta" "registration number"=1005 name=Chris surname=Wilson
time=2026-01-17T20:15:33.256+01:00 level=DEBUG msg="Mazanie študenta" "registration number"=1006 name=Sarah surname=Moore
time=2026-01-17T20:15:33.262+01:00 level=DEBUG msg="Mazanie študenta" "registration number"=1007 name=Daniel surname=Taylor
time=2026-01-17T20:15:33.269+01:00 level=DEBUG msg="Mazanie študenta" "registration number"=1008 name=Laura surname=Anderson
time=2026-01-17T20:15:33.275+01:00 level=DEBUG msg="Mazanie študenta" "registration number"=1009 name=Robert surname=Thomas
time=2026-01-17T20:15:33.282+01:00 level=DEBUG msg="Mazanie študenta" "registration number"=1010 name=Emma surname=Jackson
time=2026-01-17T20:15:33.296+01:00 level=DEBUG msg="Test vymazaný" "test ID"=18
time=2026-01-17T20:19:01.872+01:00 level=DEBUG msg="Vytváranie testu" test=sss cas=2024/25
time=2026-01-17T20:19:01.887+01:00 level=DEBUG msg="Vytváranie študenta" name=John surname=Doe "registration number"=1001
time=2026-01-17T20:19:01.896+01:00 level=DEBUG msg="Vytváranie študenta" name=Jane surname=Smith "registration number"=1002
time=2026-01-17T20:19:01.903+01:00 level=DEBUG msg="Vytváranie študenta" name=Michael surname=Brown "registration number"=1003
time=2026-01-17T20:19:01.921+01:00 level=DEBUG msg="Vytváranie študenta" name=Emily surname=Davis "registration number"=1004
time=2026-01-17T20:19:01.932+01:00 level=DEBUG msg="Vytváranie študenta" name=Chris surname=Wilson "registration number"=1005
time=2026-01-17T20:19:01.939+01:00 level=DEBUG msg="Vytváranie študenta" name=Sarah surname=Moore "registration number"=1006
time=2026-01-17T20:19:01.948+01:00 level=DEBUG msg="Vytváranie študenta" name=Daniel surname=Taylor "registration number"=1007
time=2026-01-17T20:19:01.957+01:00 level=DEBUG msg="Vytváranie študenta" name=Laura surname=Anderson "registration number"=1008
time=2026-01-17T20:19:01.967+01:00 level=DEBUG msg="Vytváranie študenta" name=Robert surname=Thomas "registration number"=1009
time=2026-01-17T20:19:01.975+01:00 level=DEBUG msg="Vytváranie študenta" name=Emma surname=Jackson "registration number"=1010
time=2026-01-17T20:19:01.982+01:00 level=INFO msg="Import študentov z CSV dokončený" studentCount=10
time=2026-01-17T20:51:01.880+01:00 level=DEBUG msg="Pripájam sa k databáze..."
time=2026-01-17T20:51:01.883+01:00 level=DEBUG msg="Spúšťam migrácie..."
time=2026-01-17T20:51:01.890+01:00 level=INFO msg="Migrácia databázy úspešne dokončená"
